Not Found: /favicon.ico
Not Found: /dashboard/
Internal Server Error: /accounts/login/
Traceback (most recent call last):
  File "/root/anaconda3/lib/python3.13/site-packages/django/core/handlers/exception.py", line 55, in inner
    response = get_response(request)
  File "/root/anaconda3/lib/python3.13/site-packages/django/core/handlers/base.py", line 197, in _get_response
    response = wrapped_callback(request, *callback_args, **callback_kwargs)
  File "/root/.gemini/antigravity/scratch/SYSeducore/apps/accounts/views.py", line 34, in login_view
    return render(request, 'auth/login.html', {'form': form})
  File "/root/anaconda3/lib/python3.13/site-packages/django/shortcuts.py", line 25, in render
    content = loader.render_to_string(template_name, context, request, using=using)
  File "/root/anaconda3/lib/python3.13/site-packages/django/template/loader.py", line 61, in render_to_string
    template = get_template(template_name, using=using)
  File "/root/anaconda3/lib/python3.13/site-packages/django/template/loader.py", line 15, in get_template
    return engine.get_template(template_name)
           ~~~~~~~~~~~~~~~~~~~^^^^^^^^^^^^^^^
  File "/root/anaconda3/lib/python3.13/site-packages/django/template/backends/django.py", line 79, in get_template
    return Template(self.engine.get_template(template_name), self)
                    ~~~~~~~~~~~~~~~~~~~~~~~~^^^^^^^^^^^^^^^
  File "/root/anaconda3/lib/python3.13/site-packages/django/template/engine.py", line 177, in get_template
    template, origin = self.find_template(template_name)
                       ~~~~~~~~~~~~~~~~~~^^^^^^^^^^^^^^^
  File "/root/anaconda3/lib/python3.13/site-packages/django/template/engine.py", line 159, in find_template
    template = loader.get_template(name, skip=skip)
  File "/root/anaconda3/lib/python3.13/site-packages/django/template/loaders/cached.py", line 57, in get_template
    template = super().get_template(template_name, skip)
  File "/root/anaconda3/lib/python3.13/site-packages/django/template/loaders/base.py", line 28, in get_template
    return Template(
        contents,
    ...<2 lines>...
        self.engine,
    )
  File "/root/anaconda3/lib/python3.13/site-packages/django/template/base.py", line 155, in __init__
    self.nodelist = self.compile_nodelist()
                    ~~~~~~~~~~~~~~~~~~~~~^^
  File "/root/anaconda3/lib/python3.13/site-packages/django/template/base.py", line 197, in compile_nodelist
    nodelist = parser.parse()
  File "/root/anaconda3/lib/python3.13/site-packages/django/template/base.py", line 519, in parse
    raise self.error(token, e)
  File "/root/anaconda3/lib/python3.13/site-packages/django/template/base.py", line 517, in parse
    compiled_result = compile_func(self, token)
  File "/root/anaconda3/lib/python3.13/site-packages/django/template/loader_tags.py", line 299, in do_extends
    nodelist = parser.parse()
  File "/root/anaconda3/lib/python3.13/site-packages/django/template/base.py", line 519, in parse
    raise self.error(token, e)
  File "/root/anaconda3/lib/python3.13/site-packages/django/template/base.py", line 517, in parse
    compiled_result = compile_func(self, token)
  File "/root/anaconda3/lib/python3.13/site-packages/django/template/loader_tags.py", line 234, in do_block
    nodelist = parser.parse(("endblock",))
  File "/root/anaconda3/lib/python3.13/site-packages/django/template/base.py", line 524, in parse
    self.unclosed_block_tag(parse_until)
    ~~~~~~~~~~~~~~~~~~~~~~~^^^^^^^^^^^^^
  File "/root/anaconda3/lib/python3.13/site-packages/django/template/base.py", line 591, in unclosed_block_tag
    raise self.error(token, msg)
django.template.exceptions.TemplateSyntaxError: Unclosed tag on line 1: 'block'. Looking for one of: endblock.
Not Found: /dashboard/
Not Found: /dashboard/
Not Found: /dashboard/
Not Found: /dashboard/
Internal Server Error: /accounts/login/
Traceback (most recent call last):
  File "/root/anaconda3/lib/python3.13/site-packages/django/urls/base.py", line 81, in reverse
    extra, resolver = resolver.namespace_dict[ns]
                      ~~~~~~~~~~~~~~~~~~~~~~~^^^^
KeyError: 'dashboard'

During handling of the above exception, another exception occurred:

Traceback (most recent call last):
  File "/root/anaconda3/lib/python3.13/site-packages/django/core/handlers/exception.py", line 55, in inner
    response = get_response(request)
  File "/root/anaconda3/lib/python3.13/site-packages/django/core/handlers/base.py", line 197, in _get_response
    response = wrapped_callback(request, *callback_args, **callback_kwargs)
  File "/root/.gemini/antigravity/scratch/SYSeducore/apps/accounts/views.py", line 26, in login_view
    return redirect('dashboard:home')
  File "/root/anaconda3/lib/python3.13/site-packages/django/shortcuts.py", line 51, in redirect
    resolve_url(to, *args, **kwargs),
    ~~~~~~~~~~~^^^^^^^^^^^^^^^^^^^^^
  File "/root/anaconda3/lib/python3.13/site-packages/django/shortcuts.py", line 184, in resolve_url
    return reverse(to, args=args, kwargs=kwargs)
  File "/root/anaconda3/lib/python3.13/site-packages/django/urls/base.py", line 92, in reverse
    raise NoReverseMatch("%s is not a registered namespace" % key)
django.urls.exceptions.NoReverseMatch: 'dashboard' is not a registered namespace
Forbidden (CSRF cookie not set.): /accounts/login/
Forbidden (CSRF cookie not set.): /accounts/login/
Forbidden (CSRF cookie not set.): /accounts/login/
Invalid HTTP_HOST header: 'testserver'. You may need to add 'testserver' to ALLOWED_HOSTS.
Traceback (most recent call last):
  File "/root/anaconda3/lib/python3.13/site-packages/django/core/handlers/exception.py", line 55, in inner
    response = get_response(request)
  File "/root/anaconda3/lib/python3.13/site-packages/django/utils/deprecation.py", line 119, in __call__
    response = self.process_request(request)
  File "/root/anaconda3/lib/python3.13/site-packages/django/middleware/common.py", line 48, in process_request
    host = request.get_host()
  File "/root/anaconda3/lib/python3.13/site-packages/django/http/request.py", line 202, in get_host
    raise DisallowedHost(msg)
django.core.exceptions.DisallowedHost: Invalid HTTP_HOST header: 'testserver'. You may need to add 'testserver' to ALLOWED_HOSTS.
Invalid HTTP_HOST header: 'testserver'. You may need to add 'testserver' to ALLOWED_HOSTS.
Traceback (most recent call last):
  File "/root/anaconda3/lib/python3.13/site-packages/django/core/handlers/exception.py", line 55, in inner
    response = get_response(request)
  File "/root/anaconda3/lib/python3.13/site-packages/django/utils/deprecation.py", line 119, in __call__
    response = self.process_request(request)
  File "/root/anaconda3/lib/python3.13/site-packages/django/middleware/common.py", line 48, in process_request
    host = request.get_host()
  File "/root/anaconda3/lib/python3.13/site-packages/django/http/request.py", line 202, in get_host
    raise DisallowedHost(msg)
django.core.exceptions.DisallowedHost: Invalid HTTP_HOST header: 'testserver'. You may need to add 'testserver' to ALLOWED_HOSTS.
Invalid HTTP_HOST header: 'testserver'. You may need to add 'testserver' to ALLOWED_HOSTS.
Traceback (most recent call last):
  File "/root/anaconda3/lib/python3.13/site-packages/django/core/handlers/exception.py", line 55, in inner
    response = get_response(request)
  File "/root/anaconda3/lib/python3.13/site-packages/django/utils/deprecation.py", line 119, in __call__
    response = self.process_request(request)
  File "/root/anaconda3/lib/python3.13/site-packages/django/middleware/common.py", line 48, in process_request
    host = request.get_host()
  File "/root/anaconda3/lib/python3.13/site-packages/django/http/request.py", line 202, in get_host
    raise DisallowedHost(msg)
django.core.exceptions.DisallowedHost: Invalid HTTP_HOST header: 'testserver'. You may need to add 'testserver' to ALLOWED_HOSTS.
Invalid HTTP_HOST header: 'testserver'. You may need to add 'testserver' to ALLOWED_HOSTS.
Traceback (most recent call last):
  File "/root/anaconda3/lib/python3.13/site-packages/django/core/handlers/exception.py", line 55, in inner
    response = get_response(request)
  File "/root/anaconda3/lib/python3.13/site-packages/django/utils/deprecation.py", line 119, in __call__
    response = self.process_request(request)
  File "/root/anaconda3/lib/python3.13/site-packages/django/middleware/common.py", line 48, in process_request
    host = request.get_host()
  File "/root/anaconda3/lib/python3.13/site-packages/django/http/request.py", line 202, in get_host
    raise DisallowedHost(msg)
django.core.exceptions.DisallowedHost: Invalid HTTP_HOST header: 'testserver'. You may need to add 'testserver' to ALLOWED_HOSTS.
Forbidden (CSRF cookie not set.): /accounts/login/
Forbidden (CSRF token missing.): /reports/
Internal Server Error: /reports/
Traceback (most recent call last):
  File "/root/anaconda3/lib/python3.13/site-packages/django/core/handlers/exception.py", line 55, in inner
    response = get_response(request)
  File "/root/anaconda3/lib/python3.13/site-packages/django/core/handlers/base.py", line 197, in _get_response
    response = wrapped_callback(request, *callback_args, **callback_kwargs)
  File "/root/anaconda3/lib/python3.13/site-packages/django/contrib/auth/decorators.py", line 59, in _view_wrapper
    return view_func(request, *args, **kwargs)
  File "/root/.gemini/antigravity/scratch/SYSeducore/apps/reports/views.py", line 16, in dashboard
    total_teachers = Student.objects.values('group__teacher').distinct().count()
                     ~~~~~~~~~~~~~~~~~~~~~~^^^^^^^^^^^^^^^^^^
  File "/root/anaconda3/lib/python3.13/site-packages/django/db/models/manager.py", line 87, in manager_method
    return getattr(self.get_queryset(), name)(*args, **kwargs)
           ~~~~~~~~~~~~~~~~~~~~~~~~~~~~~~~~~~^^^^^^^^^^^^^^^^^
  File "/root/anaconda3/lib/python3.13/site-packages/django/db/models/query.py", line 1370, in values
    clone = self._values(*fields, **expressions)
  File "/root/anaconda3/lib/python3.13/site-packages/django/db/models/query.py", line 1365, in _values
    clone.query.set_values(fields)
    ~~~~~~~~~~~~~~~~~~~~~~^^^^^^^^
  File "/root/anaconda3/lib/python3.13/site-packages/django/db/models/sql/query.py", line 2577, in set_values
    self.add_fields(field_names, True)
    ~~~~~~~~~~~~~~~^^^^^^^^^^^^^^^^^^^
  File "/root/anaconda3/lib/python3.13/site-packages/django/db/models/sql/query.py", line 2238, in add_fields
    join_info = self.setup_joins(
        name.split(LOOKUP_SEP), opts, alias, allow_many=allow_m2m
    )
  File "/root/anaconda3/lib/python3.13/site-packages/django/db/models/sql/query.py", line 1901, in setup_joins
    path, final_field, targets, rest = self.names_to_path(
                                       ~~~~~~~~~~~~~~~~~~^
        names[:pivot],
        ^^^^^^^^^^^^^^
    ...<2 lines>...
        fail_on_missing=True,
        ^^^^^^^^^^^^^^^^^^^^^
    )
    ^
  File "/root/anaconda3/lib/python3.13/site-packages/django/db/models/sql/query.py", line 1806, in names_to_path
    raise FieldError(
    ...<2 lines>...
    )
django.core.exceptions.FieldError: Cannot resolve keyword 'group' into field. Choices are: attendances, created_at, full_name, groups, is_active, parent_phone, payments, student_code, student_id, studentgroupenrollment, updated_at
Internal Server Error: /reports/
Traceback (most recent call last):
  File "/root/anaconda3/lib/python3.13/site-packages/django/core/handlers/exception.py", line 55, in inner
    response = get_response(request)
  File "/root/anaconda3/lib/python3.13/site-packages/django/core/handlers/base.py", line 197, in _get_response
    response = wrapped_callback(request, *callback_args, **callback_kwargs)
  File "/root/anaconda3/lib/python3.13/site-packages/django/contrib/auth/decorators.py", line 59, in _view_wrapper
    return view_func(request, *args, **kwargs)
  File "/root/.gemini/antigravity/scratch/SYSeducore/apps/reports/views.py", line 16, in dashboard
    total_teachers = Student.objects.values('group__teacher').distinct().count()
                     ~~~~~~~~~~~~~~~~~~~~~~^^^^^^^^^^^^^^^^^^
  File "/root/anaconda3/lib/python3.13/site-packages/django/db/models/manager.py", line 87, in manager_method
    return getattr(self.get_queryset(), name)(*args, **kwargs)
           ~~~~~~~~~~~~~~~~~~~~~~~~~~~~~~~~~~^^^^^^^^^^^^^^^^^
  File "/root/anaconda3/lib/python3.13/site-packages/django/db/models/query.py", line 1370, in values
    clone = self._values(*fields, **expressions)
  File "/root/anaconda3/lib/python3.13/site-packages/django/db/models/query.py", line 1365, in _values
    clone.query.set_values(fields)
    ~~~~~~~~~~~~~~~~~~~~~~^^^^^^^^
  File "/root/anaconda3/lib/python3.13/site-packages/django/db/models/sql/query.py", line 2577, in set_values
    self.add_fields(field_names, True)
    ~~~~~~~~~~~~~~~^^^^^^^^^^^^^^^^^^^
  File "/root/anaconda3/lib/python3.13/site-packages/django/db/models/sql/query.py", line 2238, in add_fields
    join_info = self.setup_joins(
        name.split(LOOKUP_SEP), opts, alias, allow_many=allow_m2m
    )
  File "/root/anaconda3/lib/python3.13/site-packages/django/db/models/sql/query.py", line 1901, in setup_joins
    path, final_field, targets, rest = self.names_to_path(
                                       ~~~~~~~~~~~~~~~~~~^
        names[:pivot],
        ^^^^^^^^^^^^^^
    ...<2 lines>...
        fail_on_missing=True,
        ^^^^^^^^^^^^^^^^^^^^^
    )
    ^
  File "/root/anaconda3/lib/python3.13/site-packages/django/db/models/sql/query.py", line 1806, in names_to_path
    raise FieldError(
    ...<2 lines>...
    )
django.core.exceptions.FieldError: Cannot resolve keyword 'group' into field. Choices are: attendances, created_at, full_name, groups, is_active, parent_phone, payments, student_code, student_id, studentgroupenrollment, updated_at
Internal Server Error: /reports/
Traceback (most recent call last):
  File "/root/anaconda3/lib/python3.13/site-packages/django/template/base.py", line 511, in parse
    compile_func = self.tags[command]
                   ~~~~~~~~~^^^^^^^^^
KeyError: 'endblock'

During handling of the above exception, another exception occurred:

Traceback (most recent call last):
  File "/root/anaconda3/lib/python3.13/site-packages/django/core/handlers/exception.py", line 55, in inner
    response = get_response(request)
  File "/root/anaconda3/lib/python3.13/site-packages/django/core/handlers/base.py", line 197, in _get_response
    response = wrapped_callback(request, *callback_args, **callback_kwargs)
  File "/root/anaconda3/lib/python3.13/site-packages/django/contrib/auth/decorators.py", line 59, in _view_wrapper
    return view_func(request, *args, **kwargs)
  File "/root/.gemini/antigravity/scratch/SYSeducore/apps/reports/views.py", line 33, in dashboard
    return render(request, 'reports/dashboard.html', context)
  File "/root/anaconda3/lib/python3.13/site-packages/django/shortcuts.py", line 25, in render
    content = loader.render_to_string(template_name, context, request, using=using)
  File "/root/anaconda3/lib/python3.13/site-packages/django/template/loader.py", line 61, in render_to_string
    template = get_template(template_name, using=using)
  File "/root/anaconda3/lib/python3.13/site-packages/django/template/loader.py", line 15, in get_template
    return engine.get_template(template_name)
           ~~~~~~~~~~~~~~~~~~~^^^^^^^^^^^^^^^
  File "/root/anaconda3/lib/python3.13/site-packages/django/template/backends/django.py", line 79, in get_template
    return Template(self.engine.get_template(template_name), self)
                    ~~~~~~~~~~~~~~~~~~~~~~~~^^^^^^^^^^^^^^^
  File "/root/anaconda3/lib/python3.13/site-packages/django/template/engine.py", line 177, in get_template
    template, origin = self.find_template(template_name)
                       ~~~~~~~~~~~~~~~~~~^^^^^^^^^^^^^^^
  File "/root/anaconda3/lib/python3.13/site-packages/django/template/engine.py", line 159, in find_template
    template = loader.get_template(name, skip=skip)
  File "/root/anaconda3/lib/python3.13/site-packages/django/template/loaders/cached.py", line 57, in get_template
    template = super().get_template(template_name, skip)
  File "/root/anaconda3/lib/python3.13/site-packages/django/template/loaders/base.py", line 28, in get_template
    return Template(
        contents,
    ...<2 lines>...
        self.engine,
    )
  File "/root/anaconda3/lib/python3.13/site-packages/django/template/base.py", line 155, in __init__
    self.nodelist = self.compile_nodelist()
                    ~~~~~~~~~~~~~~~~~~~~~^^
  File "/root/anaconda3/lib/python3.13/site-packages/django/template/base.py", line 197, in compile_nodelist
    nodelist = parser.parse()
  File "/root/anaconda3/lib/python3.13/site-packages/django/template/base.py", line 519, in parse
    raise self.error(token, e)
  File "/root/anaconda3/lib/python3.13/site-packages/django/template/base.py", line 517, in parse
    compiled_result = compile_func(self, token)
  File "/root/anaconda3/lib/python3.13/site-packages/django/template/loader_tags.py", line 299, in do_extends
    nodelist = parser.parse()
  File "/root/anaconda3/lib/python3.13/site-packages/django/template/base.py", line 513, in parse
    self.invalid_block_tag(token, command, parse_until)
    ~~~~~~~~~~~~~~~~~~~~~~^^^^^^^^^^^^^^^^^^^^^^^^^^^^^
  File "/root/anaconda3/lib/python3.13/site-packages/django/template/base.py", line 578, in invalid_block_tag
    raise self.error(
    ...<3 lines>...
    )
django.template.exceptions.TemplateSyntaxError: Invalid block tag on line 83: 'endblock'. Did you forget to register or load this tag?
Forbidden (CSRF token missing.): /reports/
Forbidden (CSRF token missing.): /reports/
Not Found: /favicon.ico
Forbidden (CSRF cookie not set.): /accounts/login/
Internal Server Error: /students/
Traceback (most recent call last):
  File "/root/anaconda3/lib/python3.13/site-packages/django/core/handlers/exception.py", line 55, in inner
    response = get_response(request)
  File "/root/anaconda3/lib/python3.13/site-packages/django/core/handlers/base.py", line 197, in _get_response
    response = wrapped_callback(request, *callback_args, **callback_kwargs)
  File "/root/anaconda3/lib/python3.13/site-packages/django/contrib/auth/decorators.py", line 59, in _view_wrapper
    return view_func(request, *args, **kwargs)
  File "/root/.gemini/antigravity/scratch/SYSeducore/apps/students/views.py", line 15, in student_list
    return render(request, 'students/list.html', {'students': students})
  File "/root/anaconda3/lib/python3.13/site-packages/django/shortcuts.py", line 25, in render
    content = loader.render_to_string(template_name, context, request, using=using)
  File "/root/anaconda3/lib/python3.13/site-packages/django/template/loader.py", line 62, in render_to_string
    return template.render(context, request)
           ~~~~~~~~~~~~~~~^^^^^^^^^^^^^^^^^^
  File "/root/anaconda3/lib/python3.13/site-packages/django/template/backends/django.py", line 107, in render
    return self.template.render(context)
           ~~~~~~~~~~~~~~~~~~~~^^^^^^^^^
  File "/root/anaconda3/lib/python3.13/site-packages/django/template/base.py", line 172, in render
    return self._render(context)
           ~~~~~~~~~~~~^^^^^^^^^
  File "/root/anaconda3/lib/python3.13/site-packages/django/template/base.py", line 164, in _render
    return self.nodelist.render(context)
           ~~~~~~~~~~~~~~~~~~~~^^^^^^^^^
  File "/root/anaconda3/lib/python3.13/site-packages/django/template/base.py", line 1018, in render
    return SafeString("".join([node.render_annotated(context) for node in self]))
                               ~~~~~~~~~~~~~~~~~~~~~^^^^^^^^^
  File "/root/anaconda3/lib/python3.13/site-packages/django/template/base.py", line 979, in render_annotated
    return self.render(context)
           ~~~~~~~~~~~^^^^^^^^^
  File "/root/anaconda3/lib/python3.13/site-packages/django/template/loader_tags.py", line 159, in render
    return compiled_parent._render(context)
           ~~~~~~~~~~~~~~~~~~~~~~~^^^^^^^^^
  File "/root/anaconda3/lib/python3.13/site-packages/django/template/base.py", line 164, in _render
    return self.nodelist.render(context)
           ~~~~~~~~~~~~~~~~~~~~^^^^^^^^^
  File "/root/anaconda3/lib/python3.13/site-packages/django/template/base.py", line 1018, in render
    return SafeString("".join([node.render_annotated(context) for node in self]))
                               ~~~~~~~~~~~~~~~~~~~~~^^^^^^^^^
  File "/root/anaconda3/lib/python3.13/site-packages/django/template/base.py", line 979, in render_annotated
    return self.render(context)
           ~~~~~~~~~~~^^^^^^^^^
  File "/root/anaconda3/lib/python3.13/site-packages/django/template/loader_tags.py", line 65, in render
    result = block.nodelist.render(context)
  File "/root/anaconda3/lib/python3.13/site-packages/django/template/base.py", line 1018, in render
    return SafeString("".join([node.render_annotated(context) for node in self]))
                               ~~~~~~~~~~~~~~~~~~~~~^^^^^^^^^
  File "/root/anaconda3/lib/python3.13/site-packages/django/template/base.py", line 979, in render_annotated
    return self.render(context)
           ~~~~~~~~~~~^^^^^^^^^
  File "/root/anaconda3/lib/python3.13/site-packages/django/template/defaulttags.py", line 199, in render
    len_values = len(values)
  File "/root/anaconda3/lib/python3.13/site-packages/django/db/models/query.py", line 368, in __len__
    self._fetch_all()
    ~~~~~~~~~~~~~~~^^
  File "/root/anaconda3/lib/python3.13/site-packages/django/db/models/query.py", line 1954, in _fetch_all
    self._result_cache = list(self._iterable_class(self))
                         ~~~~^^^^^^^^^^^^^^^^^^^^^^^^^^^^
  File "/root/anaconda3/lib/python3.13/site-packages/django/db/models/query.py", line 93, in __iter__
    results = compiler.execute_sql(
        chunked_fetch=self.chunked_fetch, chunk_size=self.chunk_size
    )
  File "/root/anaconda3/lib/python3.13/site-packages/django/db/models/sql/compiler.py", line 1610, in execute_sql
    sql, params = self.as_sql()
                  ~~~~~~~~~~~^^
  File "/root/anaconda3/lib/python3.13/site-packages/django/db/models/sql/compiler.py", line 766, in as_sql
    extra_select, order_by, group_by = self.pre_sql_setup(
                                       ~~~~~~~~~~~~~~~~~~^
        with_col_aliases=with_col_aliases or bool(combinator),
        ^^^^^^^^^^^^^^^^^^^^^^^^^^^^^^^^^^^^^^^^^^^^^^^^^^^^^^
    )
    ^
  File "/root/anaconda3/lib/python3.13/site-packages/django/db/models/sql/compiler.py", line 85, in pre_sql_setup
    self.setup_query(with_col_aliases=with_col_aliases)
    ~~~~~~~~~~~~~~~~^^^^^^^^^^^^^^^^^^^^^^^^^^^^^^^^^^^
  File "/root/anaconda3/lib/python3.13/site-packages/django/db/models/sql/compiler.py", line 74, in setup_query
    self.select, self.klass_info, self.annotation_col_map = self.get_select(
                                                            ~~~~~~~~~~~~~~~^
        with_col_aliases=with_col_aliases,
        ^^^^^^^^^^^^^^^^^^^^^^^^^^^^^^^^^^
    )
    ^
  File "/root/anaconda3/lib/python3.13/site-packages/django/db/models/sql/compiler.py", line 299, in get_select
    related_klass_infos = self.get_related_selections(select, select_mask)
  File "/root/anaconda3/lib/python3.13/site-packages/django/db/models/sql/compiler.py", line 1396, in get_related_selections
    raise FieldError(
    ...<6 lines>...
    )
django.core.exceptions.FieldError: Invalid field name(s) given in select_related: 'group'. Choices are: (none)
Internal Server Error: /teachers/
Traceback (most recent call last):
  File "/root/anaconda3/lib/python3.13/site-packages/django/core/handlers/exception.py", line 55, in inner
    response = get_response(request)
  File "/root/anaconda3/lib/python3.13/site-packages/django/core/handlers/base.py", line 197, in _get_response
    response = wrapped_callback(request, *callback_args, **callback_kwargs)
  File "/root/anaconda3/lib/python3.13/site-packages/django/contrib/auth/decorators.py", line 59, in _view_wrapper
    return view_func(request, *args, **kwargs)
  File "/root/.gemini/antigravity/scratch/SYSeducore/apps/teachers/views.py", line 12, in teacher_list
    return render(request, 'teachers/list.html', {'teachers': teachers})
  File "/root/anaconda3/lib/python3.13/site-packages/django/shortcuts.py", line 25, in render
    content = loader.render_to_string(template_name, context, request, using=using)
  File "/root/anaconda3/lib/python3.13/site-packages/django/template/loader.py", line 61, in render_to_string
    template = get_template(template_name, using=using)
  File "/root/anaconda3/lib/python3.13/site-packages/django/template/loader.py", line 19, in get_template
    raise TemplateDoesNotExist(template_name, chain=chain)
django.template.exceptions.TemplateDoesNotExist: teachers/list.html
Internal Server Error: /reports/attendance/
Traceback (most recent call last):
  File "/root/anaconda3/lib/python3.13/site-packages/django/db/backends/utils.py", line 105, in _execute
    return self.cursor.execute(sql, params)
           ~~~~~~~~~~~~~~~~~~~^^^^^^^^^^^^^
psycopg2.errors.UndefinedColumn: column groups.room_id does not exist
LINE 1: ...d", "groups"."group_name", "groups"."teacher_id", "groups"."...
                                                             ^
HINT:  Perhaps you meant to reference the column "groups.group_id".


The above exception was the direct cause of the following exception:

Traceback (most recent call last):
  File "/root/anaconda3/lib/python3.13/site-packages/django/core/handlers/exception.py", line 55, in inner
    response = get_response(request)
  File "/root/anaconda3/lib/python3.13/site-packages/django/core/handlers/base.py", line 197, in _get_response
    response = wrapped_callback(request, *callback_args, **callback_kwargs)
  File "/root/anaconda3/lib/python3.13/site-packages/django/contrib/auth/decorators.py", line 59, in _view_wrapper
    return view_func(request, *args, **kwargs)
  File "/root/.gemini/antigravity/scratch/SYSeducore/apps/reports/views.py", line 45, in attendance_report
    return render(request, 'reports/attendance.html', {
        'attendances': attendances
    })
  File "/root/anaconda3/lib/python3.13/site-packages/django/shortcuts.py", line 25, in render
    content = loader.render_to_string(template_name, context, request, using=using)
  File "/root/anaconda3/lib/python3.13/site-packages/django/template/loader.py", line 62, in render_to_string
    return template.render(context, request)
           ~~~~~~~~~~~~~~~^^^^^^^^^^^^^^^^^^
  File "/root/anaconda3/lib/python3.13/site-packages/django/template/backends/django.py", line 107, in render
    return self.template.render(context)
           ~~~~~~~~~~~~~~~~~~~~^^^^^^^^^
  File "/root/anaconda3/lib/python3.13/site-packages/django/template/base.py", line 172, in render
    return self._render(context)
           ~~~~~~~~~~~~^^^^^^^^^
  File "/root/anaconda3/lib/python3.13/site-packages/django/template/base.py", line 164, in _render
    return self.nodelist.render(context)
           ~~~~~~~~~~~~~~~~~~~~^^^^^^^^^
  File "/root/anaconda3/lib/python3.13/site-packages/django/template/base.py", line 1018, in render
    return SafeString("".join([node.render_annotated(context) for node in self]))
                               ~~~~~~~~~~~~~~~~~~~~~^^^^^^^^^
  File "/root/anaconda3/lib/python3.13/site-packages/django/template/base.py", line 979, in render_annotated
    return self.render(context)
           ~~~~~~~~~~~^^^^^^^^^
  File "/root/anaconda3/lib/python3.13/site-packages/django/template/loader_tags.py", line 159, in render
    return compiled_parent._render(context)
           ~~~~~~~~~~~~~~~~~~~~~~~^^^^^^^^^
  File "/root/anaconda3/lib/python3.13/site-packages/django/template/base.py", line 164, in _render
    return self.nodelist.render(context)
           ~~~~~~~~~~~~~~~~~~~~^^^^^^^^^
  File "/root/anaconda3/lib/python3.13/site-packages/django/template/base.py", line 1018, in render
    return SafeString("".join([node.render_annotated(context) for node in self]))
                               ~~~~~~~~~~~~~~~~~~~~~^^^^^^^^^
  File "/root/anaconda3/lib/python3.13/site-packages/django/template/base.py", line 979, in render_annotated
    return self.render(context)
           ~~~~~~~~~~~^^^^^^^^^
  File "/root/anaconda3/lib/python3.13/site-packages/django/template/loader_tags.py", line 65, in render
    result = block.nodelist.render(context)
  File "/root/anaconda3/lib/python3.13/site-packages/django/template/base.py", line 1018, in render
    return SafeString("".join([node.render_annotated(context) for node in self]))
                               ~~~~~~~~~~~~~~~~~~~~~^^^^^^^^^
  File "/root/anaconda3/lib/python3.13/site-packages/django/template/base.py", line 979, in render_annotated
    return self.render(context)
           ~~~~~~~~~~~^^^^^^^^^
  File "/root/anaconda3/lib/python3.13/site-packages/django/template/defaulttags.py", line 199, in render
    len_values = len(values)
  File "/root/anaconda3/lib/python3.13/site-packages/django/db/models/query.py", line 368, in __len__
    self._fetch_all()
    ~~~~~~~~~~~~~~~^^
  File "/root/anaconda3/lib/python3.13/site-packages/django/db/models/query.py", line 1954, in _fetch_all
    self._result_cache = list(self._iterable_class(self))
                         ~~~~^^^^^^^^^^^^^^^^^^^^^^^^^^^^
  File "/root/anaconda3/lib/python3.13/site-packages/django/db/models/query.py", line 93, in __iter__
    results = compiler.execute_sql(
        chunked_fetch=self.chunked_fetch, chunk_size=self.chunk_size
    )
  File "/root/anaconda3/lib/python3.13/site-packages/django/db/models/sql/compiler.py", line 1623, in execute_sql
    cursor.execute(sql, params)
    ~~~~~~~~~~~~~~^^^^^^^^^^^^^
  File "/root/anaconda3/lib/python3.13/site-packages/django/db/backends/utils.py", line 79, in execute
    return self._execute_with_wrappers(
           ~~~~~~~~~~~~~~~~~~~~~~~~~~~^
        sql, params, many=False, executor=self._execute
        ^^^^^^^^^^^^^^^^^^^^^^^^^^^^^^^^^^^^^^^^^^^^^^^
    )
    ^
  File "/root/anaconda3/lib/python3.13/site-packages/django/db/backends/utils.py", line 92, in _execute_with_wrappers
    return executor(sql, params, many, context)
  File "/root/anaconda3/lib/python3.13/site-packages/django/db/backends/utils.py", line 100, in _execute
    with self.db.wrap_database_errors:
         ^^^^^^^^^^^^^^^^^^^^^^^^^^^^
  File "/root/anaconda3/lib/python3.13/site-packages/django/db/utils.py", line 91, in __exit__
    raise dj_exc_value.with_traceback(traceback) from exc_value
  File "/root/anaconda3/lib/python3.13/site-packages/django/db/backends/utils.py", line 105, in _execute
    return self.cursor.execute(sql, params)
           ~~~~~~~~~~~~~~~~~~~^^^^^^^^^^^^^
django.db.utils.ProgrammingError: column groups.room_id does not exist
LINE 1: ...d", "groups"."group_name", "groups"."teacher_id", "groups"."...
                                                             ^
HINT:  Perhaps you meant to reference the column "groups.group_id".

Internal Server Error: /students/
Traceback (most recent call last):
  File "/root/anaconda3/lib/python3.13/site-packages/django/core/handlers/exception.py", line 55, in inner
    response = get_response(request)
  File "/root/anaconda3/lib/python3.13/site-packages/django/core/handlers/base.py", line 197, in _get_response
    response = wrapped_callback(request, *callback_args, **callback_kwargs)
  File "/root/anaconda3/lib/python3.13/site-packages/django/contrib/auth/decorators.py", line 59, in _view_wrapper
    return view_func(request, *args, **kwargs)
  File "/root/.gemini/antigravity/scratch/SYSeducore/apps/students/views.py", line 15, in student_list
    return render(request, 'students/list.html', {'students': students})
  File "/root/anaconda3/lib/python3.13/site-packages/django/shortcuts.py", line 25, in render
    content = loader.render_to_string(template_name, context, request, using=using)
  File "/root/anaconda3/lib/python3.13/site-packages/django/template/loader.py", line 62, in render_to_string
    return template.render(context, request)
           ~~~~~~~~~~~~~~~^^^^^^^^^^^^^^^^^^
  File "/root/anaconda3/lib/python3.13/site-packages/django/template/backends/django.py", line 107, in render
    return self.template.render(context)
           ~~~~~~~~~~~~~~~~~~~~^^^^^^^^^
  File "/root/anaconda3/lib/python3.13/site-packages/django/template/base.py", line 172, in render
    return self._render(context)
           ~~~~~~~~~~~~^^^^^^^^^
  File "/root/anaconda3/lib/python3.13/site-packages/django/template/base.py", line 164, in _render
    return self.nodelist.render(context)
           ~~~~~~~~~~~~~~~~~~~~^^^^^^^^^
  File "/root/anaconda3/lib/python3.13/site-packages/django/template/base.py", line 1018, in render
    return SafeString("".join([node.render_annotated(context) for node in self]))
                               ~~~~~~~~~~~~~~~~~~~~~^^^^^^^^^
  File "/root/anaconda3/lib/python3.13/site-packages/django/template/base.py", line 979, in render_annotated
    return self.render(context)
           ~~~~~~~~~~~^^^^^^^^^
  File "/root/anaconda3/lib/python3.13/site-packages/django/template/loader_tags.py", line 159, in render
    return compiled_parent._render(context)
           ~~~~~~~~~~~~~~~~~~~~~~~^^^^^^^^^
  File "/root/anaconda3/lib/python3.13/site-packages/django/template/base.py", line 164, in _render
    return self.nodelist.render(context)
           ~~~~~~~~~~~~~~~~~~~~^^^^^^^^^
  File "/root/anaconda3/lib/python3.13/site-packages/django/template/base.py", line 1018, in render
    return SafeString("".join([node.render_annotated(context) for node in self]))
                               ~~~~~~~~~~~~~~~~~~~~~^^^^^^^^^
  File "/root/anaconda3/lib/python3.13/site-packages/django/template/base.py", line 979, in render_annotated
    return self.render(context)
           ~~~~~~~~~~~^^^^^^^^^
  File "/root/anaconda3/lib/python3.13/site-packages/django/template/loader_tags.py", line 65, in render
    result = block.nodelist.render(context)
  File "/root/anaconda3/lib/python3.13/site-packages/django/template/base.py", line 1018, in render
    return SafeString("".join([node.render_annotated(context) for node in self]))
                               ~~~~~~~~~~~~~~~~~~~~~^^^^^^^^^
  File "/root/anaconda3/lib/python3.13/site-packages/django/template/base.py", line 979, in render_annotated
    return self.render(context)
           ~~~~~~~~~~~^^^^^^^^^
  File "/root/anaconda3/lib/python3.13/site-packages/django/template/defaulttags.py", line 199, in render
    len_values = len(values)
  File "/root/anaconda3/lib/python3.13/site-packages/django/db/models/query.py", line 368, in __len__
    self._fetch_all()
    ~~~~~~~~~~~~~~~^^
  File "/root/anaconda3/lib/python3.13/site-packages/django/db/models/query.py", line 1954, in _fetch_all
    self._result_cache = list(self._iterable_class(self))
                         ~~~~^^^^^^^^^^^^^^^^^^^^^^^^^^^^
  File "/root/anaconda3/lib/python3.13/site-packages/django/db/models/query.py", line 93, in __iter__
    results = compiler.execute_sql(
        chunked_fetch=self.chunked_fetch, chunk_size=self.chunk_size
    )
  File "/root/anaconda3/lib/python3.13/site-packages/django/db/models/sql/compiler.py", line 1610, in execute_sql
    sql, params = self.as_sql()
                  ~~~~~~~~~~~^^
  File "/root/anaconda3/lib/python3.13/site-packages/django/db/models/sql/compiler.py", line 766, in as_sql
    extra_select, order_by, group_by = self.pre_sql_setup(
                                       ~~~~~~~~~~~~~~~~~~^
        with_col_aliases=with_col_aliases or bool(combinator),
        ^^^^^^^^^^^^^^^^^^^^^^^^^^^^^^^^^^^^^^^^^^^^^^^^^^^^^^
    )
    ^
  File "/root/anaconda3/lib/python3.13/site-packages/django/db/models/sql/compiler.py", line 85, in pre_sql_setup
    self.setup_query(with_col_aliases=with_col_aliases)
    ~~~~~~~~~~~~~~~~^^^^^^^^^^^^^^^^^^^^^^^^^^^^^^^^^^^
  File "/root/anaconda3/lib/python3.13/site-packages/django/db/models/sql/compiler.py", line 74, in setup_query
    self.select, self.klass_info, self.annotation_col_map = self.get_select(
                                                            ~~~~~~~~~~~~~~~^
        with_col_aliases=with_col_aliases,
        ^^^^^^^^^^^^^^^^^^^^^^^^^^^^^^^^^^
    )
    ^
  File "/root/anaconda3/lib/python3.13/site-packages/django/db/models/sql/compiler.py", line 299, in get_select
    related_klass_infos = self.get_related_selections(select, select_mask)
  File "/root/anaconda3/lib/python3.13/site-packages/django/db/models/sql/compiler.py", line 1396, in get_related_selections
    raise FieldError(
    ...<6 lines>...
    )
django.core.exceptions.FieldError: Invalid field name(s) given in select_related: 'group'. Choices are: (none)
Internal Server Error: /payments/
Traceback (most recent call last):
  File "/root/anaconda3/lib/python3.13/site-packages/django/core/handlers/exception.py", line 55, in inner
    response = get_response(request)
  File "/root/anaconda3/lib/python3.13/site-packages/django/core/handlers/base.py", line 197, in _get_response
    response = wrapped_callback(request, *callback_args, **callback_kwargs)
  File "/root/anaconda3/lib/python3.13/site-packages/django/contrib/auth/decorators.py", line 59, in _view_wrapper
    return view_func(request, *args, **kwargs)
  File "/root/.gemini/antigravity/scratch/SYSeducore/apps/payments/views.py", line 17, in payment_list
    return render(request, 'payments/list.html', {'payments': payments})
  File "/root/anaconda3/lib/python3.13/site-packages/django/shortcuts.py", line 25, in render
    content = loader.render_to_string(template_name, context, request, using=using)
  File "/root/anaconda3/lib/python3.13/site-packages/django/template/loader.py", line 62, in render_to_string
    return template.render(context, request)
           ~~~~~~~~~~~~~~~^^^^^^^^^^^^^^^^^^
  File "/root/anaconda3/lib/python3.13/site-packages/django/template/backends/django.py", line 107, in render
    return self.template.render(context)
           ~~~~~~~~~~~~~~~~~~~~^^^^^^^^^
  File "/root/anaconda3/lib/python3.13/site-packages/django/template/base.py", line 172, in render
    return self._render(context)
           ~~~~~~~~~~~~^^^^^^^^^
  File "/root/anaconda3/lib/python3.13/site-packages/django/template/base.py", line 164, in _render
    return self.nodelist.render(context)
           ~~~~~~~~~~~~~~~~~~~~^^^^^^^^^
  File "/root/anaconda3/lib/python3.13/site-packages/django/template/base.py", line 1018, in render
    return SafeString("".join([node.render_annotated(context) for node in self]))
                               ~~~~~~~~~~~~~~~~~~~~~^^^^^^^^^
  File "/root/anaconda3/lib/python3.13/site-packages/django/template/base.py", line 979, in render_annotated
    return self.render(context)
           ~~~~~~~~~~~^^^^^^^^^
  File "/root/anaconda3/lib/python3.13/site-packages/django/template/loader_tags.py", line 159, in render
    return compiled_parent._render(context)
           ~~~~~~~~~~~~~~~~~~~~~~~^^^^^^^^^
  File "/root/anaconda3/lib/python3.13/site-packages/django/template/base.py", line 164, in _render
    return self.nodelist.render(context)
           ~~~~~~~~~~~~~~~~~~~~^^^^^^^^^
  File "/root/anaconda3/lib/python3.13/site-packages/django/template/base.py", line 1018, in render
    return SafeString("".join([node.render_annotated(context) for node in self]))
                               ~~~~~~~~~~~~~~~~~~~~~^^^^^^^^^
  File "/root/anaconda3/lib/python3.13/site-packages/django/template/base.py", line 979, in render_annotated
    return self.render(context)
           ~~~~~~~~~~~^^^^^^^^^
  File "/root/anaconda3/lib/python3.13/site-packages/django/template/loader_tags.py", line 65, in render
    result = block.nodelist.render(context)
  File "/root/anaconda3/lib/python3.13/site-packages/django/template/base.py", line 1018, in render
    return SafeString("".join([node.render_annotated(context) for node in self]))
                               ~~~~~~~~~~~~~~~~~~~~~^^^^^^^^^
  File "/root/anaconda3/lib/python3.13/site-packages/django/template/base.py", line 979, in render_annotated
    return self.render(context)
           ~~~~~~~~~~~^^^^^^^^^
  File "/root/anaconda3/lib/python3.13/site-packages/django/template/defaulttags.py", line 199, in render
    len_values = len(values)
  File "/root/anaconda3/lib/python3.13/site-packages/django/db/models/query.py", line 368, in __len__
    self._fetch_all()
    ~~~~~~~~~~~~~~~^^
  File "/root/anaconda3/lib/python3.13/site-packages/django/db/models/query.py", line 1954, in _fetch_all
    self._result_cache = list(self._iterable_class(self))
                         ~~~~^^^^^^^^^^^^^^^^^^^^^^^^^^^^
  File "/root/anaconda3/lib/python3.13/site-packages/django/db/models/query.py", line 93, in __iter__
    results = compiler.execute_sql(
        chunked_fetch=self.chunked_fetch, chunk_size=self.chunk_size
    )
  File "/root/anaconda3/lib/python3.13/site-packages/django/db/models/sql/compiler.py", line 1610, in execute_sql
    sql, params = self.as_sql()
                  ~~~~~~~~~~~^^
  File "/root/anaconda3/lib/python3.13/site-packages/django/db/models/sql/compiler.py", line 766, in as_sql
    extra_select, order_by, group_by = self.pre_sql_setup(
                                       ~~~~~~~~~~~~~~~~~~^
        with_col_aliases=with_col_aliases or bool(combinator),
        ^^^^^^^^^^^^^^^^^^^^^^^^^^^^^^^^^^^^^^^^^^^^^^^^^^^^^^
    )
    ^
  File "/root/anaconda3/lib/python3.13/site-packages/django/db/models/sql/compiler.py", line 85, in pre_sql_setup
    self.setup_query(with_col_aliases=with_col_aliases)
    ~~~~~~~~~~~~~~~~^^^^^^^^^^^^^^^^^^^^^^^^^^^^^^^^^^^
  File "/root/anaconda3/lib/python3.13/site-packages/django/db/models/sql/compiler.py", line 74, in setup_query
    self.select, self.klass_info, self.annotation_col_map = self.get_select(
                                                            ~~~~~~~~~~~~~~~^
        with_col_aliases=with_col_aliases,
        ^^^^^^^^^^^^^^^^^^^^^^^^^^^^^^^^^^
    )
    ^
  File "/root/anaconda3/lib/python3.13/site-packages/django/db/models/sql/compiler.py", line 299, in get_select
    related_klass_infos = self.get_related_selections(select, select_mask)
  File "/root/anaconda3/lib/python3.13/site-packages/django/db/models/sql/compiler.py", line 1265, in get_related_selections
    next_klass_infos = self.get_related_selections(
        select,
    ...<5 lines>...
        restricted,
    )
  File "/root/anaconda3/lib/python3.13/site-packages/django/db/models/sql/compiler.py", line 1396, in get_related_selections
    raise FieldError(
    ...<6 lines>...
    )
django.core.exceptions.FieldError: Invalid field name(s) given in select_related: 'group'. Choices are: (none)
Internal Server Error: /students/
Traceback (most recent call last):
  File "/root/anaconda3/lib/python3.13/site-packages/django/core/handlers/exception.py", line 55, in inner
    response = get_response(request)
  File "/root/anaconda3/lib/python3.13/site-packages/django/core/handlers/base.py", line 197, in _get_response
    response = wrapped_callback(request, *callback_args, **callback_kwargs)
  File "/root/anaconda3/lib/python3.13/site-packages/django/contrib/auth/decorators.py", line 59, in _view_wrapper
    return view_func(request, *args, **kwargs)
  File "/root/.gemini/antigravity/scratch/SYSeducore/apps/students/views.py", line 15, in student_list
    return render(request, 'students/list.html', {'students': students})
  File "/root/anaconda3/lib/python3.13/site-packages/django/shortcuts.py", line 25, in render
    content = loader.render_to_string(template_name, context, request, using=using)
  File "/root/anaconda3/lib/python3.13/site-packages/django/template/loader.py", line 62, in render_to_string
    return template.render(context, request)
           ~~~~~~~~~~~~~~~^^^^^^^^^^^^^^^^^^
  File "/root/anaconda3/lib/python3.13/site-packages/django/template/backends/django.py", line 107, in render
    return self.template.render(context)
           ~~~~~~~~~~~~~~~~~~~~^^^^^^^^^
  File "/root/anaconda3/lib/python3.13/site-packages/django/template/base.py", line 172, in render
    return self._render(context)
           ~~~~~~~~~~~~^^^^^^^^^
  File "/root/anaconda3/lib/python3.13/site-packages/django/template/base.py", line 164, in _render
    return self.nodelist.render(context)
           ~~~~~~~~~~~~~~~~~~~~^^^^^^^^^
  File "/root/anaconda3/lib/python3.13/site-packages/django/template/base.py", line 1018, in render
    return SafeString("".join([node.render_annotated(context) for node in self]))
                               ~~~~~~~~~~~~~~~~~~~~~^^^^^^^^^
  File "/root/anaconda3/lib/python3.13/site-packages/django/template/base.py", line 979, in render_annotated
    return self.render(context)
           ~~~~~~~~~~~^^^^^^^^^
  File "/root/anaconda3/lib/python3.13/site-packages/django/template/loader_tags.py", line 159, in render
    return compiled_parent._render(context)
           ~~~~~~~~~~~~~~~~~~~~~~~^^^^^^^^^
  File "/root/anaconda3/lib/python3.13/site-packages/django/template/base.py", line 164, in _render
    return self.nodelist.render(context)
           ~~~~~~~~~~~~~~~~~~~~^^^^^^^^^
  File "/root/anaconda3/lib/python3.13/site-packages/django/template/base.py", line 1018, in render
    return SafeString("".join([node.render_annotated(context) for node in self]))
                               ~~~~~~~~~~~~~~~~~~~~~^^^^^^^^^
  File "/root/anaconda3/lib/python3.13/site-packages/django/template/base.py", line 979, in render_annotated
    return self.render(context)
           ~~~~~~~~~~~^^^^^^^^^
  File "/root/anaconda3/lib/python3.13/site-packages/django/template/loader_tags.py", line 65, in render
    result = block.nodelist.render(context)
  File "/root/anaconda3/lib/python3.13/site-packages/django/template/base.py", line 1018, in render
    return SafeString("".join([node.render_annotated(context) for node in self]))
                               ~~~~~~~~~~~~~~~~~~~~~^^^^^^^^^
  File "/root/anaconda3/lib/python3.13/site-packages/django/template/base.py", line 979, in render_annotated
    return self.render(context)
           ~~~~~~~~~~~^^^^^^^^^
  File "/root/anaconda3/lib/python3.13/site-packages/django/template/defaulttags.py", line 199, in render
    len_values = len(values)
  File "/root/anaconda3/lib/python3.13/site-packages/django/db/models/query.py", line 368, in __len__
    self._fetch_all()
    ~~~~~~~~~~~~~~~^^
  File "/root/anaconda3/lib/python3.13/site-packages/django/db/models/query.py", line 1954, in _fetch_all
    self._result_cache = list(self._iterable_class(self))
                         ~~~~^^^^^^^^^^^^^^^^^^^^^^^^^^^^
  File "/root/anaconda3/lib/python3.13/site-packages/django/db/models/query.py", line 93, in __iter__
    results = compiler.execute_sql(
        chunked_fetch=self.chunked_fetch, chunk_size=self.chunk_size
    )
  File "/root/anaconda3/lib/python3.13/site-packages/django/db/models/sql/compiler.py", line 1610, in execute_sql
    sql, params = self.as_sql()
                  ~~~~~~~~~~~^^
  File "/root/anaconda3/lib/python3.13/site-packages/django/db/models/sql/compiler.py", line 766, in as_sql
    extra_select, order_by, group_by = self.pre_sql_setup(
                                       ~~~~~~~~~~~~~~~~~~^
        with_col_aliases=with_col_aliases or bool(combinator),
        ^^^^^^^^^^^^^^^^^^^^^^^^^^^^^^^^^^^^^^^^^^^^^^^^^^^^^^
    )
    ^
  File "/root/anaconda3/lib/python3.13/site-packages/django/db/models/sql/compiler.py", line 85, in pre_sql_setup
    self.setup_query(with_col_aliases=with_col_aliases)
    ~~~~~~~~~~~~~~~~^^^^^^^^^^^^^^^^^^^^^^^^^^^^^^^^^^^
  File "/root/anaconda3/lib/python3.13/site-packages/django/db/models/sql/compiler.py", line 74, in setup_query
    self.select, self.klass_info, self.annotation_col_map = self.get_select(
                                                            ~~~~~~~~~~~~~~~^
        with_col_aliases=with_col_aliases,
        ^^^^^^^^^^^^^^^^^^^^^^^^^^^^^^^^^^
    )
    ^
  File "/root/anaconda3/lib/python3.13/site-packages/django/db/models/sql/compiler.py", line 299, in get_select
    related_klass_infos = self.get_related_selections(select, select_mask)
  File "/root/anaconda3/lib/python3.13/site-packages/django/db/models/sql/compiler.py", line 1396, in get_related_selections
    raise FieldError(
    ...<6 lines>...
    )
django.core.exceptions.FieldError: Invalid field name(s) given in select_related: 'group'. Choices are: (none)
Internal Server Error: /reports/attendance/
Traceback (most recent call last):
  File "/root/anaconda3/lib/python3.13/site-packages/django/db/backends/utils.py", line 105, in _execute
    return self.cursor.execute(sql, params)
           ~~~~~~~~~~~~~~~~~~~^^^^^^^^^^^^^
psycopg2.errors.UndefinedColumn: column groups.room_id does not exist
LINE 1: ...d", "groups"."group_name", "groups"."teacher_id", "groups"."...
                                                             ^
HINT:  Perhaps you meant to reference the column "groups.group_id".


The above exception was the direct cause of the following exception:

Traceback (most recent call last):
  File "/root/anaconda3/lib/python3.13/site-packages/django/core/handlers/exception.py", line 55, in inner
    response = get_response(request)
  File "/root/anaconda3/lib/python3.13/site-packages/django/core/handlers/base.py", line 197, in _get_response
    response = wrapped_callback(request, *callback_args, **callback_kwargs)
  File "/root/anaconda3/lib/python3.13/site-packages/django/contrib/auth/decorators.py", line 59, in _view_wrapper
    return view_func(request, *args, **kwargs)
  File "/root/.gemini/antigravity/scratch/SYSeducore/apps/reports/views.py", line 45, in attendance_report
    return render(request, 'reports/attendance.html', {
        'attendances': attendances
    })
  File "/root/anaconda3/lib/python3.13/site-packages/django/shortcuts.py", line 25, in render
    content = loader.render_to_string(template_name, context, request, using=using)
  File "/root/anaconda3/lib/python3.13/site-packages/django/template/loader.py", line 62, in render_to_string
    return template.render(context, request)
           ~~~~~~~~~~~~~~~^^^^^^^^^^^^^^^^^^
  File "/root/anaconda3/lib/python3.13/site-packages/django/template/backends/django.py", line 107, in render
    return self.template.render(context)
           ~~~~~~~~~~~~~~~~~~~~^^^^^^^^^
  File "/root/anaconda3/lib/python3.13/site-packages/django/template/base.py", line 172, in render
    return self._render(context)
           ~~~~~~~~~~~~^^^^^^^^^
  File "/root/anaconda3/lib/python3.13/site-packages/django/template/base.py", line 164, in _render
    return self.nodelist.render(context)
           ~~~~~~~~~~~~~~~~~~~~^^^^^^^^^
  File "/root/anaconda3/lib/python3.13/site-packages/django/template/base.py", line 1018, in render
    return SafeString("".join([node.render_annotated(context) for node in self]))
                               ~~~~~~~~~~~~~~~~~~~~~^^^^^^^^^
  File "/root/anaconda3/lib/python3.13/site-packages/django/template/base.py", line 979, in render_annotated
    return self.render(context)
           ~~~~~~~~~~~^^^^^^^^^
  File "/root/anaconda3/lib/python3.13/site-packages/django/template/loader_tags.py", line 159, in render
    return compiled_parent._render(context)
           ~~~~~~~~~~~~~~~~~~~~~~~^^^^^^^^^
  File "/root/anaconda3/lib/python3.13/site-packages/django/template/base.py", line 164, in _render
    return self.nodelist.render(context)
           ~~~~~~~~~~~~~~~~~~~~^^^^^^^^^
  File "/root/anaconda3/lib/python3.13/site-packages/django/template/base.py", line 1018, in render
    return SafeString("".join([node.render_annotated(context) for node in self]))
                               ~~~~~~~~~~~~~~~~~~~~~^^^^^^^^^
  File "/root/anaconda3/lib/python3.13/site-packages/django/template/base.py", line 979, in render_annotated
    return self.render(context)
           ~~~~~~~~~~~^^^^^^^^^
  File "/root/anaconda3/lib/python3.13/site-packages/django/template/loader_tags.py", line 65, in render
    result = block.nodelist.render(context)
  File "/root/anaconda3/lib/python3.13/site-packages/django/template/base.py", line 1018, in render
    return SafeString("".join([node.render_annotated(context) for node in self]))
                               ~~~~~~~~~~~~~~~~~~~~~^^^^^^^^^
  File "/root/anaconda3/lib/python3.13/site-packages/django/template/base.py", line 979, in render_annotated
    return self.render(context)
           ~~~~~~~~~~~^^^^^^^^^
  File "/root/anaconda3/lib/python3.13/site-packages/django/template/defaulttags.py", line 199, in render
    len_values = len(values)
  File "/root/anaconda3/lib/python3.13/site-packages/django/db/models/query.py", line 368, in __len__
    self._fetch_all()
    ~~~~~~~~~~~~~~~^^
  File "/root/anaconda3/lib/python3.13/site-packages/django/db/models/query.py", line 1954, in _fetch_all
    self._result_cache = list(self._iterable_class(self))
                         ~~~~^^^^^^^^^^^^^^^^^^^^^^^^^^^^
  File "/root/anaconda3/lib/python3.13/site-packages/django/db/models/query.py", line 93, in __iter__
    results = compiler.execute_sql(
        chunked_fetch=self.chunked_fetch, chunk_size=self.chunk_size
    )
  File "/root/anaconda3/lib/python3.13/site-packages/django/db/models/sql/compiler.py", line 1623, in execute_sql
    cursor.execute(sql, params)
    ~~~~~~~~~~~~~~^^^^^^^^^^^^^
  File "/root/anaconda3/lib/python3.13/site-packages/django/db/backends/utils.py", line 79, in execute
    return self._execute_with_wrappers(
           ~~~~~~~~~~~~~~~~~~~~~~~~~~~^
        sql, params, many=False, executor=self._execute
        ^^^^^^^^^^^^^^^^^^^^^^^^^^^^^^^^^^^^^^^^^^^^^^^
    )
    ^
  File "/root/anaconda3/lib/python3.13/site-packages/django/db/backends/utils.py", line 92, in _execute_with_wrappers
    return executor(sql, params, many, context)
  File "/root/anaconda3/lib/python3.13/site-packages/django/db/backends/utils.py", line 100, in _execute
    with self.db.wrap_database_errors:
         ^^^^^^^^^^^^^^^^^^^^^^^^^^^^
  File "/root/anaconda3/lib/python3.13/site-packages/django/db/utils.py", line 91, in __exit__
    raise dj_exc_value.with_traceback(traceback) from exc_value
  File "/root/anaconda3/lib/python3.13/site-packages/django/db/backends/utils.py", line 105, in _execute
    return self.cursor.execute(sql, params)
           ~~~~~~~~~~~~~~~~~~~^^^^^^^^^^^^^
django.db.utils.ProgrammingError: column groups.room_id does not exist
LINE 1: ...d", "groups"."group_name", "groups"."teacher_id", "groups"."...
                                                             ^
HINT:  Perhaps you meant to reference the column "groups.group_id".

Internal Server Error: /reports/payments/
Traceback (most recent call last):
  File "/root/anaconda3/lib/python3.13/site-packages/django/db/backends/utils.py", line 105, in _execute
    return self.cursor.execute(sql, params)
           ~~~~~~~~~~~~~~~~~~~^^^^^^^^^^^^^
psycopg2.errors.UndefinedColumn: column payments.group_id does not exist
LINE 1: ..."payments"."payment_id", "payments"."student_id", "payments"...
                                                             ^


The above exception was the direct cause of the following exception:

Traceback (most recent call last):
  File "/root/anaconda3/lib/python3.13/site-packages/django/core/handlers/exception.py", line 55, in inner
    response = get_response(request)
  File "/root/anaconda3/lib/python3.13/site-packages/django/core/handlers/base.py", line 197, in _get_response
    response = wrapped_callback(request, *callback_args, **callback_kwargs)
  File "/root/anaconda3/lib/python3.13/site-packages/django/contrib/auth/decorators.py", line 59, in _view_wrapper
    return view_func(request, *args, **kwargs)
  File "/root/.gemini/antigravity/scratch/SYSeducore/apps/reports/views.py", line 57, in payment_report
    return render(request, 'reports/payments.html', {
        'payments': payments
    })
  File "/root/anaconda3/lib/python3.13/site-packages/django/shortcuts.py", line 25, in render
    content = loader.render_to_string(template_name, context, request, using=using)
  File "/root/anaconda3/lib/python3.13/site-packages/django/template/loader.py", line 62, in render_to_string
    return template.render(context, request)
           ~~~~~~~~~~~~~~~^^^^^^^^^^^^^^^^^^
  File "/root/anaconda3/lib/python3.13/site-packages/django/template/backends/django.py", line 107, in render
    return self.template.render(context)
           ~~~~~~~~~~~~~~~~~~~~^^^^^^^^^
  File "/root/anaconda3/lib/python3.13/site-packages/django/template/base.py", line 172, in render
    return self._render(context)
           ~~~~~~~~~~~~^^^^^^^^^
  File "/root/anaconda3/lib/python3.13/site-packages/django/template/base.py", line 164, in _render
    return self.nodelist.render(context)
           ~~~~~~~~~~~~~~~~~~~~^^^^^^^^^
  File "/root/anaconda3/lib/python3.13/site-packages/django/template/base.py", line 1018, in render
    return SafeString("".join([node.render_annotated(context) for node in self]))
                               ~~~~~~~~~~~~~~~~~~~~~^^^^^^^^^
  File "/root/anaconda3/lib/python3.13/site-packages/django/template/base.py", line 979, in render_annotated
    return self.render(context)
           ~~~~~~~~~~~^^^^^^^^^
  File "/root/anaconda3/lib/python3.13/site-packages/django/template/loader_tags.py", line 159, in render
    return compiled_parent._render(context)
           ~~~~~~~~~~~~~~~~~~~~~~~^^^^^^^^^
  File "/root/anaconda3/lib/python3.13/site-packages/django/template/base.py", line 164, in _render
    return self.nodelist.render(context)
           ~~~~~~~~~~~~~~~~~~~~^^^^^^^^^
  File "/root/anaconda3/lib/python3.13/site-packages/django/template/base.py", line 1018, in render
    return SafeString("".join([node.render_annotated(context) for node in self]))
                               ~~~~~~~~~~~~~~~~~~~~~^^^^^^^^^
  File "/root/anaconda3/lib/python3.13/site-packages/django/template/base.py", line 979, in render_annotated
    return self.render(context)
           ~~~~~~~~~~~^^^^^^^^^
  File "/root/anaconda3/lib/python3.13/site-packages/django/template/loader_tags.py", line 65, in render
    result = block.nodelist.render(context)
  File "/root/anaconda3/lib/python3.13/site-packages/django/template/base.py", line 1018, in render
    return SafeString("".join([node.render_annotated(context) for node in self]))
                               ~~~~~~~~~~~~~~~~~~~~~^^^^^^^^^
  File "/root/anaconda3/lib/python3.13/site-packages/django/template/base.py", line 979, in render_annotated
    return self.render(context)
           ~~~~~~~~~~~^^^^^^^^^
  File "/root/anaconda3/lib/python3.13/site-packages/django/template/defaulttags.py", line 199, in render
    len_values = len(values)
  File "/root/anaconda3/lib/python3.13/site-packages/django/db/models/query.py", line 368, in __len__
    self._fetch_all()
    ~~~~~~~~~~~~~~~^^
  File "/root/anaconda3/lib/python3.13/site-packages/django/db/models/query.py", line 1954, in _fetch_all
    self._result_cache = list(self._iterable_class(self))
                         ~~~~^^^^^^^^^^^^^^^^^^^^^^^^^^^^
  File "/root/anaconda3/lib/python3.13/site-packages/django/db/models/query.py", line 93, in __iter__
    results = compiler.execute_sql(
        chunked_fetch=self.chunked_fetch, chunk_size=self.chunk_size
    )
  File "/root/anaconda3/lib/python3.13/site-packages/django/db/models/sql/compiler.py", line 1623, in execute_sql
    cursor.execute(sql, params)
    ~~~~~~~~~~~~~~^^^^^^^^^^^^^
  File "/root/anaconda3/lib/python3.13/site-packages/django/db/backends/utils.py", line 79, in execute
    return self._execute_with_wrappers(
           ~~~~~~~~~~~~~~~~~~~~~~~~~~~^
        sql, params, many=False, executor=self._execute
        ^^^^^^^^^^^^^^^^^^^^^^^^^^^^^^^^^^^^^^^^^^^^^^^
    )
    ^
  File "/root/anaconda3/lib/python3.13/site-packages/django/db/backends/utils.py", line 92, in _execute_with_wrappers
    return executor(sql, params, many, context)
  File "/root/anaconda3/lib/python3.13/site-packages/django/db/backends/utils.py", line 100, in _execute
    with self.db.wrap_database_errors:
         ^^^^^^^^^^^^^^^^^^^^^^^^^^^^
  File "/root/anaconda3/lib/python3.13/site-packages/django/db/utils.py", line 91, in __exit__
    raise dj_exc_value.with_traceback(traceback) from exc_value
  File "/root/anaconda3/lib/python3.13/site-packages/django/db/backends/utils.py", line 105, in _execute
    return self.cursor.execute(sql, params)
           ~~~~~~~~~~~~~~~~~~~^^^^^^^^^^^^^
django.db.utils.ProgrammingError: column payments.group_id does not exist
LINE 1: ..."payments"."payment_id", "payments"."student_id", "payments"...
                                                             ^

Not Found: /favicon.ico
Not Found: /favicon.ico
Internal Server Error: /reports/attendance/
Traceback (most recent call last):
  File "/root/anaconda3/lib/python3.13/site-packages/django/db/backends/utils.py", line 105, in _execute
    return self.cursor.execute(sql, params)
           ~~~~~~~~~~~~~~~~~~~^^^^^^^^^^^^^
psycopg2.errors.UndefinedColumn: column groups.room_id does not exist
LINE 1: ...d", "groups"."group_name", "groups"."teacher_id", "groups"."...
                                                             ^
HINT:  Perhaps you meant to reference the column "groups.group_id".


The above exception was the direct cause of the following exception:

Traceback (most recent call last):
  File "/root/anaconda3/lib/python3.13/site-packages/django/core/handlers/exception.py", line 55, in inner
    response = get_response(request)
  File "/root/anaconda3/lib/python3.13/site-packages/django/core/handlers/base.py", line 197, in _get_response
    response = wrapped_callback(request, *callback_args, **callback_kwargs)
  File "/root/anaconda3/lib/python3.13/site-packages/django/contrib/auth/decorators.py", line 59, in _view_wrapper
    return view_func(request, *args, **kwargs)
  File "/root/.gemini/antigravity/scratch/SYSeducore/apps/reports/views.py", line 45, in attendance_report
    return render(request, 'reports/attendance.html', {
        'attendances': attendances
    })
  File "/root/anaconda3/lib/python3.13/site-packages/django/shortcuts.py", line 25, in render
    content = loader.render_to_string(template_name, context, request, using=using)
  File "/root/anaconda3/lib/python3.13/site-packages/django/template/loader.py", line 62, in render_to_string
    return template.render(context, request)
           ~~~~~~~~~~~~~~~^^^^^^^^^^^^^^^^^^
  File "/root/anaconda3/lib/python3.13/site-packages/django/template/backends/django.py", line 107, in render
    return self.template.render(context)
           ~~~~~~~~~~~~~~~~~~~~^^^^^^^^^
  File "/root/anaconda3/lib/python3.13/site-packages/django/template/base.py", line 172, in render
    return self._render(context)
           ~~~~~~~~~~~~^^^^^^^^^
  File "/root/anaconda3/lib/python3.13/site-packages/django/template/base.py", line 164, in _render
    return self.nodelist.render(context)
           ~~~~~~~~~~~~~~~~~~~~^^^^^^^^^
  File "/root/anaconda3/lib/python3.13/site-packages/django/template/base.py", line 1018, in render
    return SafeString("".join([node.render_annotated(context) for node in self]))
                               ~~~~~~~~~~~~~~~~~~~~~^^^^^^^^^
  File "/root/anaconda3/lib/python3.13/site-packages/django/template/base.py", line 979, in render_annotated
    return self.render(context)
           ~~~~~~~~~~~^^^^^^^^^
  File "/root/anaconda3/lib/python3.13/site-packages/django/template/loader_tags.py", line 159, in render
    return compiled_parent._render(context)
           ~~~~~~~~~~~~~~~~~~~~~~~^^^^^^^^^
  File "/root/anaconda3/lib/python3.13/site-packages/django/template/base.py", line 164, in _render
    return self.nodelist.render(context)
           ~~~~~~~~~~~~~~~~~~~~^^^^^^^^^
  File "/root/anaconda3/lib/python3.13/site-packages/django/template/base.py", line 1018, in render
    return SafeString("".join([node.render_annotated(context) for node in self]))
                               ~~~~~~~~~~~~~~~~~~~~~^^^^^^^^^
  File "/root/anaconda3/lib/python3.13/site-packages/django/template/base.py", line 979, in render_annotated
    return self.render(context)
           ~~~~~~~~~~~^^^^^^^^^
  File "/root/anaconda3/lib/python3.13/site-packages/django/template/loader_tags.py", line 65, in render
    result = block.nodelist.render(context)
  File "/root/anaconda3/lib/python3.13/site-packages/django/template/base.py", line 1018, in render
    return SafeString("".join([node.render_annotated(context) for node in self]))
                               ~~~~~~~~~~~~~~~~~~~~~^^^^^^^^^
  File "/root/anaconda3/lib/python3.13/site-packages/django/template/base.py", line 979, in render_annotated
    return self.render(context)
           ~~~~~~~~~~~^^^^^^^^^
  File "/root/anaconda3/lib/python3.13/site-packages/django/template/defaulttags.py", line 199, in render
    len_values = len(values)
  File "/root/anaconda3/lib/python3.13/site-packages/django/db/models/query.py", line 368, in __len__
    self._fetch_all()
    ~~~~~~~~~~~~~~~^^
  File "/root/anaconda3/lib/python3.13/site-packages/django/db/models/query.py", line 1954, in _fetch_all
    self._result_cache = list(self._iterable_class(self))
                         ~~~~^^^^^^^^^^^^^^^^^^^^^^^^^^^^
  File "/root/anaconda3/lib/python3.13/site-packages/django/db/models/query.py", line 93, in __iter__
    results = compiler.execute_sql(
        chunked_fetch=self.chunked_fetch, chunk_size=self.chunk_size
    )
  File "/root/anaconda3/lib/python3.13/site-packages/django/db/models/sql/compiler.py", line 1623, in execute_sql
    cursor.execute(sql, params)
    ~~~~~~~~~~~~~~^^^^^^^^^^^^^
  File "/root/anaconda3/lib/python3.13/site-packages/django/db/backends/utils.py", line 79, in execute
    return self._execute_with_wrappers(
           ~~~~~~~~~~~~~~~~~~~~~~~~~~~^
        sql, params, many=False, executor=self._execute
        ^^^^^^^^^^^^^^^^^^^^^^^^^^^^^^^^^^^^^^^^^^^^^^^
    )
    ^
  File "/root/anaconda3/lib/python3.13/site-packages/django/db/backends/utils.py", line 92, in _execute_with_wrappers
    return executor(sql, params, many, context)
  File "/root/anaconda3/lib/python3.13/site-packages/django/db/backends/utils.py", line 100, in _execute
    with self.db.wrap_database_errors:
         ^^^^^^^^^^^^^^^^^^^^^^^^^^^^
  File "/root/anaconda3/lib/python3.13/site-packages/django/db/utils.py", line 91, in __exit__
    raise dj_exc_value.with_traceback(traceback) from exc_value
  File "/root/anaconda3/lib/python3.13/site-packages/django/db/backends/utils.py", line 105, in _execute
    return self.cursor.execute(sql, params)
           ~~~~~~~~~~~~~~~~~~~^^^^^^^^^^^^^
django.db.utils.ProgrammingError: column groups.room_id does not exist
LINE 1: ...d", "groups"."group_name", "groups"."teacher_id", "groups"."...
                                                             ^
HINT:  Perhaps you meant to reference the column "groups.group_id".

Internal Server Error: /reports/attendance/
Traceback (most recent call last):
  File "/root/anaconda3/lib/python3.13/site-packages/django/db/backends/utils.py", line 105, in _execute
    return self.cursor.execute(sql, params)
           ~~~~~~~~~~~~~~~~~~~^^^^^^^^^^^^^
psycopg2.errors.UndefinedColumn: column groups.room_id does not exist
LINE 1: ...d", "groups"."group_name", "groups"."teacher_id", "groups"."...
                                                             ^
HINT:  Perhaps you meant to reference the column "groups.group_id".


The above exception was the direct cause of the following exception:

Traceback (most recent call last):
  File "/root/anaconda3/lib/python3.13/site-packages/django/core/handlers/exception.py", line 55, in inner
    response = get_response(request)
  File "/root/anaconda3/lib/python3.13/site-packages/django/core/handlers/base.py", line 197, in _get_response
    response = wrapped_callback(request, *callback_args, **callback_kwargs)
  File "/root/anaconda3/lib/python3.13/site-packages/django/contrib/auth/decorators.py", line 59, in _view_wrapper
    return view_func(request, *args, **kwargs)
  File "/root/.gemini/antigravity/scratch/SYSeducore/apps/reports/views.py", line 45, in attendance_report
    return render(request, 'reports/attendance.html', {
        'attendances': attendances
    })
  File "/root/anaconda3/lib/python3.13/site-packages/django/shortcuts.py", line 25, in render
    content = loader.render_to_string(template_name, context, request, using=using)
  File "/root/anaconda3/lib/python3.13/site-packages/django/template/loader.py", line 62, in render_to_string
    return template.render(context, request)
           ~~~~~~~~~~~~~~~^^^^^^^^^^^^^^^^^^
  File "/root/anaconda3/lib/python3.13/site-packages/django/template/backends/django.py", line 107, in render
    return self.template.render(context)
           ~~~~~~~~~~~~~~~~~~~~^^^^^^^^^
  File "/root/anaconda3/lib/python3.13/site-packages/django/template/base.py", line 172, in render
    return self._render(context)
           ~~~~~~~~~~~~^^^^^^^^^
  File "/root/anaconda3/lib/python3.13/site-packages/django/template/base.py", line 164, in _render
    return self.nodelist.render(context)
           ~~~~~~~~~~~~~~~~~~~~^^^^^^^^^
  File "/root/anaconda3/lib/python3.13/site-packages/django/template/base.py", line 1018, in render
    return SafeString("".join([node.render_annotated(context) for node in self]))
                               ~~~~~~~~~~~~~~~~~~~~~^^^^^^^^^
  File "/root/anaconda3/lib/python3.13/site-packages/django/template/base.py", line 979, in render_annotated
    return self.render(context)
           ~~~~~~~~~~~^^^^^^^^^
  File "/root/anaconda3/lib/python3.13/site-packages/django/template/loader_tags.py", line 159, in render
    return compiled_parent._render(context)
           ~~~~~~~~~~~~~~~~~~~~~~~^^^^^^^^^
  File "/root/anaconda3/lib/python3.13/site-packages/django/template/base.py", line 164, in _render
    return self.nodelist.render(context)
           ~~~~~~~~~~~~~~~~~~~~^^^^^^^^^
  File "/root/anaconda3/lib/python3.13/site-packages/django/template/base.py", line 1018, in render
    return SafeString("".join([node.render_annotated(context) for node in self]))
                               ~~~~~~~~~~~~~~~~~~~~~^^^^^^^^^
  File "/root/anaconda3/lib/python3.13/site-packages/django/template/base.py", line 979, in render_annotated
    return self.render(context)
           ~~~~~~~~~~~^^^^^^^^^
  File "/root/anaconda3/lib/python3.13/site-packages/django/template/loader_tags.py", line 65, in render
    result = block.nodelist.render(context)
  File "/root/anaconda3/lib/python3.13/site-packages/django/template/base.py", line 1018, in render
    return SafeString("".join([node.render_annotated(context) for node in self]))
                               ~~~~~~~~~~~~~~~~~~~~~^^^^^^^^^
  File "/root/anaconda3/lib/python3.13/site-packages/django/template/base.py", line 979, in render_annotated
    return self.render(context)
           ~~~~~~~~~~~^^^^^^^^^
  File "/root/anaconda3/lib/python3.13/site-packages/django/template/defaulttags.py", line 199, in render
    len_values = len(values)
  File "/root/anaconda3/lib/python3.13/site-packages/django/db/models/query.py", line 368, in __len__
    self._fetch_all()
    ~~~~~~~~~~~~~~~^^
  File "/root/anaconda3/lib/python3.13/site-packages/django/db/models/query.py", line 1954, in _fetch_all
    self._result_cache = list(self._iterable_class(self))
                         ~~~~^^^^^^^^^^^^^^^^^^^^^^^^^^^^
  File "/root/anaconda3/lib/python3.13/site-packages/django/db/models/query.py", line 93, in __iter__
    results = compiler.execute_sql(
        chunked_fetch=self.chunked_fetch, chunk_size=self.chunk_size
    )
  File "/root/anaconda3/lib/python3.13/site-packages/django/db/models/sql/compiler.py", line 1623, in execute_sql
    cursor.execute(sql, params)
    ~~~~~~~~~~~~~~^^^^^^^^^^^^^
  File "/root/anaconda3/lib/python3.13/site-packages/django/db/backends/utils.py", line 79, in execute
    return self._execute_with_wrappers(
           ~~~~~~~~~~~~~~~~~~~~~~~~~~~^
        sql, params, many=False, executor=self._execute
        ^^^^^^^^^^^^^^^^^^^^^^^^^^^^^^^^^^^^^^^^^^^^^^^
    )
    ^
  File "/root/anaconda3/lib/python3.13/site-packages/django/db/backends/utils.py", line 92, in _execute_with_wrappers
    return executor(sql, params, many, context)
  File "/root/anaconda3/lib/python3.13/site-packages/django/db/backends/utils.py", line 100, in _execute
    with self.db.wrap_database_errors:
         ^^^^^^^^^^^^^^^^^^^^^^^^^^^^
  File "/root/anaconda3/lib/python3.13/site-packages/django/db/utils.py", line 91, in __exit__
    raise dj_exc_value.with_traceback(traceback) from exc_value
  File "/root/anaconda3/lib/python3.13/site-packages/django/db/backends/utils.py", line 105, in _execute
    return self.cursor.execute(sql, params)
           ~~~~~~~~~~~~~~~~~~~^^^^^^^^^^^^^
django.db.utils.ProgrammingError: column groups.room_id does not exist
LINE 1: ...d", "groups"."group_name", "groups"."teacher_id", "groups"."...
                                                             ^
HINT:  Perhaps you meant to reference the column "groups.group_id".

Watching for file changes with StatReloader
"GET / HTTP/1.1" 302 0
"GET /reports/ HTTP/1.1" 302 0
"GET /accounts/login/?next=/reports/ HTTP/1.1" 200 5796
Not Found: /favicon.ico
"GET /favicon.ico HTTP/1.1" 404 4060
Internal Server Error: /accounts/login/
Traceback (most recent call last):
  File "/Users/hamdy/Desktop/Work Code/My Project Code/SYSeducore/.venv/lib/python3.14/site-packages/django_redis/cache.py", line 29, in _decorator
    return method(self, *args, **kwargs)
  File "/Users/hamdy/Desktop/Work Code/My Project Code/SYSeducore/.venv/lib/python3.14/site-packages/django_redis/cache.py", line 138, in has_key
    return self.client.has_key(*args, **kwargs)
           ~~~~~~~~~~~~~~~~~~~^^^^^^^^^^^^^^^^^
  File "/Users/hamdy/Desktop/Work Code/My Project Code/SYSeducore/.venv/lib/python3.14/site-packages/django_redis/client/default.py", line 740, in has_key
    raise ConnectionInterrupted(connection=client) from e
django_redis.exceptions.ConnectionInterrupted: Redis ConnectionError: Error 61 connecting to localhost:6379. Connection refused.

During handling of the above exception, another exception occurred:

Traceback (most recent call last):
  File "/Users/hamdy/Desktop/Work Code/My Project Code/SYSeducore/.venv/lib/python3.14/site-packages/django/core/handlers/exception.py", line 55, in inner
    response = get_response(request)
  File "/Users/hamdy/Desktop/Work Code/My Project Code/SYSeducore/.venv/lib/python3.14/site-packages/django/core/handlers/base.py", line 197, in _get_response
    response = wrapped_callback(request, *callback_args, **callback_kwargs)
  File "/Users/hamdy/Desktop/Work Code/My Project Code/SYSeducore/apps/accounts/views.py", line 24, in login_view
    login(request, user)
    ~~~~~^^^^^^^^^^^^^^^
  File "/Users/hamdy/Desktop/Work Code/My Project Code/SYSeducore/.venv/lib/python3.14/site-packages/django/contrib/auth/__init__.py", line 187, in login
    request.session.cycle_key()
    ~~~~~~~~~~~~~~~~~~~~~~~~~^^
  File "/Users/hamdy/Desktop/Work Code/My Project Code/SYSeducore/.venv/lib/python3.14/site-packages/django/contrib/sessions/backends/base.py", line 432, in cycle_key
    self.create()
    ~~~~~~~~~~~^^
  File "/Users/hamdy/Desktop/Work Code/My Project Code/SYSeducore/.venv/lib/python3.14/site-packages/django/contrib/sessions/backends/cache.py", line 55, in create
    self._session_key = self._get_new_session_key()
                        ~~~~~~~~~~~~~~~~~~~~~~~~~^^
  File "/Users/hamdy/Desktop/Work Code/My Project Code/SYSeducore/.venv/lib/python3.14/site-packages/django/contrib/sessions/backends/base.py", line 196, in _get_new_session_key
    if not self.exists(session_key):
           ~~~~~~~~~~~^^^^^^^^^^^^^
  File "/Users/hamdy/Desktop/Work Code/My Project Code/SYSeducore/.venv/lib/python3.14/site-packages/django/contrib/sessions/backends/cache.py", line 117, in exists
    bool(session_key) and (self.cache_key_prefix + session_key) in self._cache
                          ^^^^^^^^^^^^^^^^^^^^^^^^^^^^^^^^^^^^^^^^^^^^^^^^^^^^
  File "/Users/hamdy/Desktop/Work Code/My Project Code/SYSeducore/.venv/lib/python3.14/site-packages/django/core/cache/backends/base.py", line 301, in __contains__
    return self.has_key(key)
           ~~~~~~~~~~~~^^^^^
  File "/Users/hamdy/Desktop/Work Code/My Project Code/SYSeducore/.venv/lib/python3.14/site-packages/django_redis/cache.py", line 36, in _decorator
    raise e.__cause__  # noqa: B904
    ^^^^^^^^^^^^^^^^^
  File "/Users/hamdy/Desktop/Work Code/My Project Code/SYSeducore/.venv/lib/python3.14/site-packages/django_redis/client/default.py", line 738, in has_key
    return client.exists(key) == 1
           ~~~~~~~~~~~~~^^^^^
  File "/Users/hamdy/Desktop/Work Code/My Project Code/SYSeducore/.venv/lib/python3.14/site-packages/redis/commands/core.py", line 1804, in exists
    return self.execute_command("EXISTS", *names, keys=names)
           ~~~~~~~~~~~~~~~~~~~~^^^^^^^^^^^^^^^^^^^^^^^^^^^^^^
  File "/Users/hamdy/Desktop/Work Code/My Project Code/SYSeducore/.venv/lib/python3.14/site-packages/redis/client.py", line 657, in execute_command
    return self._execute_command(*args, **options)
           ~~~~~~~~~~~~~~~~~~~~~^^^^^^^^^^^^^^^^^^
  File "/Users/hamdy/Desktop/Work Code/My Project Code/SYSeducore/.venv/lib/python3.14/site-packages/redis/client.py", line 663, in _execute_command
    conn = self.connection or pool.get_connection()
                              ~~~~~~~~~~~~~~~~~~~^^
  File "/Users/hamdy/Desktop/Work Code/My Project Code/SYSeducore/.venv/lib/python3.14/site-packages/redis/utils.py", line 196, in wrapper
    return func(*args, **kwargs)
  File "/Users/hamdy/Desktop/Work Code/My Project Code/SYSeducore/.venv/lib/python3.14/site-packages/redis/connection.py", line 2603, in get_connection
    connection.connect()
    ~~~~~~~~~~~~~~~~~~^^
  File "/Users/hamdy/Desktop/Work Code/My Project Code/SYSeducore/.venv/lib/python3.14/site-packages/redis/connection.py", line 846, in connect
    self.connect_check_health(check_health=True)
    ~~~~~~~~~~~~~~~~~~~~~~~~~^^^^^^^^^^^^^^^^^^^
  File "/Users/hamdy/Desktop/Work Code/My Project Code/SYSeducore/.venv/lib/python3.14/site-packages/redis/connection.py", line 863, in connect_check_health
    raise ConnectionError(self._error_message(e))
redis.exceptions.ConnectionError: Error 61 connecting to localhost:6379. Connection refused.
"POST /accounts/login/ HTTP/1.1" 500 147119
"GET /admin/ HTTP/1.1" 302 0
"GET /admin/login/?next=/admin/ HTTP/1.1" 200 4457
"GET /static/admin/css/dark_mode.css HTTP/1.1" 200 2808
"GET /static/admin/css/login.css HTTP/1.1" 200 951
"GET /static/admin/css/responsive.css HTTP/1.1" 200 16565
"GET /static/admin/css/rtl.css HTTP/1.1" 200 4772
"GET /static/admin/css/nav_sidebar.css HTTP/1.1" 200 2810
"GET /static/admin/js/theme.js HTTP/1.1" 200 1653
"GET /static/admin/css/responsive_rtl.css HTTP/1.1" 200 1991
"GET /static/admin/css/base.css HTTP/1.1" 200 22120
"GET /static/admin/js/nav_sidebar.js HTTP/1.1" 200 3063
/Users/hamdy/Desktop/Work Code/My Project Code/SYSeducore/config/settings.py changed, reloading.
Watching for file changes with StatReloader
Watching for file changes with StatReloader
Watching for file changes with StatReloader
"POST /accounts/login/ HTTP/1.1" 302 0
"GET /reports/ HTTP/1.1" 200 17994
"GET /attendance/scanner/ HTTP/1.1" 200 22318
"GET /students/ HTTP/1.1" 200 12786
"GET /students/ HTTP/1.1" 200 12786
"GET /attendance/scanner/ HTTP/1.1" 200 22318
"GET /reports/ HTTP/1.1" 200 17729
"GET /reports/ HTTP/1.1" 200 17729
"GET /reports/ HTTP/1.1" 200 17729
"GET /reports/ HTTP/1.1" 200 17729
"GET /reports/ HTTP/1.1" 200 17729
"GET /teachers/ HTTP/1.1" 200 13483
"GET /students/ HTTP/1.1" 200 12786
"GET /reports/payments/ HTTP/1.1" 200 13309
"GET /reports/attendance/ HTTP/1.1" 200 12686
"GET /payments/ HTTP/1.1" 200 12760
"GET /students/ HTTP/1.1" 200 12786
"GET /reports/ HTTP/1.1" 200 17729
"GET /reports/ HTTP/1.1" 200 17731
"GET /students/ HTTP/1.1" 200 68501
"GET /attendance/scanner/ HTTP/1.1" 200 22318
"POST /attendance/api/process-code/ HTTP/1.1" 200 188
/Users/hamdy/Desktop/Work Code/My Project Code/SYSeducore/apps/attendance/api_views.py changed, reloading.
Watching for file changes with StatReloader
/Users/hamdy/Desktop/Work Code/My Project Code/SYSeducore/apps/payments/api_views.py changed, reloading.
Watching for file changes with StatReloader
/Users/hamdy/Desktop/Work Code/My Project Code/SYSeducore/apps/payments/services.py changed, reloading.
Watching for file changes with StatReloader
Watching for file changes with StatReloader
Watching for file changes with StatReloader
"GET / HTTP/1.1" 302 0
"GET / HTTP/1.1" 302 0
"GET /reports/ HTTP/1.1" 302 0
"GET /accounts/login/?next=/reports/ HTTP/1.1" 200 5796
Not Found: /favicon.ico
"GET /favicon.ico HTTP/1.1" 404 4060
"POST /accounts/login/ HTTP/1.1" 302 0
"GET /reports/ HTTP/1.1" 200 27835
"GET /attendance/scanner/ HTTP/1.1" 200 22318
"GET /students/ HTTP/1.1" 200 68501
"GET /attendance/scanner/ HTTP/1.1" 200 22318
"GET / HTTP/1.1" 302 0
/Users/hamdy/Desktop/Work Code/My Project Code/SYSeducore/apps/attendance/views.py changed, reloading.
Watching for file changes with StatReloader
/Users/hamdy/Desktop/Work Code/My Project Code/SYSeducore/apps/attendance/urls.py changed, reloading.
Watching for file changes with StatReloader
"GET /attendance/scanner/ HTTP/1.1" 302 0
"GET /attendance/scanner/ HTTP/1.1" 200 57293
"GET /attendance/api/today-stats/ HTTP/1.1" 200 72
Internal Server Error: /attendance/api/today-sessions/
"GET /attendance/api/today-sessions/ HTTP/1.1" 500 79
/Users/hamdy/Desktop/Work Code/My Project Code/SYSeducore/apps/attendance/services.py changed, reloading.
Watching for file changes with StatReloader
/Users/hamdy/Desktop/Work Code/My Project Code/SYSeducore/apps/attendance/views.py changed, reloading.
Watching for file changes with StatReloader
/Users/hamdy/Desktop/Work Code/My Project Code/SYSeducore/apps/attendance/views.py changed, reloading.
Watching for file changes with StatReloader
/Users/hamdy/Desktop/Work Code/My Project Code/SYSeducore/apps/attendance/views.py changed, reloading.
Watching for file changes with StatReloader
/Users/hamdy/Desktop/Work Code/My Project Code/SYSeducore/apps/payments/services.py changed, reloading.
Watching for file changes with StatReloader
"GET /reports/ HTTP/1.1" 200 27570
Watching for file changes with StatReloader
"GET /attendance/scanner/ HTTP/1.1" 302 0
/Users/hamdy/Desktop/Work Code/My Project Code/SYSeducore/apps/teachers/urls.py changed, reloading.
Watching for file changes with StatReloader
/Users/hamdy/Desktop/Work Code/My Project Code/SYSeducore/apps/teachers/views.py changed, reloading.
Watching for file changes with StatReloader
Watching for file changes with StatReloader
"GET /reports/payments/ HTTP/1.1" 200 372707
"GET /reports/payments/ HTTP/1.1" 200 372707
"GET /teachers/rooms/ HTTP/1.1" 200 45818
"GET /teachers/api/rooms/6/ HTTP/1.1" 200 925
"GET /teachers/api/rooms/2/ HTTP/1.1" 200 251
"GET /teachers/api/rooms/7/ HTTP/1.1" 200 1010
"GET /teachers/api/rooms/1/ HTTP/1.1" 200 1546
"GET /teachers/api/rooms/8/ HTTP/1.1" 200 1593
"GET /teachers/api/rooms/3/ HTTP/1.1" 200 927
"GET /teachers/api/rooms/4/ HTTP/1.1" 200 2322
"GET /teachers/api/rooms/5/ HTTP/1.1" 200 251
"GET /teachers/groups/ HTTP/1.1" 200 31036
"GET /teachers/rooms/ HTTP/1.1" 200 45818
"GET /teachers/api/rooms/6/ HTTP/1.1" 200 925
"GET /teachers/api/rooms/3/ HTTP/1.1" 200 927
"GET /teachers/api/rooms/2/ HTTP/1.1" 200 251
"GET /teachers/api/rooms/7/ HTTP/1.1" 200 1010
"GET /teachers/api/rooms/1/ HTTP/1.1" 200 1546
"GET /teachers/api/rooms/5/ HTTP/1.1" 200 251
"GET /teachers/api/rooms/8/ HTTP/1.1" 200 1593
"GET /teachers/api/rooms/4/ HTTP/1.1" 200 2322
"GET /teachers/ HTTP/1.1" 200 25520
"GET /teachers/rooms/ HTTP/1.1" 200 45818
"GET /teachers/api/rooms/6/ HTTP/1.1" 200 925
"GET /teachers/api/rooms/2/ HTTP/1.1" 200 251
"GET /teachers/api/rooms/7/ HTTP/1.1" 200 1010
"GET /teachers/api/rooms/1/ HTTP/1.1" 200 1546
"GET /teachers/api/rooms/3/ HTTP/1.1" 200 927
"GET /teachers/api/rooms/8/ HTTP/1.1" 200 1593
"GET /teachers/api/rooms/5/ HTTP/1.1" 200 251
"GET /teachers/api/rooms/4/ HTTP/1.1" 200 2322
"GET /teachers/rooms/create/ HTTP/1.1" 200 13935
"GET /teachers/rooms/ HTTP/1.1" 200 45818
"GET /teachers/api/rooms/2/ HTTP/1.1" 200 251
"GET /teachers/api/rooms/6/ HTTP/1.1" 200 925
"GET /teachers/api/rooms/3/ HTTP/1.1" 200 927
"GET /teachers/api/rooms/8/ HTTP/1.1" 200 1593
"GET /teachers/api/rooms/1/ HTTP/1.1" 200 1546
"GET /teachers/api/rooms/7/ HTTP/1.1" 200 1010
"GET /teachers/api/rooms/5/ HTTP/1.1" 200 251
"GET /teachers/api/rooms/4/ HTTP/1.1" 200 2322
"GET /teachers/groups/ HTTP/1.1" 200 31036
"GET /teachers/rooms/ HTTP/1.1" 200 45818
"GET /teachers/api/rooms/2/ HTTP/1.1" 200 251
"GET /teachers/api/rooms/3/ HTTP/1.1" 200 927
"GET /teachers/api/rooms/6/ HTTP/1.1" 200 925
"GET /teachers/api/rooms/8/ HTTP/1.1" 200 1593
"GET /teachers/api/rooms/7/ HTTP/1.1" 200 1010
"GET /teachers/api/rooms/1/ HTTP/1.1" 200 1546
"GET /teachers/api/rooms/4/ HTTP/1.1" 200 2322
"GET /teachers/api/rooms/5/ HTTP/1.1" 200 251
"GET /teachers/rooms/8/ HTTP/1.1" 200 26774
"GET /teachers/rooms/ HTTP/1.1" 200 45818
"GET /teachers/api/rooms/2/ HTTP/1.1" 200 251
"GET /teachers/api/rooms/8/ HTTP/1.1" 200 1593
"GET /teachers/api/rooms/3/ HTTP/1.1" 200 927
"GET /teachers/api/rooms/6/ HTTP/1.1" 200 925
"GET /teachers/api/rooms/7/ HTTP/1.1" 200 1010
"GET /teachers/api/rooms/1/ HTTP/1.1" 200 1546
"GET /teachers/api/rooms/5/ HTTP/1.1" 200 251
"GET /teachers/api/rooms/4/ HTTP/1.1" 200 2322
"GET /teachers/ HTTP/1.1" 200 25520
"GET /payments/ HTTP/1.1" 200 417705
"GET /teachers/ HTTP/1.1" 200 25520
"GET /teachers/ HTTP/1.1" 200 25816
"GET /teachers/rooms/ HTTP/1.1" 200 46596
"GET /teachers/api/rooms/6/ HTTP/1.1" 200 925
"GET /teachers/api/rooms/2/ HTTP/1.1" 200 251
"GET /teachers/api/rooms/7/ HTTP/1.1" 200 1010
"GET /teachers/api/rooms/5/ HTTP/1.1" 200 251
"GET /teachers/api/rooms/3/ HTTP/1.1" 200 927
"GET /teachers/api/rooms/1/ HTTP/1.1" 200 1546
"GET /teachers/api/rooms/8/ HTTP/1.1" 200 1593
"GET /teachers/api/rooms/4/ HTTP/1.1" 200 2322
"GET /attendance/scanner/ HTTP/1.1" 200 57589
"GET /attendance/api/today-stats/ HTTP/1.1" 200 72
"GET /attendance/api/today-sessions/ HTTP/1.1" 200 397
"GET /students/ HTTP/1.1" 200 68797
"GET /students/create/ HTTP/1.1" 200 18985
"GET /students/ HTTP/1.1" 200 68797
"GET /students/55/ HTTP/1.1" 200 16641
"GET /students/55/update/ HTTP/1.1" 200 19062
"GET /students/ HTTP/1.1" 200 68797
"GET /reports/ HTTP/1.1" 200 27866
"GET /attendance/scanner/ HTTP/1.1" 200 57433
"GET /attendance/api/today-stats/ HTTP/1.1" 200 72
"GET /attendance/api/today-sessions/ HTTP/1.1" 200 397
"GET /attendance/scanner/ HTTP/1.1" 200 57433
"GET /attendance/api/today-stats/ HTTP/1.1" 200 72
"GET /attendance/api/today-sessions/ HTTP/1.1" 200 397
"GET /students/ HTTP/1.1" 200 68797
"GET / HTTP/1.1" 302 0
/Users/hamdy/Desktop/Work Code/My Project Code/SYSeducore/apps/students/views.py changed, reloading.
Watching for file changes with StatReloader
/Users/hamdy/Desktop/Work Code/My Project Code/SYSeducore/apps/students/urls.py changed, reloading.
Watching for file changes with StatReloader
/Users/hamdy/Desktop/Work Code/My Project Code/SYSeducore/apps/students/models.py changed, reloading.
Watching for file changes with StatReloader
Watching for file changes with StatReloader
Watching for file changes with StatReloader
/Users/hamdy/Desktop/Work Code/My Project Code/SYSeducore/apps/students/api_views.py changed, reloading.
Watching for file changes with StatReloader
/Users/hamdy/Desktop/Work Code/My Project Code/SYSeducore/apps/students/urls.py changed, reloading.
Watching for file changes with StatReloader
"GET / HTTP/1.1" 302 0
Internal Server Error: /reports/
Traceback (most recent call last):
  File "/Users/hamdy/Desktop/Work Code/My Project Code/SYSeducore/.venv/lib/python3.14/site-packages/django/db/backends/utils.py", line 105, in _execute
    return self.cursor.execute(sql, params)
           ~~~~~~~~~~~~~~~~~~~^^^^^^^^^^^^^
  File "/Users/hamdy/Desktop/Work Code/My Project Code/SYSeducore/.venv/lib/python3.14/site-packages/django/db/backends/sqlite3/base.py", line 360, in execute
    return super().execute(query, params)
           ~~~~~~~~~~~~~~~^^^^^^^^^^^^^^^
sqlite3.OperationalError: no such column: students.date_of_birth

The above exception was the direct cause of the following exception:

Traceback (most recent call last):
  File "/Users/hamdy/Desktop/Work Code/My Project Code/SYSeducore/.venv/lib/python3.14/site-packages/django/core/handlers/exception.py", line 55, in inner
    response = get_response(request)
  File "/Users/hamdy/Desktop/Work Code/My Project Code/SYSeducore/.venv/lib/python3.14/site-packages/django/core/handlers/base.py", line 197, in _get_response
    response = wrapped_callback(request, *callback_args, **callback_kwargs)
  File "/Users/hamdy/Desktop/Work Code/My Project Code/SYSeducore/.venv/lib/python3.14/site-packages/django/contrib/auth/decorators.py", line 59, in _view_wrapper
    return view_func(request, *args, **kwargs)
  File "/Users/hamdy/Desktop/Work Code/My Project Code/SYSeducore/apps/reports/views.py", line 74, in dashboard
    return render(request, 'reports/dashboard.html', context)
  File "/Users/hamdy/Desktop/Work Code/My Project Code/SYSeducore/.venv/lib/python3.14/site-packages/django/shortcuts.py", line 25, in render
    content = loader.render_to_string(template_name, context, request, using=using)
  File "/Users/hamdy/Desktop/Work Code/My Project Code/SYSeducore/.venv/lib/python3.14/site-packages/django/template/loader.py", line 62, in render_to_string
    return template.render(context, request)
           ~~~~~~~~~~~~~~~^^^^^^^^^^^^^^^^^^
  File "/Users/hamdy/Desktop/Work Code/My Project Code/SYSeducore/.venv/lib/python3.14/site-packages/django/template/backends/django.py", line 107, in render
    return self.template.render(context)
           ~~~~~~~~~~~~~~~~~~~~^^^^^^^^^
  File "/Users/hamdy/Desktop/Work Code/My Project Code/SYSeducore/.venv/lib/python3.14/site-packages/django/template/base.py", line 172, in render
    return self._render(context)
           ~~~~~~~~~~~~^^^^^^^^^
  File "/Users/hamdy/Desktop/Work Code/My Project Code/SYSeducore/.venv/lib/python3.14/site-packages/django/template/base.py", line 164, in _render
    return self.nodelist.render(context)
           ~~~~~~~~~~~~~~~~~~~~^^^^^^^^^
  File "/Users/hamdy/Desktop/Work Code/My Project Code/SYSeducore/.venv/lib/python3.14/site-packages/django/template/base.py", line 1018, in render
    return SafeString("".join([node.render_annotated(context) for node in self]))
                               ~~~~~~~~~~~~~~~~~~~~~^^^^^^^^^
  File "/Users/hamdy/Desktop/Work Code/My Project Code/SYSeducore/.venv/lib/python3.14/site-packages/django/template/base.py", line 979, in render_annotated
    return self.render(context)
           ~~~~~~~~~~~^^^^^^^^^
  File "/Users/hamdy/Desktop/Work Code/My Project Code/SYSeducore/.venv/lib/python3.14/site-packages/django/template/loader_tags.py", line 159, in render
    return compiled_parent._render(context)
           ~~~~~~~~~~~~~~~~~~~~~~~^^^^^^^^^
  File "/Users/hamdy/Desktop/Work Code/My Project Code/SYSeducore/.venv/lib/python3.14/site-packages/django/template/base.py", line 164, in _render
    return self.nodelist.render(context)
           ~~~~~~~~~~~~~~~~~~~~^^^^^^^^^
  File "/Users/hamdy/Desktop/Work Code/My Project Code/SYSeducore/.venv/lib/python3.14/site-packages/django/template/base.py", line 1018, in render
    return SafeString("".join([node.render_annotated(context) for node in self]))
                               ~~~~~~~~~~~~~~~~~~~~~^^^^^^^^^
  File "/Users/hamdy/Desktop/Work Code/My Project Code/SYSeducore/.venv/lib/python3.14/site-packages/django/template/base.py", line 979, in render_annotated
    return self.render(context)
           ~~~~~~~~~~~^^^^^^^^^
  File "/Users/hamdy/Desktop/Work Code/My Project Code/SYSeducore/.venv/lib/python3.14/site-packages/django/template/loader_tags.py", line 65, in render
    result = block.nodelist.render(context)
  File "/Users/hamdy/Desktop/Work Code/My Project Code/SYSeducore/.venv/lib/python3.14/site-packages/django/template/base.py", line 1018, in render
    return SafeString("".join([node.render_annotated(context) for node in self]))
                               ~~~~~~~~~~~~~~~~~~~~~^^^^^^^^^
  File "/Users/hamdy/Desktop/Work Code/My Project Code/SYSeducore/.venv/lib/python3.14/site-packages/django/template/base.py", line 979, in render_annotated
    return self.render(context)
           ~~~~~~~~~~~^^^^^^^^^
  File "/Users/hamdy/Desktop/Work Code/My Project Code/SYSeducore/.venv/lib/python3.14/site-packages/django/template/defaulttags.py", line 199, in render
    len_values = len(values)
  File "/Users/hamdy/Desktop/Work Code/My Project Code/SYSeducore/.venv/lib/python3.14/site-packages/django/db/models/query.py", line 368, in __len__
    self._fetch_all()
    ~~~~~~~~~~~~~~~^^
  File "/Users/hamdy/Desktop/Work Code/My Project Code/SYSeducore/.venv/lib/python3.14/site-packages/django/db/models/query.py", line 1954, in _fetch_all
    self._result_cache = list(self._iterable_class(self))
                         ~~~~^^^^^^^^^^^^^^^^^^^^^^^^^^^^
  File "/Users/hamdy/Desktop/Work Code/My Project Code/SYSeducore/.venv/lib/python3.14/site-packages/django/db/models/query.py", line 93, in __iter__
    results = compiler.execute_sql(
        chunked_fetch=self.chunked_fetch, chunk_size=self.chunk_size
    )
  File "/Users/hamdy/Desktop/Work Code/My Project Code/SYSeducore/.venv/lib/python3.14/site-packages/django/db/models/sql/compiler.py", line 1623, in execute_sql
    cursor.execute(sql, params)
    ~~~~~~~~~~~~~~^^^^^^^^^^^^^
  File "/Users/hamdy/Desktop/Work Code/My Project Code/SYSeducore/.venv/lib/python3.14/site-packages/django/db/backends/utils.py", line 122, in execute
    return super().execute(sql, params)
           ~~~~~~~~~~~~~~~^^^^^^^^^^^^^
  File "/Users/hamdy/Desktop/Work Code/My Project Code/SYSeducore/.venv/lib/python3.14/site-packages/django/db/backends/utils.py", line 79, in execute
    return self._execute_with_wrappers(
           ~~~~~~~~~~~~~~~~~~~~~~~~~~~^
        sql, params, many=False, executor=self._execute
        ^^^^^^^^^^^^^^^^^^^^^^^^^^^^^^^^^^^^^^^^^^^^^^^
    )
    ^
  File "/Users/hamdy/Desktop/Work Code/My Project Code/SYSeducore/.venv/lib/python3.14/site-packages/django/db/backends/utils.py", line 92, in _execute_with_wrappers
    return executor(sql, params, many, context)
  File "/Users/hamdy/Desktop/Work Code/My Project Code/SYSeducore/.venv/lib/python3.14/site-packages/django/db/backends/utils.py", line 100, in _execute
    with self.db.wrap_database_errors:
         ^^^^^^^^^^^^^^^^^^^^^^^^^^^^
  File "/Users/hamdy/Desktop/Work Code/My Project Code/SYSeducore/.venv/lib/python3.14/site-packages/django/db/utils.py", line 91, in __exit__
    raise dj_exc_value.with_traceback(traceback) from exc_value
  File "/Users/hamdy/Desktop/Work Code/My Project Code/SYSeducore/.venv/lib/python3.14/site-packages/django/db/backends/utils.py", line 105, in _execute
    return self.cursor.execute(sql, params)
           ~~~~~~~~~~~~~~~~~~~^^^^^^^^^^^^^
  File "/Users/hamdy/Desktop/Work Code/My Project Code/SYSeducore/.venv/lib/python3.14/site-packages/django/db/backends/sqlite3/base.py", line 360, in execute
    return super().execute(query, params)
           ~~~~~~~~~~~~~~~^^^^^^^^^^^^^^^
django.db.utils.OperationalError: no such column: students.date_of_birth
"GET /reports/ HTTP/1.1" 500 243919
Internal Server Error: /students/
Traceback (most recent call last):
  File "/Users/hamdy/Desktop/Work Code/My Project Code/SYSeducore/.venv/lib/python3.14/site-packages/django/core/handlers/exception.py", line 55, in inner
    response = get_response(request)
  File "/Users/hamdy/Desktop/Work Code/My Project Code/SYSeducore/.venv/lib/python3.14/site-packages/django/core/handlers/base.py", line 197, in _get_response
    response = wrapped_callback(request, *callback_args, **callback_kwargs)
  File "/Users/hamdy/Desktop/Work Code/My Project Code/SYSeducore/.venv/lib/python3.14/site-packages/django/contrib/auth/decorators.py", line 59, in _view_wrapper
    return view_func(request, *args, **kwargs)
  File "/Users/hamdy/Desktop/Work Code/My Project Code/SYSeducore/apps/students/views.py", line 29, in student_list
    students = Student.objects.all().annotate(
               ~~~~~~~~~~~~~~~~~~~~~~~~~~~~~~^
        groups_count=Count(
        ^^^^^^^^^^^^^^^^^^^
    ...<2 lines>...
        )
        ^
    ).prefetch_related(
    ^
  File "/Users/hamdy/Desktop/Work Code/My Project Code/SYSeducore/.venv/lib/python3.14/site-packages/django/db/models/query.py", line 1654, in annotate
    return self._annotate(args, kwargs, select=True)
           ~~~~~~~~~~~~~~^^^^^^^^^^^^^^^^^^^^^^^^^^^
  File "/Users/hamdy/Desktop/Work Code/My Project Code/SYSeducore/.venv/lib/python3.14/site-packages/django/db/models/query.py", line 1706, in _annotate
    clone.query.add_annotation(
    ~~~~~~~~~~~~~~~~~~~~~~~~~~^
        annotation,
        ^^^^^^^^^^^
        alias,
        ^^^^^^
        select=select,
        ^^^^^^^^^^^^^^
    )
    ^
  File "/Users/hamdy/Desktop/Work Code/My Project Code/SYSeducore/.venv/lib/python3.14/site-packages/django/db/models/sql/query.py", line 1218, in add_annotation
    annotation = annotation.resolve_expression(self, allow_joins=True, reuse=None)
  File "/Users/hamdy/Desktop/Work Code/My Project Code/SYSeducore/.venv/lib/python3.14/site-packages/django/db/models/aggregates.py", line 176, in resolve_expression
    result = super().resolve_expression(*args, **kwargs)
  File "/Users/hamdy/Desktop/Work Code/My Project Code/SYSeducore/.venv/lib/python3.14/site-packages/django/db/models/aggregates.py", line 63, in resolve_expression
    c = super().resolve_expression(query, allow_joins, reuse, summarize)
  File "/Users/hamdy/Desktop/Work Code/My Project Code/SYSeducore/.venv/lib/python3.14/site-packages/django/db/models/expressions.py", line 300, in resolve_expression
    expr.resolve_expression(query, allow_joins, reuse, summarize, for_save)
    ~~~~~~~~~~~~~~~~~~~~~~~^^^^^^^^^^^^^^^^^^^^^^^^^^^^^^^^^^^^^^^^^^^^^^^^
  File "/Users/hamdy/Desktop/Work Code/My Project Code/SYSeducore/.venv/lib/python3.14/site-packages/django/db/models/query_utils.py", line 95, in resolve_expression
    clause, joins = query._add_q(
                    ~~~~~~~~~~~~^
        self,
        ^^^^^
    ...<4 lines>...
        summarize=summarize,
        ^^^^^^^^^^^^^^^^^^^^
    )
    ^
  File "/Users/hamdy/Desktop/Work Code/My Project Code/SYSeducore/.venv/lib/python3.14/site-packages/django/db/models/sql/query.py", line 1678, in _add_q
    child_clause, needed_inner = self.build_filter(
                                 ~~~~~~~~~~~~~~~~~^
        child,
        ^^^^^^
    ...<7 lines>...
        update_join_types=update_join_types,
        ^^^^^^^^^^^^^^^^^^^^^^^^^^^^^^^^^^^^
    )
    ^
  File "/Users/hamdy/Desktop/Work Code/My Project Code/SYSeducore/.venv/lib/python3.14/site-packages/django/db/models/sql/query.py", line 1526, in build_filter
    lookups, parts, reffed_expression = self.solve_lookup_type(arg, summarize)
                                        ~~~~~~~~~~~~~~~~~~~~~~^^^^^^^^^^^^^^^^
  File "/Users/hamdy/Desktop/Work Code/My Project Code/SYSeducore/.venv/lib/python3.14/site-packages/django/db/models/sql/query.py", line 1333, in solve_lookup_type
    _, field, _, lookup_parts = self.names_to_path(lookup_splitted, self.get_meta())
                                ~~~~~~~~~~~~~~~~~~^^^^^^^^^^^^^^^^^^^^^^^^^^^^^^^^^^
  File "/Users/hamdy/Desktop/Work Code/My Project Code/SYSeducore/.venv/lib/python3.14/site-packages/django/db/models/sql/query.py", line 1806, in names_to_path
    raise FieldError(
    ...<2 lines>...
    )
django.core.exceptions.FieldError: Cannot resolve keyword 'studentgroupenrollment' into field. Choices are: address, attendances, created_at, date_of_birth, full_name, grade, group_enrollments, groups, is_active, parent_name, parent_phone, payments, school_name, student_code, student_id, updated_at
"GET /students/ HTTP/1.1" 500 139838
Internal Server Error: /students/
Traceback (most recent call last):
  File "/Users/hamdy/Desktop/Work Code/My Project Code/SYSeducore/.venv/lib/python3.14/site-packages/django/core/handlers/exception.py", line 55, in inner
    response = get_response(request)
  File "/Users/hamdy/Desktop/Work Code/My Project Code/SYSeducore/.venv/lib/python3.14/site-packages/django/core/handlers/base.py", line 197, in _get_response
    response = wrapped_callback(request, *callback_args, **callback_kwargs)
  File "/Users/hamdy/Desktop/Work Code/My Project Code/SYSeducore/.venv/lib/python3.14/site-packages/django/contrib/auth/decorators.py", line 59, in _view_wrapper
    return view_func(request, *args, **kwargs)
  File "/Users/hamdy/Desktop/Work Code/My Project Code/SYSeducore/apps/students/views.py", line 29, in student_list
    students = Student.objects.all().annotate(
               ~~~~~~~~~~~~~~~~~~~~~~~~~~~~~~^
        groups_count=Count(
        ^^^^^^^^^^^^^^^^^^^
    ...<2 lines>...
        )
        ^
    ).prefetch_related(
    ^
  File "/Users/hamdy/Desktop/Work Code/My Project Code/SYSeducore/.venv/lib/python3.14/site-packages/django/db/models/query.py", line 1654, in annotate
    return self._annotate(args, kwargs, select=True)
           ~~~~~~~~~~~~~~^^^^^^^^^^^^^^^^^^^^^^^^^^^
  File "/Users/hamdy/Desktop/Work Code/My Project Code/SYSeducore/.venv/lib/python3.14/site-packages/django/db/models/query.py", line 1706, in _annotate
    clone.query.add_annotation(
    ~~~~~~~~~~~~~~~~~~~~~~~~~~^
        annotation,
        ^^^^^^^^^^^
        alias,
        ^^^^^^
        select=select,
        ^^^^^^^^^^^^^^
    )
    ^
  File "/Users/hamdy/Desktop/Work Code/My Project Code/SYSeducore/.venv/lib/python3.14/site-packages/django/db/models/sql/query.py", line 1218, in add_annotation
    annotation = annotation.resolve_expression(self, allow_joins=True, reuse=None)
  File "/Users/hamdy/Desktop/Work Code/My Project Code/SYSeducore/.venv/lib/python3.14/site-packages/django/db/models/aggregates.py", line 176, in resolve_expression
    result = super().resolve_expression(*args, **kwargs)
  File "/Users/hamdy/Desktop/Work Code/My Project Code/SYSeducore/.venv/lib/python3.14/site-packages/django/db/models/aggregates.py", line 63, in resolve_expression
    c = super().resolve_expression(query, allow_joins, reuse, summarize)
  File "/Users/hamdy/Desktop/Work Code/My Project Code/SYSeducore/.venv/lib/python3.14/site-packages/django/db/models/expressions.py", line 300, in resolve_expression
    expr.resolve_expression(query, allow_joins, reuse, summarize, for_save)
    ~~~~~~~~~~~~~~~~~~~~~~~^^^^^^^^^^^^^^^^^^^^^^^^^^^^^^^^^^^^^^^^^^^^^^^^
  File "/Users/hamdy/Desktop/Work Code/My Project Code/SYSeducore/.venv/lib/python3.14/site-packages/django/db/models/query_utils.py", line 95, in resolve_expression
    clause, joins = query._add_q(
                    ~~~~~~~~~~~~^
        self,
        ^^^^^
    ...<4 lines>...
        summarize=summarize,
        ^^^^^^^^^^^^^^^^^^^^
    )
    ^
  File "/Users/hamdy/Desktop/Work Code/My Project Code/SYSeducore/.venv/lib/python3.14/site-packages/django/db/models/sql/query.py", line 1678, in _add_q
    child_clause, needed_inner = self.build_filter(
                                 ~~~~~~~~~~~~~~~~~^
        child,
        ^^^^^^
    ...<7 lines>...
        update_join_types=update_join_types,
        ^^^^^^^^^^^^^^^^^^^^^^^^^^^^^^^^^^^^
    )
    ^
  File "/Users/hamdy/Desktop/Work Code/My Project Code/SYSeducore/.venv/lib/python3.14/site-packages/django/db/models/sql/query.py", line 1526, in build_filter
    lookups, parts, reffed_expression = self.solve_lookup_type(arg, summarize)
                                        ~~~~~~~~~~~~~~~~~~~~~~^^^^^^^^^^^^^^^^
  File "/Users/hamdy/Desktop/Work Code/My Project Code/SYSeducore/.venv/lib/python3.14/site-packages/django/db/models/sql/query.py", line 1333, in solve_lookup_type
    _, field, _, lookup_parts = self.names_to_path(lookup_splitted, self.get_meta())
                                ~~~~~~~~~~~~~~~~~~^^^^^^^^^^^^^^^^^^^^^^^^^^^^^^^^^^
  File "/Users/hamdy/Desktop/Work Code/My Project Code/SYSeducore/.venv/lib/python3.14/site-packages/django/db/models/sql/query.py", line 1806, in names_to_path
    raise FieldError(
    ...<2 lines>...
    )
django.core.exceptions.FieldError: Cannot resolve keyword 'studentgroupenrollment' into field. Choices are: address, attendances, created_at, date_of_birth, full_name, grade, group_enrollments, groups, is_active, parent_name, parent_phone, payments, school_name, student_code, student_id, updated_at
"GET /students/ HTTP/1.1" 500 139838
Internal Server Error: /students/
Traceback (most recent call last):
  File "/Users/hamdy/Desktop/Work Code/My Project Code/SYSeducore/.venv/lib/python3.14/site-packages/django/core/handlers/exception.py", line 55, in inner
    response = get_response(request)
  File "/Users/hamdy/Desktop/Work Code/My Project Code/SYSeducore/.venv/lib/python3.14/site-packages/django/core/handlers/base.py", line 197, in _get_response
    response = wrapped_callback(request, *callback_args, **callback_kwargs)
  File "/Users/hamdy/Desktop/Work Code/My Project Code/SYSeducore/.venv/lib/python3.14/site-packages/django/contrib/auth/decorators.py", line 59, in _view_wrapper
    return view_func(request, *args, **kwargs)
  File "/Users/hamdy/Desktop/Work Code/My Project Code/SYSeducore/apps/students/views.py", line 29, in student_list
    students = Student.objects.all().annotate(
               ~~~~~~~~~~~~~~~~~~~~~~~~~~~~~~^
        groups_count=Count(
        ^^^^^^^^^^^^^^^^^^^
    ...<2 lines>...
        )
        ^
    ).prefetch_related(
    ^
  File "/Users/hamdy/Desktop/Work Code/My Project Code/SYSeducore/.venv/lib/python3.14/site-packages/django/db/models/query.py", line 1654, in annotate
    return self._annotate(args, kwargs, select=True)
           ~~~~~~~~~~~~~~^^^^^^^^^^^^^^^^^^^^^^^^^^^
  File "/Users/hamdy/Desktop/Work Code/My Project Code/SYSeducore/.venv/lib/python3.14/site-packages/django/db/models/query.py", line 1706, in _annotate
    clone.query.add_annotation(
    ~~~~~~~~~~~~~~~~~~~~~~~~~~^
        annotation,
        ^^^^^^^^^^^
        alias,
        ^^^^^^
        select=select,
        ^^^^^^^^^^^^^^
    )
    ^
  File "/Users/hamdy/Desktop/Work Code/My Project Code/SYSeducore/.venv/lib/python3.14/site-packages/django/db/models/sql/query.py", line 1218, in add_annotation
    annotation = annotation.resolve_expression(self, allow_joins=True, reuse=None)
  File "/Users/hamdy/Desktop/Work Code/My Project Code/SYSeducore/.venv/lib/python3.14/site-packages/django/db/models/aggregates.py", line 176, in resolve_expression
    result = super().resolve_expression(*args, **kwargs)
  File "/Users/hamdy/Desktop/Work Code/My Project Code/SYSeducore/.venv/lib/python3.14/site-packages/django/db/models/aggregates.py", line 63, in resolve_expression
    c = super().resolve_expression(query, allow_joins, reuse, summarize)
  File "/Users/hamdy/Desktop/Work Code/My Project Code/SYSeducore/.venv/lib/python3.14/site-packages/django/db/models/expressions.py", line 300, in resolve_expression
    expr.resolve_expression(query, allow_joins, reuse, summarize, for_save)
    ~~~~~~~~~~~~~~~~~~~~~~~^^^^^^^^^^^^^^^^^^^^^^^^^^^^^^^^^^^^^^^^^^^^^^^^
  File "/Users/hamdy/Desktop/Work Code/My Project Code/SYSeducore/.venv/lib/python3.14/site-packages/django/db/models/query_utils.py", line 95, in resolve_expression
    clause, joins = query._add_q(
                    ~~~~~~~~~~~~^
        self,
        ^^^^^
    ...<4 lines>...
        summarize=summarize,
        ^^^^^^^^^^^^^^^^^^^^
    )
    ^
  File "/Users/hamdy/Desktop/Work Code/My Project Code/SYSeducore/.venv/lib/python3.14/site-packages/django/db/models/sql/query.py", line 1678, in _add_q
    child_clause, needed_inner = self.build_filter(
                                 ~~~~~~~~~~~~~~~~~^
        child,
        ^^^^^^
    ...<7 lines>...
        update_join_types=update_join_types,
        ^^^^^^^^^^^^^^^^^^^^^^^^^^^^^^^^^^^^
    )
    ^
  File "/Users/hamdy/Desktop/Work Code/My Project Code/SYSeducore/.venv/lib/python3.14/site-packages/django/db/models/sql/query.py", line 1526, in build_filter
    lookups, parts, reffed_expression = self.solve_lookup_type(arg, summarize)
                                        ~~~~~~~~~~~~~~~~~~~~~~^^^^^^^^^^^^^^^^
  File "/Users/hamdy/Desktop/Work Code/My Project Code/SYSeducore/.venv/lib/python3.14/site-packages/django/db/models/sql/query.py", line 1333, in solve_lookup_type
    _, field, _, lookup_parts = self.names_to_path(lookup_splitted, self.get_meta())
                                ~~~~~~~~~~~~~~~~~~^^^^^^^^^^^^^^^^^^^^^^^^^^^^^^^^^^
  File "/Users/hamdy/Desktop/Work Code/My Project Code/SYSeducore/.venv/lib/python3.14/site-packages/django/db/models/sql/query.py", line 1806, in names_to_path
    raise FieldError(
    ...<2 lines>...
    )
django.core.exceptions.FieldError: Cannot resolve keyword 'studentgroupenrollment' into field. Choices are: address, attendances, created_at, date_of_birth, full_name, grade, group_enrollments, groups, is_active, parent_name, parent_phone, payments, school_name, student_code, student_id, updated_at
"GET /students/ HTTP/1.1" 500 139701
"GET /attendance/api/today-sessions/ HTTP/1.1" 200 397
Internal Server Error: /reports/
Traceback (most recent call last):
  File "/Users/hamdy/Desktop/Work Code/My Project Code/SYSeducore/.venv/lib/python3.14/site-packages/django/db/backends/utils.py", line 105, in _execute
    return self.cursor.execute(sql, params)
           ~~~~~~~~~~~~~~~~~~~^^^^^^^^^^^^^
  File "/Users/hamdy/Desktop/Work Code/My Project Code/SYSeducore/.venv/lib/python3.14/site-packages/django/db/backends/sqlite3/base.py", line 360, in execute
    return super().execute(query, params)
           ~~~~~~~~~~~~~~~^^^^^^^^^^^^^^^
sqlite3.OperationalError: no such column: students.date_of_birth

The above exception was the direct cause of the following exception:

Traceback (most recent call last):
  File "/Users/hamdy/Desktop/Work Code/My Project Code/SYSeducore/.venv/lib/python3.14/site-packages/django/core/handlers/exception.py", line 55, in inner
    response = get_response(request)
  File "/Users/hamdy/Desktop/Work Code/My Project Code/SYSeducore/.venv/lib/python3.14/site-packages/django/core/handlers/base.py", line 197, in _get_response
    response = wrapped_callback(request, *callback_args, **callback_kwargs)
  File "/Users/hamdy/Desktop/Work Code/My Project Code/SYSeducore/.venv/lib/python3.14/site-packages/django/contrib/auth/decorators.py", line 59, in _view_wrapper
    return view_func(request, *args, **kwargs)
  File "/Users/hamdy/Desktop/Work Code/My Project Code/SYSeducore/apps/reports/views.py", line 74, in dashboard
    return render(request, 'reports/dashboard.html', context)
  File "/Users/hamdy/Desktop/Work Code/My Project Code/SYSeducore/.venv/lib/python3.14/site-packages/django/shortcuts.py", line 25, in render
    content = loader.render_to_string(template_name, context, request, using=using)
  File "/Users/hamdy/Desktop/Work Code/My Project Code/SYSeducore/.venv/lib/python3.14/site-packages/django/template/loader.py", line 62, in render_to_string
    return template.render(context, request)
           ~~~~~~~~~~~~~~~^^^^^^^^^^^^^^^^^^
  File "/Users/hamdy/Desktop/Work Code/My Project Code/SYSeducore/.venv/lib/python3.14/site-packages/django/template/backends/django.py", line 107, in render
    return self.template.render(context)
           ~~~~~~~~~~~~~~~~~~~~^^^^^^^^^
  File "/Users/hamdy/Desktop/Work Code/My Project Code/SYSeducore/.venv/lib/python3.14/site-packages/django/template/base.py", line 172, in render
    return self._render(context)
           ~~~~~~~~~~~~^^^^^^^^^
  File "/Users/hamdy/Desktop/Work Code/My Project Code/SYSeducore/.venv/lib/python3.14/site-packages/django/template/base.py", line 164, in _render
    return self.nodelist.render(context)
           ~~~~~~~~~~~~~~~~~~~~^^^^^^^^^
  File "/Users/hamdy/Desktop/Work Code/My Project Code/SYSeducore/.venv/lib/python3.14/site-packages/django/template/base.py", line 1018, in render
    return SafeString("".join([node.render_annotated(context) for node in self]))
                               ~~~~~~~~~~~~~~~~~~~~~^^^^^^^^^
  File "/Users/hamdy/Desktop/Work Code/My Project Code/SYSeducore/.venv/lib/python3.14/site-packages/django/template/base.py", line 979, in render_annotated
    return self.render(context)
           ~~~~~~~~~~~^^^^^^^^^
  File "/Users/hamdy/Desktop/Work Code/My Project Code/SYSeducore/.venv/lib/python3.14/site-packages/django/template/loader_tags.py", line 159, in render
    return compiled_parent._render(context)
           ~~~~~~~~~~~~~~~~~~~~~~~^^^^^^^^^
  File "/Users/hamdy/Desktop/Work Code/My Project Code/SYSeducore/.venv/lib/python3.14/site-packages/django/template/base.py", line 164, in _render
    return self.nodelist.render(context)
           ~~~~~~~~~~~~~~~~~~~~^^^^^^^^^
  File "/Users/hamdy/Desktop/Work Code/My Project Code/SYSeducore/.venv/lib/python3.14/site-packages/django/template/base.py", line 1018, in render
    return SafeString("".join([node.render_annotated(context) for node in self]))
                               ~~~~~~~~~~~~~~~~~~~~~^^^^^^^^^
  File "/Users/hamdy/Desktop/Work Code/My Project Code/SYSeducore/.venv/lib/python3.14/site-packages/django/template/base.py", line 979, in render_annotated
    return self.render(context)
           ~~~~~~~~~~~^^^^^^^^^
  File "/Users/hamdy/Desktop/Work Code/My Project Code/SYSeducore/.venv/lib/python3.14/site-packages/django/template/loader_tags.py", line 65, in render
    result = block.nodelist.render(context)
  File "/Users/hamdy/Desktop/Work Code/My Project Code/SYSeducore/.venv/lib/python3.14/site-packages/django/template/base.py", line 1018, in render
    return SafeString("".join([node.render_annotated(context) for node in self]))
                               ~~~~~~~~~~~~~~~~~~~~~^^^^^^^^^
  File "/Users/hamdy/Desktop/Work Code/My Project Code/SYSeducore/.venv/lib/python3.14/site-packages/django/template/base.py", line 979, in render_annotated
    return self.render(context)
           ~~~~~~~~~~~^^^^^^^^^
  File "/Users/hamdy/Desktop/Work Code/My Project Code/SYSeducore/.venv/lib/python3.14/site-packages/django/template/defaulttags.py", line 199, in render
    len_values = len(values)
  File "/Users/hamdy/Desktop/Work Code/My Project Code/SYSeducore/.venv/lib/python3.14/site-packages/django/db/models/query.py", line 368, in __len__
    self._fetch_all()
    ~~~~~~~~~~~~~~~^^
  File "/Users/hamdy/Desktop/Work Code/My Project Code/SYSeducore/.venv/lib/python3.14/site-packages/django/db/models/query.py", line 1954, in _fetch_all
    self._result_cache = list(self._iterable_class(self))
                         ~~~~^^^^^^^^^^^^^^^^^^^^^^^^^^^^
  File "/Users/hamdy/Desktop/Work Code/My Project Code/SYSeducore/.venv/lib/python3.14/site-packages/django/db/models/query.py", line 93, in __iter__
    results = compiler.execute_sql(
        chunked_fetch=self.chunked_fetch, chunk_size=self.chunk_size
    )
  File "/Users/hamdy/Desktop/Work Code/My Project Code/SYSeducore/.venv/lib/python3.14/site-packages/django/db/models/sql/compiler.py", line 1623, in execute_sql
    cursor.execute(sql, params)
    ~~~~~~~~~~~~~~^^^^^^^^^^^^^
  File "/Users/hamdy/Desktop/Work Code/My Project Code/SYSeducore/.venv/lib/python3.14/site-packages/django/db/backends/utils.py", line 122, in execute
    return super().execute(sql, params)
           ~~~~~~~~~~~~~~~^^^^^^^^^^^^^
  File "/Users/hamdy/Desktop/Work Code/My Project Code/SYSeducore/.venv/lib/python3.14/site-packages/django/db/backends/utils.py", line 79, in execute
    return self._execute_with_wrappers(
           ~~~~~~~~~~~~~~~~~~~~~~~~~~~^
        sql, params, many=False, executor=self._execute
        ^^^^^^^^^^^^^^^^^^^^^^^^^^^^^^^^^^^^^^^^^^^^^^^
    )
    ^
  File "/Users/hamdy/Desktop/Work Code/My Project Code/SYSeducore/.venv/lib/python3.14/site-packages/django/db/backends/utils.py", line 92, in _execute_with_wrappers
    return executor(sql, params, many, context)
  File "/Users/hamdy/Desktop/Work Code/My Project Code/SYSeducore/.venv/lib/python3.14/site-packages/django/db/backends/utils.py", line 100, in _execute
    with self.db.wrap_database_errors:
         ^^^^^^^^^^^^^^^^^^^^^^^^^^^^
  File "/Users/hamdy/Desktop/Work Code/My Project Code/SYSeducore/.venv/lib/python3.14/site-packages/django/db/utils.py", line 91, in __exit__
    raise dj_exc_value.with_traceback(traceback) from exc_value
  File "/Users/hamdy/Desktop/Work Code/My Project Code/SYSeducore/.venv/lib/python3.14/site-packages/django/db/backends/utils.py", line 105, in _execute
    return self.cursor.execute(sql, params)
           ~~~~~~~~~~~~~~~~~~~^^^^^^^^^^^^^
  File "/Users/hamdy/Desktop/Work Code/My Project Code/SYSeducore/.venv/lib/python3.14/site-packages/django/db/backends/sqlite3/base.py", line 360, in execute
    return super().execute(query, params)
           ~~~~~~~~~~~~~~~^^^^^^^^^^^^^^^
django.db.utils.OperationalError: no such column: students.date_of_birth
"GET /reports/ HTTP/1.1" 500 244089
Internal Server Error: /reports/payments/
Traceback (most recent call last):
  File "/Users/hamdy/Desktop/Work Code/My Project Code/SYSeducore/.venv/lib/python3.14/site-packages/django/db/backends/utils.py", line 105, in _execute
    return self.cursor.execute(sql, params)
           ~~~~~~~~~~~~~~~~~~~^^^^^^^^^^^^^
  File "/Users/hamdy/Desktop/Work Code/My Project Code/SYSeducore/.venv/lib/python3.14/site-packages/django/db/backends/sqlite3/base.py", line 360, in execute
    return super().execute(query, params)
           ~~~~~~~~~~~~~~~^^^^^^^^^^^^^^^
sqlite3.OperationalError: no such column: students.date_of_birth

The above exception was the direct cause of the following exception:

Traceback (most recent call last):
  File "/Users/hamdy/Desktop/Work Code/My Project Code/SYSeducore/.venv/lib/python3.14/site-packages/django/core/handlers/exception.py", line 55, in inner
    response = get_response(request)
  File "/Users/hamdy/Desktop/Work Code/My Project Code/SYSeducore/.venv/lib/python3.14/site-packages/django/core/handlers/base.py", line 197, in _get_response
    response = wrapped_callback(request, *callback_args, **callback_kwargs)
  File "/Users/hamdy/Desktop/Work Code/My Project Code/SYSeducore/.venv/lib/python3.14/site-packages/django/contrib/auth/decorators.py", line 59, in _view_wrapper
    return view_func(request, *args, **kwargs)
  File "/Users/hamdy/Desktop/Work Code/My Project Code/SYSeducore/apps/reports/views.py", line 98, in payment_report
    return render(request, 'reports/payments.html', {
        'payments': payments
    })
  File "/Users/hamdy/Desktop/Work Code/My Project Code/SYSeducore/.venv/lib/python3.14/site-packages/django/shortcuts.py", line 25, in render
    content = loader.render_to_string(template_name, context, request, using=using)
  File "/Users/hamdy/Desktop/Work Code/My Project Code/SYSeducore/.venv/lib/python3.14/site-packages/django/template/loader.py", line 62, in render_to_string
    return template.render(context, request)
           ~~~~~~~~~~~~~~~^^^^^^^^^^^^^^^^^^
  File "/Users/hamdy/Desktop/Work Code/My Project Code/SYSeducore/.venv/lib/python3.14/site-packages/django/template/backends/django.py", line 107, in render
    return self.template.render(context)
           ~~~~~~~~~~~~~~~~~~~~^^^^^^^^^
  File "/Users/hamdy/Desktop/Work Code/My Project Code/SYSeducore/.venv/lib/python3.14/site-packages/django/template/base.py", line 172, in render
    return self._render(context)
           ~~~~~~~~~~~~^^^^^^^^^
  File "/Users/hamdy/Desktop/Work Code/My Project Code/SYSeducore/.venv/lib/python3.14/site-packages/django/template/base.py", line 164, in _render
    return self.nodelist.render(context)
           ~~~~~~~~~~~~~~~~~~~~^^^^^^^^^
  File "/Users/hamdy/Desktop/Work Code/My Project Code/SYSeducore/.venv/lib/python3.14/site-packages/django/template/base.py", line 1018, in render
    return SafeString("".join([node.render_annotated(context) for node in self]))
                               ~~~~~~~~~~~~~~~~~~~~~^^^^^^^^^
  File "/Users/hamdy/Desktop/Work Code/My Project Code/SYSeducore/.venv/lib/python3.14/site-packages/django/template/base.py", line 979, in render_annotated
    return self.render(context)
           ~~~~~~~~~~~^^^^^^^^^
  File "/Users/hamdy/Desktop/Work Code/My Project Code/SYSeducore/.venv/lib/python3.14/site-packages/django/template/loader_tags.py", line 159, in render
    return compiled_parent._render(context)
           ~~~~~~~~~~~~~~~~~~~~~~~^^^^^^^^^
  File "/Users/hamdy/Desktop/Work Code/My Project Code/SYSeducore/.venv/lib/python3.14/site-packages/django/template/base.py", line 164, in _render
    return self.nodelist.render(context)
           ~~~~~~~~~~~~~~~~~~~~^^^^^^^^^
  File "/Users/hamdy/Desktop/Work Code/My Project Code/SYSeducore/.venv/lib/python3.14/site-packages/django/template/base.py", line 1018, in render
    return SafeString("".join([node.render_annotated(context) for node in self]))
                               ~~~~~~~~~~~~~~~~~~~~~^^^^^^^^^
  File "/Users/hamdy/Desktop/Work Code/My Project Code/SYSeducore/.venv/lib/python3.14/site-packages/django/template/base.py", line 979, in render_annotated
    return self.render(context)
           ~~~~~~~~~~~^^^^^^^^^
  File "/Users/hamdy/Desktop/Work Code/My Project Code/SYSeducore/.venv/lib/python3.14/site-packages/django/template/loader_tags.py", line 65, in render
    result = block.nodelist.render(context)
  File "/Users/hamdy/Desktop/Work Code/My Project Code/SYSeducore/.venv/lib/python3.14/site-packages/django/template/base.py", line 1018, in render
    return SafeString("".join([node.render_annotated(context) for node in self]))
                               ~~~~~~~~~~~~~~~~~~~~~^^^^^^^^^
  File "/Users/hamdy/Desktop/Work Code/My Project Code/SYSeducore/.venv/lib/python3.14/site-packages/django/template/base.py", line 979, in render_annotated
    return self.render(context)
           ~~~~~~~~~~~^^^^^^^^^
  File "/Users/hamdy/Desktop/Work Code/My Project Code/SYSeducore/.venv/lib/python3.14/site-packages/django/template/defaulttags.py", line 199, in render
    len_values = len(values)
  File "/Users/hamdy/Desktop/Work Code/My Project Code/SYSeducore/.venv/lib/python3.14/site-packages/django/db/models/query.py", line 368, in __len__
    self._fetch_all()
    ~~~~~~~~~~~~~~~^^
  File "/Users/hamdy/Desktop/Work Code/My Project Code/SYSeducore/.venv/lib/python3.14/site-packages/django/db/models/query.py", line 1954, in _fetch_all
    self._result_cache = list(self._iterable_class(self))
                         ~~~~^^^^^^^^^^^^^^^^^^^^^^^^^^^^
  File "/Users/hamdy/Desktop/Work Code/My Project Code/SYSeducore/.venv/lib/python3.14/site-packages/django/db/models/query.py", line 93, in __iter__
    results = compiler.execute_sql(
        chunked_fetch=self.chunked_fetch, chunk_size=self.chunk_size
    )
  File "/Users/hamdy/Desktop/Work Code/My Project Code/SYSeducore/.venv/lib/python3.14/site-packages/django/db/models/sql/compiler.py", line 1623, in execute_sql
    cursor.execute(sql, params)
    ~~~~~~~~~~~~~~^^^^^^^^^^^^^
  File "/Users/hamdy/Desktop/Work Code/My Project Code/SYSeducore/.venv/lib/python3.14/site-packages/django/db/backends/utils.py", line 122, in execute
    return super().execute(sql, params)
           ~~~~~~~~~~~~~~~^^^^^^^^^^^^^
  File "/Users/hamdy/Desktop/Work Code/My Project Code/SYSeducore/.venv/lib/python3.14/site-packages/django/db/backends/utils.py", line 79, in execute
    return self._execute_with_wrappers(
           ~~~~~~~~~~~~~~~~~~~~~~~~~~~^
        sql, params, many=False, executor=self._execute
        ^^^^^^^^^^^^^^^^^^^^^^^^^^^^^^^^^^^^^^^^^^^^^^^
    )
    ^
  File "/Users/hamdy/Desktop/Work Code/My Project Code/SYSeducore/.venv/lib/python3.14/site-packages/django/db/backends/utils.py", line 92, in _execute_with_wrappers
    return executor(sql, params, many, context)
  File "/Users/hamdy/Desktop/Work Code/My Project Code/SYSeducore/.venv/lib/python3.14/site-packages/django/db/backends/utils.py", line 100, in _execute
    with self.db.wrap_database_errors:
         ^^^^^^^^^^^^^^^^^^^^^^^^^^^^
  File "/Users/hamdy/Desktop/Work Code/My Project Code/SYSeducore/.venv/lib/python3.14/site-packages/django/db/utils.py", line 91, in __exit__
    raise dj_exc_value.with_traceback(traceback) from exc_value
  File "/Users/hamdy/Desktop/Work Code/My Project Code/SYSeducore/.venv/lib/python3.14/site-packages/django/db/backends/utils.py", line 105, in _execute
    return self.cursor.execute(sql, params)
           ~~~~~~~~~~~~~~~~~~~^^^^^^^^^^^^^
  File "/Users/hamdy/Desktop/Work Code/My Project Code/SYSeducore/.venv/lib/python3.14/site-packages/django/db/backends/sqlite3/base.py", line 360, in execute
    return super().execute(query, params)
           ~~~~~~~~~~~~~~~^^^^^^^^^^^^^^^
django.db.utils.OperationalError: no such column: students.date_of_birth
"GET /reports/payments/ HTTP/1.1" 500 225676
Internal Server Error: /students/
Traceback (most recent call last):
  File "/Users/hamdy/Desktop/Work Code/My Project Code/SYSeducore/.venv/lib/python3.14/site-packages/django/core/handlers/exception.py", line 55, in inner
    response = get_response(request)
  File "/Users/hamdy/Desktop/Work Code/My Project Code/SYSeducore/.venv/lib/python3.14/site-packages/django/core/handlers/base.py", line 197, in _get_response
    response = wrapped_callback(request, *callback_args, **callback_kwargs)
  File "/Users/hamdy/Desktop/Work Code/My Project Code/SYSeducore/.venv/lib/python3.14/site-packages/django/contrib/auth/decorators.py", line 59, in _view_wrapper
    return view_func(request, *args, **kwargs)
  File "/Users/hamdy/Desktop/Work Code/My Project Code/SYSeducore/apps/students/views.py", line 29, in student_list
    students = Student.objects.all().annotate(
               ~~~~~~~~~~~~~~~~~~~~~~~~~~~~~~^
        groups_count=Count(
        ^^^^^^^^^^^^^^^^^^^
    ...<2 lines>...
        )
        ^
    ).prefetch_related(
    ^
  File "/Users/hamdy/Desktop/Work Code/My Project Code/SYSeducore/.venv/lib/python3.14/site-packages/django/db/models/query.py", line 1654, in annotate
    return self._annotate(args, kwargs, select=True)
           ~~~~~~~~~~~~~~^^^^^^^^^^^^^^^^^^^^^^^^^^^
  File "/Users/hamdy/Desktop/Work Code/My Project Code/SYSeducore/.venv/lib/python3.14/site-packages/django/db/models/query.py", line 1706, in _annotate
    clone.query.add_annotation(
    ~~~~~~~~~~~~~~~~~~~~~~~~~~^
        annotation,
        ^^^^^^^^^^^
        alias,
        ^^^^^^
        select=select,
        ^^^^^^^^^^^^^^
    )
    ^
  File "/Users/hamdy/Desktop/Work Code/My Project Code/SYSeducore/.venv/lib/python3.14/site-packages/django/db/models/sql/query.py", line 1218, in add_annotation
    annotation = annotation.resolve_expression(self, allow_joins=True, reuse=None)
  File "/Users/hamdy/Desktop/Work Code/My Project Code/SYSeducore/.venv/lib/python3.14/site-packages/django/db/models/aggregates.py", line 176, in resolve_expression
    result = super().resolve_expression(*args, **kwargs)
  File "/Users/hamdy/Desktop/Work Code/My Project Code/SYSeducore/.venv/lib/python3.14/site-packages/django/db/models/aggregates.py", line 63, in resolve_expression
    c = super().resolve_expression(query, allow_joins, reuse, summarize)
  File "/Users/hamdy/Desktop/Work Code/My Project Code/SYSeducore/.venv/lib/python3.14/site-packages/django/db/models/expressions.py", line 300, in resolve_expression
    expr.resolve_expression(query, allow_joins, reuse, summarize, for_save)
    ~~~~~~~~~~~~~~~~~~~~~~~^^^^^^^^^^^^^^^^^^^^^^^^^^^^^^^^^^^^^^^^^^^^^^^^
  File "/Users/hamdy/Desktop/Work Code/My Project Code/SYSeducore/.venv/lib/python3.14/site-packages/django/db/models/query_utils.py", line 95, in resolve_expression
    clause, joins = query._add_q(
                    ~~~~~~~~~~~~^
        self,
        ^^^^^
    ...<4 lines>...
        summarize=summarize,
        ^^^^^^^^^^^^^^^^^^^^
    )
    ^
  File "/Users/hamdy/Desktop/Work Code/My Project Code/SYSeducore/.venv/lib/python3.14/site-packages/django/db/models/sql/query.py", line 1678, in _add_q
    child_clause, needed_inner = self.build_filter(
                                 ~~~~~~~~~~~~~~~~~^
        child,
        ^^^^^^
    ...<7 lines>...
        update_join_types=update_join_types,
        ^^^^^^^^^^^^^^^^^^^^^^^^^^^^^^^^^^^^
    )
    ^
  File "/Users/hamdy/Desktop/Work Code/My Project Code/SYSeducore/.venv/lib/python3.14/site-packages/django/db/models/sql/query.py", line 1526, in build_filter
    lookups, parts, reffed_expression = self.solve_lookup_type(arg, summarize)
                                        ~~~~~~~~~~~~~~~~~~~~~~^^^^^^^^^^^^^^^^
  File "/Users/hamdy/Desktop/Work Code/My Project Code/SYSeducore/.venv/lib/python3.14/site-packages/django/db/models/sql/query.py", line 1333, in solve_lookup_type
    _, field, _, lookup_parts = self.names_to_path(lookup_splitted, self.get_meta())
                                ~~~~~~~~~~~~~~~~~~^^^^^^^^^^^^^^^^^^^^^^^^^^^^^^^^^^
  File "/Users/hamdy/Desktop/Work Code/My Project Code/SYSeducore/.venv/lib/python3.14/site-packages/django/db/models/sql/query.py", line 1806, in names_to_path
    raise FieldError(
    ...<2 lines>...
    )
django.core.exceptions.FieldError: Cannot resolve keyword 'studentgroupenrollment' into field. Choices are: address, attendances, created_at, date_of_birth, full_name, grade, group_enrollments, groups, is_active, parent_name, parent_phone, payments, school_name, student_code, student_id, updated_at
"GET /students/ HTTP/1.1" 500 139838
Internal Server Error: /students/
Traceback (most recent call last):
  File "/Users/hamdy/Desktop/Work Code/My Project Code/SYSeducore/.venv/lib/python3.14/site-packages/django/core/handlers/exception.py", line 55, in inner
    response = get_response(request)
  File "/Users/hamdy/Desktop/Work Code/My Project Code/SYSeducore/.venv/lib/python3.14/site-packages/django/core/handlers/base.py", line 197, in _get_response
    response = wrapped_callback(request, *callback_args, **callback_kwargs)
  File "/Users/hamdy/Desktop/Work Code/My Project Code/SYSeducore/.venv/lib/python3.14/site-packages/django/contrib/auth/decorators.py", line 59, in _view_wrapper
    return view_func(request, *args, **kwargs)
  File "/Users/hamdy/Desktop/Work Code/My Project Code/SYSeducore/apps/students/views.py", line 29, in student_list
    students = Student.objects.all().annotate(
               ~~~~~~~~~~~~~~~~~~~~~~~~~~~~~~^
        groups_count=Count(
        ^^^^^^^^^^^^^^^^^^^
    ...<2 lines>...
        )
        ^
    ).prefetch_related(
    ^
  File "/Users/hamdy/Desktop/Work Code/My Project Code/SYSeducore/.venv/lib/python3.14/site-packages/django/db/models/query.py", line 1654, in annotate
    return self._annotate(args, kwargs, select=True)
           ~~~~~~~~~~~~~~^^^^^^^^^^^^^^^^^^^^^^^^^^^
  File "/Users/hamdy/Desktop/Work Code/My Project Code/SYSeducore/.venv/lib/python3.14/site-packages/django/db/models/query.py", line 1706, in _annotate
    clone.query.add_annotation(
    ~~~~~~~~~~~~~~~~~~~~~~~~~~^
        annotation,
        ^^^^^^^^^^^
        alias,
        ^^^^^^
        select=select,
        ^^^^^^^^^^^^^^
    )
    ^
  File "/Users/hamdy/Desktop/Work Code/My Project Code/SYSeducore/.venv/lib/python3.14/site-packages/django/db/models/sql/query.py", line 1218, in add_annotation
    annotation = annotation.resolve_expression(self, allow_joins=True, reuse=None)
  File "/Users/hamdy/Desktop/Work Code/My Project Code/SYSeducore/.venv/lib/python3.14/site-packages/django/db/models/aggregates.py", line 176, in resolve_expression
    result = super().resolve_expression(*args, **kwargs)
  File "/Users/hamdy/Desktop/Work Code/My Project Code/SYSeducore/.venv/lib/python3.14/site-packages/django/db/models/aggregates.py", line 63, in resolve_expression
    c = super().resolve_expression(query, allow_joins, reuse, summarize)
  File "/Users/hamdy/Desktop/Work Code/My Project Code/SYSeducore/.venv/lib/python3.14/site-packages/django/db/models/expressions.py", line 300, in resolve_expression
    expr.resolve_expression(query, allow_joins, reuse, summarize, for_save)
    ~~~~~~~~~~~~~~~~~~~~~~~^^^^^^^^^^^^^^^^^^^^^^^^^^^^^^^^^^^^^^^^^^^^^^^^
  File "/Users/hamdy/Desktop/Work Code/My Project Code/SYSeducore/.venv/lib/python3.14/site-packages/django/db/models/query_utils.py", line 95, in resolve_expression
    clause, joins = query._add_q(
                    ~~~~~~~~~~~~^
        self,
        ^^^^^
    ...<4 lines>...
        summarize=summarize,
        ^^^^^^^^^^^^^^^^^^^^
    )
    ^
  File "/Users/hamdy/Desktop/Work Code/My Project Code/SYSeducore/.venv/lib/python3.14/site-packages/django/db/models/sql/query.py", line 1678, in _add_q
    child_clause, needed_inner = self.build_filter(
                                 ~~~~~~~~~~~~~~~~~^
        child,
        ^^^^^^
    ...<7 lines>...
        update_join_types=update_join_types,
        ^^^^^^^^^^^^^^^^^^^^^^^^^^^^^^^^^^^^
    )
    ^
  File "/Users/hamdy/Desktop/Work Code/My Project Code/SYSeducore/.venv/lib/python3.14/site-packages/django/db/models/sql/query.py", line 1526, in build_filter
    lookups, parts, reffed_expression = self.solve_lookup_type(arg, summarize)
                                        ~~~~~~~~~~~~~~~~~~~~~~^^^^^^^^^^^^^^^^
  File "/Users/hamdy/Desktop/Work Code/My Project Code/SYSeducore/.venv/lib/python3.14/site-packages/django/db/models/sql/query.py", line 1333, in solve_lookup_type
    _, field, _, lookup_parts = self.names_to_path(lookup_splitted, self.get_meta())
                                ~~~~~~~~~~~~~~~~~~^^^^^^^^^^^^^^^^^^^^^^^^^^^^^^^^^^
  File "/Users/hamdy/Desktop/Work Code/My Project Code/SYSeducore/.venv/lib/python3.14/site-packages/django/db/models/sql/query.py", line 1806, in names_to_path
    raise FieldError(
    ...<2 lines>...
    )
django.core.exceptions.FieldError: Cannot resolve keyword 'studentgroupenrollment' into field. Choices are: address, attendances, created_at, date_of_birth, full_name, grade, group_enrollments, groups, is_active, parent_name, parent_phone, payments, school_name, student_code, student_id, updated_at
"GET /students/ HTTP/1.1" 500 139838
Internal Server Error: /students/
Traceback (most recent call last):
  File "/Users/hamdy/Desktop/Work Code/My Project Code/SYSeducore/.venv/lib/python3.14/site-packages/django/core/handlers/exception.py", line 55, in inner
    response = get_response(request)
  File "/Users/hamdy/Desktop/Work Code/My Project Code/SYSeducore/.venv/lib/python3.14/site-packages/django/core/handlers/base.py", line 197, in _get_response
    response = wrapped_callback(request, *callback_args, **callback_kwargs)
  File "/Users/hamdy/Desktop/Work Code/My Project Code/SYSeducore/.venv/lib/python3.14/site-packages/django/contrib/auth/decorators.py", line 59, in _view_wrapper
    return view_func(request, *args, **kwargs)
  File "/Users/hamdy/Desktop/Work Code/My Project Code/SYSeducore/apps/students/views.py", line 29, in student_list
    students = Student.objects.all().annotate(
               ~~~~~~~~~~~~~~~~~~~~~~~~~~~~~~^
        groups_count=Count(
        ^^^^^^^^^^^^^^^^^^^
    ...<2 lines>...
        )
        ^
    ).prefetch_related(
    ^
  File "/Users/hamdy/Desktop/Work Code/My Project Code/SYSeducore/.venv/lib/python3.14/site-packages/django/db/models/query.py", line 1654, in annotate
    return self._annotate(args, kwargs, select=True)
           ~~~~~~~~~~~~~~^^^^^^^^^^^^^^^^^^^^^^^^^^^
  File "/Users/hamdy/Desktop/Work Code/My Project Code/SYSeducore/.venv/lib/python3.14/site-packages/django/db/models/query.py", line 1706, in _annotate
    clone.query.add_annotation(
    ~~~~~~~~~~~~~~~~~~~~~~~~~~^
        annotation,
        ^^^^^^^^^^^
        alias,
        ^^^^^^
        select=select,
        ^^^^^^^^^^^^^^
    )
    ^
  File "/Users/hamdy/Desktop/Work Code/My Project Code/SYSeducore/.venv/lib/python3.14/site-packages/django/db/models/sql/query.py", line 1218, in add_annotation
    annotation = annotation.resolve_expression(self, allow_joins=True, reuse=None)
  File "/Users/hamdy/Desktop/Work Code/My Project Code/SYSeducore/.venv/lib/python3.14/site-packages/django/db/models/aggregates.py", line 176, in resolve_expression
    result = super().resolve_expression(*args, **kwargs)
  File "/Users/hamdy/Desktop/Work Code/My Project Code/SYSeducore/.venv/lib/python3.14/site-packages/django/db/models/aggregates.py", line 63, in resolve_expression
    c = super().resolve_expression(query, allow_joins, reuse, summarize)
  File "/Users/hamdy/Desktop/Work Code/My Project Code/SYSeducore/.venv/lib/python3.14/site-packages/django/db/models/expressions.py", line 300, in resolve_expression
    expr.resolve_expression(query, allow_joins, reuse, summarize, for_save)
    ~~~~~~~~~~~~~~~~~~~~~~~^^^^^^^^^^^^^^^^^^^^^^^^^^^^^^^^^^^^^^^^^^^^^^^^
  File "/Users/hamdy/Desktop/Work Code/My Project Code/SYSeducore/.venv/lib/python3.14/site-packages/django/db/models/query_utils.py", line 95, in resolve_expression
    clause, joins = query._add_q(
                    ~~~~~~~~~~~~^
        self,
        ^^^^^
    ...<4 lines>...
        summarize=summarize,
        ^^^^^^^^^^^^^^^^^^^^
    )
    ^
  File "/Users/hamdy/Desktop/Work Code/My Project Code/SYSeducore/.venv/lib/python3.14/site-packages/django/db/models/sql/query.py", line 1678, in _add_q
    child_clause, needed_inner = self.build_filter(
                                 ~~~~~~~~~~~~~~~~~^
        child,
        ^^^^^^
    ...<7 lines>...
        update_join_types=update_join_types,
        ^^^^^^^^^^^^^^^^^^^^^^^^^^^^^^^^^^^^
    )
    ^
  File "/Users/hamdy/Desktop/Work Code/My Project Code/SYSeducore/.venv/lib/python3.14/site-packages/django/db/models/sql/query.py", line 1526, in build_filter
    lookups, parts, reffed_expression = self.solve_lookup_type(arg, summarize)
                                        ~~~~~~~~~~~~~~~~~~~~~~^^^^^^^^^^^^^^^^
  File "/Users/hamdy/Desktop/Work Code/My Project Code/SYSeducore/.venv/lib/python3.14/site-packages/django/db/models/sql/query.py", line 1333, in solve_lookup_type
    _, field, _, lookup_parts = self.names_to_path(lookup_splitted, self.get_meta())
                                ~~~~~~~~~~~~~~~~~~^^^^^^^^^^^^^^^^^^^^^^^^^^^^^^^^^^
  File "/Users/hamdy/Desktop/Work Code/My Project Code/SYSeducore/.venv/lib/python3.14/site-packages/django/db/models/sql/query.py", line 1806, in names_to_path
    raise FieldError(
    ...<2 lines>...
    )
django.core.exceptions.FieldError: Cannot resolve keyword 'studentgroupenrollment' into field. Choices are: address, attendances, created_at, date_of_birth, full_name, grade, group_enrollments, groups, is_active, parent_name, parent_phone, payments, school_name, student_code, student_id, updated_at
"GET /students/ HTTP/1.1" 500 139838
Internal Server Error: /students/
Traceback (most recent call last):
  File "/Users/hamdy/Desktop/Work Code/My Project Code/SYSeducore/.venv/lib/python3.14/site-packages/django/core/handlers/exception.py", line 55, in inner
    response = get_response(request)
  File "/Users/hamdy/Desktop/Work Code/My Project Code/SYSeducore/.venv/lib/python3.14/site-packages/django/core/handlers/base.py", line 197, in _get_response
    response = wrapped_callback(request, *callback_args, **callback_kwargs)
  File "/Users/hamdy/Desktop/Work Code/My Project Code/SYSeducore/.venv/lib/python3.14/site-packages/django/contrib/auth/decorators.py", line 59, in _view_wrapper
    return view_func(request, *args, **kwargs)
  File "/Users/hamdy/Desktop/Work Code/My Project Code/SYSeducore/apps/students/views.py", line 29, in student_list
    students = Student.objects.all().annotate(
               ~~~~~~~~~~~~~~~~~~~~~~~~~~~~~~^
        groups_count=Count(
        ^^^^^^^^^^^^^^^^^^^
    ...<2 lines>...
        )
        ^
    ).prefetch_related(
    ^
  File "/Users/hamdy/Desktop/Work Code/My Project Code/SYSeducore/.venv/lib/python3.14/site-packages/django/db/models/query.py", line 1654, in annotate
    return self._annotate(args, kwargs, select=True)
           ~~~~~~~~~~~~~~^^^^^^^^^^^^^^^^^^^^^^^^^^^
  File "/Users/hamdy/Desktop/Work Code/My Project Code/SYSeducore/.venv/lib/python3.14/site-packages/django/db/models/query.py", line 1706, in _annotate
    clone.query.add_annotation(
    ~~~~~~~~~~~~~~~~~~~~~~~~~~^
        annotation,
        ^^^^^^^^^^^
        alias,
        ^^^^^^
        select=select,
        ^^^^^^^^^^^^^^
    )
    ^
  File "/Users/hamdy/Desktop/Work Code/My Project Code/SYSeducore/.venv/lib/python3.14/site-packages/django/db/models/sql/query.py", line 1218, in add_annotation
    annotation = annotation.resolve_expression(self, allow_joins=True, reuse=None)
  File "/Users/hamdy/Desktop/Work Code/My Project Code/SYSeducore/.venv/lib/python3.14/site-packages/django/db/models/aggregates.py", line 176, in resolve_expression
    result = super().resolve_expression(*args, **kwargs)
  File "/Users/hamdy/Desktop/Work Code/My Project Code/SYSeducore/.venv/lib/python3.14/site-packages/django/db/models/aggregates.py", line 63, in resolve_expression
    c = super().resolve_expression(query, allow_joins, reuse, summarize)
  File "/Users/hamdy/Desktop/Work Code/My Project Code/SYSeducore/.venv/lib/python3.14/site-packages/django/db/models/expressions.py", line 300, in resolve_expression
    expr.resolve_expression(query, allow_joins, reuse, summarize, for_save)
    ~~~~~~~~~~~~~~~~~~~~~~~^^^^^^^^^^^^^^^^^^^^^^^^^^^^^^^^^^^^^^^^^^^^^^^^
  File "/Users/hamdy/Desktop/Work Code/My Project Code/SYSeducore/.venv/lib/python3.14/site-packages/django/db/models/query_utils.py", line 95, in resolve_expression
    clause, joins = query._add_q(
                    ~~~~~~~~~~~~^
        self,
        ^^^^^
    ...<4 lines>...
        summarize=summarize,
        ^^^^^^^^^^^^^^^^^^^^
    )
    ^
  File "/Users/hamdy/Desktop/Work Code/My Project Code/SYSeducore/.venv/lib/python3.14/site-packages/django/db/models/sql/query.py", line 1678, in _add_q
    child_clause, needed_inner = self.build_filter(
                                 ~~~~~~~~~~~~~~~~~^
        child,
        ^^^^^^
    ...<7 lines>...
        update_join_types=update_join_types,
        ^^^^^^^^^^^^^^^^^^^^^^^^^^^^^^^^^^^^
    )
    ^
  File "/Users/hamdy/Desktop/Work Code/My Project Code/SYSeducore/.venv/lib/python3.14/site-packages/django/db/models/sql/query.py", line 1526, in build_filter
    lookups, parts, reffed_expression = self.solve_lookup_type(arg, summarize)
                                        ~~~~~~~~~~~~~~~~~~~~~~^^^^^^^^^^^^^^^^
  File "/Users/hamdy/Desktop/Work Code/My Project Code/SYSeducore/.venv/lib/python3.14/site-packages/django/db/models/sql/query.py", line 1333, in solve_lookup_type
    _, field, _, lookup_parts = self.names_to_path(lookup_splitted, self.get_meta())
                                ~~~~~~~~~~~~~~~~~~^^^^^^^^^^^^^^^^^^^^^^^^^^^^^^^^^^
  File "/Users/hamdy/Desktop/Work Code/My Project Code/SYSeducore/.venv/lib/python3.14/site-packages/django/db/models/sql/query.py", line 1806, in names_to_path
    raise FieldError(
    ...<2 lines>...
    )
django.core.exceptions.FieldError: Cannot resolve keyword 'studentgroupenrollment' into field. Choices are: address, attendances, created_at, date_of_birth, full_name, grade, group_enrollments, groups, is_active, parent_name, parent_phone, payments, school_name, student_code, student_id, updated_at
"GET /students/ HTTP/1.1" 500 139838
Internal Server Error: /students/
Traceback (most recent call last):
  File "/Users/hamdy/Desktop/Work Code/My Project Code/SYSeducore/.venv/lib/python3.14/site-packages/django/core/handlers/exception.py", line 55, in inner
    response = get_response(request)
  File "/Users/hamdy/Desktop/Work Code/My Project Code/SYSeducore/.venv/lib/python3.14/site-packages/django/core/handlers/base.py", line 197, in _get_response
    response = wrapped_callback(request, *callback_args, **callback_kwargs)
  File "/Users/hamdy/Desktop/Work Code/My Project Code/SYSeducore/.venv/lib/python3.14/site-packages/django/contrib/auth/decorators.py", line 59, in _view_wrapper
    return view_func(request, *args, **kwargs)
  File "/Users/hamdy/Desktop/Work Code/My Project Code/SYSeducore/apps/students/views.py", line 29, in student_list
    students = Student.objects.all().annotate(
               ~~~~~~~~~~~~~~~~~~~~~~~~~~~~~~^
        groups_count=Count(
        ^^^^^^^^^^^^^^^^^^^
    ...<2 lines>...
        )
        ^
    ).prefetch_related(
    ^
  File "/Users/hamdy/Desktop/Work Code/My Project Code/SYSeducore/.venv/lib/python3.14/site-packages/django/db/models/query.py", line 1654, in annotate
    return self._annotate(args, kwargs, select=True)
           ~~~~~~~~~~~~~~^^^^^^^^^^^^^^^^^^^^^^^^^^^
  File "/Users/hamdy/Desktop/Work Code/My Project Code/SYSeducore/.venv/lib/python3.14/site-packages/django/db/models/query.py", line 1706, in _annotate
    clone.query.add_annotation(
    ~~~~~~~~~~~~~~~~~~~~~~~~~~^
        annotation,
        ^^^^^^^^^^^
        alias,
        ^^^^^^
        select=select,
        ^^^^^^^^^^^^^^
    )
    ^
  File "/Users/hamdy/Desktop/Work Code/My Project Code/SYSeducore/.venv/lib/python3.14/site-packages/django/db/models/sql/query.py", line 1218, in add_annotation
    annotation = annotation.resolve_expression(self, allow_joins=True, reuse=None)
  File "/Users/hamdy/Desktop/Work Code/My Project Code/SYSeducore/.venv/lib/python3.14/site-packages/django/db/models/aggregates.py", line 176, in resolve_expression
    result = super().resolve_expression(*args, **kwargs)
  File "/Users/hamdy/Desktop/Work Code/My Project Code/SYSeducore/.venv/lib/python3.14/site-packages/django/db/models/aggregates.py", line 63, in resolve_expression
    c = super().resolve_expression(query, allow_joins, reuse, summarize)
  File "/Users/hamdy/Desktop/Work Code/My Project Code/SYSeducore/.venv/lib/python3.14/site-packages/django/db/models/expressions.py", line 300, in resolve_expression
    expr.resolve_expression(query, allow_joins, reuse, summarize, for_save)
    ~~~~~~~~~~~~~~~~~~~~~~~^^^^^^^^^^^^^^^^^^^^^^^^^^^^^^^^^^^^^^^^^^^^^^^^
  File "/Users/hamdy/Desktop/Work Code/My Project Code/SYSeducore/.venv/lib/python3.14/site-packages/django/db/models/query_utils.py", line 95, in resolve_expression
    clause, joins = query._add_q(
                    ~~~~~~~~~~~~^
        self,
        ^^^^^
    ...<4 lines>...
        summarize=summarize,
        ^^^^^^^^^^^^^^^^^^^^
    )
    ^
  File "/Users/hamdy/Desktop/Work Code/My Project Code/SYSeducore/.venv/lib/python3.14/site-packages/django/db/models/sql/query.py", line 1678, in _add_q
    child_clause, needed_inner = self.build_filter(
                                 ~~~~~~~~~~~~~~~~~^
        child,
        ^^^^^^
    ...<7 lines>...
        update_join_types=update_join_types,
        ^^^^^^^^^^^^^^^^^^^^^^^^^^^^^^^^^^^^
    )
    ^
  File "/Users/hamdy/Desktop/Work Code/My Project Code/SYSeducore/.venv/lib/python3.14/site-packages/django/db/models/sql/query.py", line 1526, in build_filter
    lookups, parts, reffed_expression = self.solve_lookup_type(arg, summarize)
                                        ~~~~~~~~~~~~~~~~~~~~~~^^^^^^^^^^^^^^^^
  File "/Users/hamdy/Desktop/Work Code/My Project Code/SYSeducore/.venv/lib/python3.14/site-packages/django/db/models/sql/query.py", line 1333, in solve_lookup_type
    _, field, _, lookup_parts = self.names_to_path(lookup_splitted, self.get_meta())
                                ~~~~~~~~~~~~~~~~~~^^^^^^^^^^^^^^^^^^^^^^^^^^^^^^^^^^
  File "/Users/hamdy/Desktop/Work Code/My Project Code/SYSeducore/.venv/lib/python3.14/site-packages/django/db/models/sql/query.py", line 1806, in names_to_path
    raise FieldError(
    ...<2 lines>...
    )
django.core.exceptions.FieldError: Cannot resolve keyword 'studentgroupenrollment' into field. Choices are: address, attendances, created_at, date_of_birth, full_name, grade, group_enrollments, groups, is_active, parent_name, parent_phone, payments, school_name, student_code, student_id, updated_at
"GET /students/ HTTP/1.1" 500 139838
Internal Server Error: /students/
Traceback (most recent call last):
  File "/Users/hamdy/Desktop/Work Code/My Project Code/SYSeducore/.venv/lib/python3.14/site-packages/django/core/handlers/exception.py", line 55, in inner
    response = get_response(request)
  File "/Users/hamdy/Desktop/Work Code/My Project Code/SYSeducore/.venv/lib/python3.14/site-packages/django/core/handlers/base.py", line 197, in _get_response
    response = wrapped_callback(request, *callback_args, **callback_kwargs)
  File "/Users/hamdy/Desktop/Work Code/My Project Code/SYSeducore/.venv/lib/python3.14/site-packages/django/contrib/auth/decorators.py", line 59, in _view_wrapper
    return view_func(request, *args, **kwargs)
  File "/Users/hamdy/Desktop/Work Code/My Project Code/SYSeducore/apps/students/views.py", line 29, in student_list
    students = Student.objects.all().annotate(
               ~~~~~~~~~~~~~~~~~~~~~~~~~~~~~~^
        groups_count=Count(
        ^^^^^^^^^^^^^^^^^^^
    ...<2 lines>...
        )
        ^
    ).prefetch_related(
    ^
  File "/Users/hamdy/Desktop/Work Code/My Project Code/SYSeducore/.venv/lib/python3.14/site-packages/django/db/models/query.py", line 1654, in annotate
    return self._annotate(args, kwargs, select=True)
           ~~~~~~~~~~~~~~^^^^^^^^^^^^^^^^^^^^^^^^^^^
  File "/Users/hamdy/Desktop/Work Code/My Project Code/SYSeducore/.venv/lib/python3.14/site-packages/django/db/models/query.py", line 1706, in _annotate
    clone.query.add_annotation(
    ~~~~~~~~~~~~~~~~~~~~~~~~~~^
        annotation,
        ^^^^^^^^^^^
        alias,
        ^^^^^^
        select=select,
        ^^^^^^^^^^^^^^
    )
    ^
  File "/Users/hamdy/Desktop/Work Code/My Project Code/SYSeducore/.venv/lib/python3.14/site-packages/django/db/models/sql/query.py", line 1218, in add_annotation
    annotation = annotation.resolve_expression(self, allow_joins=True, reuse=None)
  File "/Users/hamdy/Desktop/Work Code/My Project Code/SYSeducore/.venv/lib/python3.14/site-packages/django/db/models/aggregates.py", line 176, in resolve_expression
    result = super().resolve_expression(*args, **kwargs)
  File "/Users/hamdy/Desktop/Work Code/My Project Code/SYSeducore/.venv/lib/python3.14/site-packages/django/db/models/aggregates.py", line 63, in resolve_expression
    c = super().resolve_expression(query, allow_joins, reuse, summarize)
  File "/Users/hamdy/Desktop/Work Code/My Project Code/SYSeducore/.venv/lib/python3.14/site-packages/django/db/models/expressions.py", line 300, in resolve_expression
    expr.resolve_expression(query, allow_joins, reuse, summarize, for_save)
    ~~~~~~~~~~~~~~~~~~~~~~~^^^^^^^^^^^^^^^^^^^^^^^^^^^^^^^^^^^^^^^^^^^^^^^^
  File "/Users/hamdy/Desktop/Work Code/My Project Code/SYSeducore/.venv/lib/python3.14/site-packages/django/db/models/query_utils.py", line 95, in resolve_expression
    clause, joins = query._add_q(
                    ~~~~~~~~~~~~^
        self,
        ^^^^^
    ...<4 lines>...
        summarize=summarize,
        ^^^^^^^^^^^^^^^^^^^^
    )
    ^
  File "/Users/hamdy/Desktop/Work Code/My Project Code/SYSeducore/.venv/lib/python3.14/site-packages/django/db/models/sql/query.py", line 1678, in _add_q
    child_clause, needed_inner = self.build_filter(
                                 ~~~~~~~~~~~~~~~~~^
        child,
        ^^^^^^
    ...<7 lines>...
        update_join_types=update_join_types,
        ^^^^^^^^^^^^^^^^^^^^^^^^^^^^^^^^^^^^
    )
    ^
  File "/Users/hamdy/Desktop/Work Code/My Project Code/SYSeducore/.venv/lib/python3.14/site-packages/django/db/models/sql/query.py", line 1526, in build_filter
    lookups, parts, reffed_expression = self.solve_lookup_type(arg, summarize)
                                        ~~~~~~~~~~~~~~~~~~~~~~^^^^^^^^^^^^^^^^
  File "/Users/hamdy/Desktop/Work Code/My Project Code/SYSeducore/.venv/lib/python3.14/site-packages/django/db/models/sql/query.py", line 1333, in solve_lookup_type
    _, field, _, lookup_parts = self.names_to_path(lookup_splitted, self.get_meta())
                                ~~~~~~~~~~~~~~~~~~^^^^^^^^^^^^^^^^^^^^^^^^^^^^^^^^^^
  File "/Users/hamdy/Desktop/Work Code/My Project Code/SYSeducore/.venv/lib/python3.14/site-packages/django/db/models/sql/query.py", line 1806, in names_to_path
    raise FieldError(
    ...<2 lines>...
    )
django.core.exceptions.FieldError: Cannot resolve keyword 'studentgroupenrollment' into field. Choices are: address, attendances, created_at, date_of_birth, full_name, grade, group_enrollments, groups, is_active, parent_name, parent_phone, payments, school_name, student_code, student_id, updated_at
"GET /students/ HTTP/1.1" 500 139838
Internal Server Error: /students/
Traceback (most recent call last):
  File "/Users/hamdy/Desktop/Work Code/My Project Code/SYSeducore/.venv/lib/python3.14/site-packages/django/core/handlers/exception.py", line 55, in inner
    response = get_response(request)
  File "/Users/hamdy/Desktop/Work Code/My Project Code/SYSeducore/.venv/lib/python3.14/site-packages/django/core/handlers/base.py", line 197, in _get_response
    response = wrapped_callback(request, *callback_args, **callback_kwargs)
  File "/Users/hamdy/Desktop/Work Code/My Project Code/SYSeducore/.venv/lib/python3.14/site-packages/django/contrib/auth/decorators.py", line 59, in _view_wrapper
    return view_func(request, *args, **kwargs)
  File "/Users/hamdy/Desktop/Work Code/My Project Code/SYSeducore/apps/students/views.py", line 29, in student_list
    students = Student.objects.all().annotate(
               ~~~~~~~~~~~~~~~~~~~~~~~~~~~~~~^
        groups_count=Count(
        ^^^^^^^^^^^^^^^^^^^
    ...<2 lines>...
        )
        ^
    ).prefetch_related(
    ^
  File "/Users/hamdy/Desktop/Work Code/My Project Code/SYSeducore/.venv/lib/python3.14/site-packages/django/db/models/query.py", line 1654, in annotate
    return self._annotate(args, kwargs, select=True)
           ~~~~~~~~~~~~~~^^^^^^^^^^^^^^^^^^^^^^^^^^^
  File "/Users/hamdy/Desktop/Work Code/My Project Code/SYSeducore/.venv/lib/python3.14/site-packages/django/db/models/query.py", line 1706, in _annotate
    clone.query.add_annotation(
    ~~~~~~~~~~~~~~~~~~~~~~~~~~^
        annotation,
        ^^^^^^^^^^^
        alias,
        ^^^^^^
        select=select,
        ^^^^^^^^^^^^^^
    )
    ^
  File "/Users/hamdy/Desktop/Work Code/My Project Code/SYSeducore/.venv/lib/python3.14/site-packages/django/db/models/sql/query.py", line 1218, in add_annotation
    annotation = annotation.resolve_expression(self, allow_joins=True, reuse=None)
  File "/Users/hamdy/Desktop/Work Code/My Project Code/SYSeducore/.venv/lib/python3.14/site-packages/django/db/models/aggregates.py", line 176, in resolve_expression
    result = super().resolve_expression(*args, **kwargs)
  File "/Users/hamdy/Desktop/Work Code/My Project Code/SYSeducore/.venv/lib/python3.14/site-packages/django/db/models/aggregates.py", line 63, in resolve_expression
    c = super().resolve_expression(query, allow_joins, reuse, summarize)
  File "/Users/hamdy/Desktop/Work Code/My Project Code/SYSeducore/.venv/lib/python3.14/site-packages/django/db/models/expressions.py", line 300, in resolve_expression
    expr.resolve_expression(query, allow_joins, reuse, summarize, for_save)
    ~~~~~~~~~~~~~~~~~~~~~~~^^^^^^^^^^^^^^^^^^^^^^^^^^^^^^^^^^^^^^^^^^^^^^^^
  File "/Users/hamdy/Desktop/Work Code/My Project Code/SYSeducore/.venv/lib/python3.14/site-packages/django/db/models/query_utils.py", line 95, in resolve_expression
    clause, joins = query._add_q(
                    ~~~~~~~~~~~~^
        self,
        ^^^^^
    ...<4 lines>...
        summarize=summarize,
        ^^^^^^^^^^^^^^^^^^^^
    )
    ^
  File "/Users/hamdy/Desktop/Work Code/My Project Code/SYSeducore/.venv/lib/python3.14/site-packages/django/db/models/sql/query.py", line 1678, in _add_q
    child_clause, needed_inner = self.build_filter(
                                 ~~~~~~~~~~~~~~~~~^
        child,
        ^^^^^^
    ...<7 lines>...
        update_join_types=update_join_types,
        ^^^^^^^^^^^^^^^^^^^^^^^^^^^^^^^^^^^^
    )
    ^
  File "/Users/hamdy/Desktop/Work Code/My Project Code/SYSeducore/.venv/lib/python3.14/site-packages/django/db/models/sql/query.py", line 1526, in build_filter
    lookups, parts, reffed_expression = self.solve_lookup_type(arg, summarize)
                                        ~~~~~~~~~~~~~~~~~~~~~~^^^^^^^^^^^^^^^^
  File "/Users/hamdy/Desktop/Work Code/My Project Code/SYSeducore/.venv/lib/python3.14/site-packages/django/db/models/sql/query.py", line 1333, in solve_lookup_type
    _, field, _, lookup_parts = self.names_to_path(lookup_splitted, self.get_meta())
                                ~~~~~~~~~~~~~~~~~~^^^^^^^^^^^^^^^^^^^^^^^^^^^^^^^^^^
  File "/Users/hamdy/Desktop/Work Code/My Project Code/SYSeducore/.venv/lib/python3.14/site-packages/django/db/models/sql/query.py", line 1806, in names_to_path
    raise FieldError(
    ...<2 lines>...
    )
django.core.exceptions.FieldError: Cannot resolve keyword 'studentgroupenrollment' into field. Choices are: address, attendances, created_at, date_of_birth, full_name, grade, group_enrollments, groups, is_active, parent_name, parent_phone, payments, school_name, student_code, student_id, updated_at
"GET /students/ HTTP/1.1" 500 139838
Internal Server Error: /students/
Traceback (most recent call last):
  File "/Users/hamdy/Desktop/Work Code/My Project Code/SYSeducore/.venv/lib/python3.14/site-packages/django/core/handlers/exception.py", line 55, in inner
    response = get_response(request)
  File "/Users/hamdy/Desktop/Work Code/My Project Code/SYSeducore/.venv/lib/python3.14/site-packages/django/core/handlers/base.py", line 197, in _get_response
    response = wrapped_callback(request, *callback_args, **callback_kwargs)
  File "/Users/hamdy/Desktop/Work Code/My Project Code/SYSeducore/.venv/lib/python3.14/site-packages/django/contrib/auth/decorators.py", line 59, in _view_wrapper
    return view_func(request, *args, **kwargs)
  File "/Users/hamdy/Desktop/Work Code/My Project Code/SYSeducore/apps/students/views.py", line 29, in student_list
    students = Student.objects.all().annotate(
               ~~~~~~~~~~~~~~~~~~~~~~~~~~~~~~^
        groups_count=Count(
        ^^^^^^^^^^^^^^^^^^^
    ...<2 lines>...
        )
        ^
    ).prefetch_related(
    ^
  File "/Users/hamdy/Desktop/Work Code/My Project Code/SYSeducore/.venv/lib/python3.14/site-packages/django/db/models/query.py", line 1654, in annotate
    return self._annotate(args, kwargs, select=True)
           ~~~~~~~~~~~~~~^^^^^^^^^^^^^^^^^^^^^^^^^^^
  File "/Users/hamdy/Desktop/Work Code/My Project Code/SYSeducore/.venv/lib/python3.14/site-packages/django/db/models/query.py", line 1706, in _annotate
    clone.query.add_annotation(
    ~~~~~~~~~~~~~~~~~~~~~~~~~~^
        annotation,
        ^^^^^^^^^^^
        alias,
        ^^^^^^
        select=select,
        ^^^^^^^^^^^^^^
    )
    ^
  File "/Users/hamdy/Desktop/Work Code/My Project Code/SYSeducore/.venv/lib/python3.14/site-packages/django/db/models/sql/query.py", line 1218, in add_annotation
    annotation = annotation.resolve_expression(self, allow_joins=True, reuse=None)
  File "/Users/hamdy/Desktop/Work Code/My Project Code/SYSeducore/.venv/lib/python3.14/site-packages/django/db/models/aggregates.py", line 176, in resolve_expression
    result = super().resolve_expression(*args, **kwargs)
  File "/Users/hamdy/Desktop/Work Code/My Project Code/SYSeducore/.venv/lib/python3.14/site-packages/django/db/models/aggregates.py", line 63, in resolve_expression
    c = super().resolve_expression(query, allow_joins, reuse, summarize)
  File "/Users/hamdy/Desktop/Work Code/My Project Code/SYSeducore/.venv/lib/python3.14/site-packages/django/db/models/expressions.py", line 300, in resolve_expression
    expr.resolve_expression(query, allow_joins, reuse, summarize, for_save)
    ~~~~~~~~~~~~~~~~~~~~~~~^^^^^^^^^^^^^^^^^^^^^^^^^^^^^^^^^^^^^^^^^^^^^^^^
  File "/Users/hamdy/Desktop/Work Code/My Project Code/SYSeducore/.venv/lib/python3.14/site-packages/django/db/models/query_utils.py", line 95, in resolve_expression
    clause, joins = query._add_q(
                    ~~~~~~~~~~~~^
        self,
        ^^^^^
    ...<4 lines>...
        summarize=summarize,
        ^^^^^^^^^^^^^^^^^^^^
    )
    ^
  File "/Users/hamdy/Desktop/Work Code/My Project Code/SYSeducore/.venv/lib/python3.14/site-packages/django/db/models/sql/query.py", line 1678, in _add_q
    child_clause, needed_inner = self.build_filter(
                                 ~~~~~~~~~~~~~~~~~^
        child,
        ^^^^^^
    ...<7 lines>...
        update_join_types=update_join_types,
        ^^^^^^^^^^^^^^^^^^^^^^^^^^^^^^^^^^^^
    )
    ^
  File "/Users/hamdy/Desktop/Work Code/My Project Code/SYSeducore/.venv/lib/python3.14/site-packages/django/db/models/sql/query.py", line 1526, in build_filter
    lookups, parts, reffed_expression = self.solve_lookup_type(arg, summarize)
                                        ~~~~~~~~~~~~~~~~~~~~~~^^^^^^^^^^^^^^^^
  File "/Users/hamdy/Desktop/Work Code/My Project Code/SYSeducore/.venv/lib/python3.14/site-packages/django/db/models/sql/query.py", line 1333, in solve_lookup_type
    _, field, _, lookup_parts = self.names_to_path(lookup_splitted, self.get_meta())
                                ~~~~~~~~~~~~~~~~~~^^^^^^^^^^^^^^^^^^^^^^^^^^^^^^^^^^
  File "/Users/hamdy/Desktop/Work Code/My Project Code/SYSeducore/.venv/lib/python3.14/site-packages/django/db/models/sql/query.py", line 1806, in names_to_path
    raise FieldError(
    ...<2 lines>...
    )
django.core.exceptions.FieldError: Cannot resolve keyword 'studentgroupenrollment' into field. Choices are: address, attendances, created_at, date_of_birth, full_name, grade, group_enrollments, groups, is_active, parent_name, parent_phone, payments, school_name, student_code, student_id, updated_at
"GET /students/ HTTP/1.1" 500 139838
Internal Server Error: /students/
Traceback (most recent call last):
  File "/Users/hamdy/Desktop/Work Code/My Project Code/SYSeducore/.venv/lib/python3.14/site-packages/django/core/handlers/exception.py", line 55, in inner
    response = get_response(request)
  File "/Users/hamdy/Desktop/Work Code/My Project Code/SYSeducore/.venv/lib/python3.14/site-packages/django/core/handlers/base.py", line 197, in _get_response
    response = wrapped_callback(request, *callback_args, **callback_kwargs)
  File "/Users/hamdy/Desktop/Work Code/My Project Code/SYSeducore/.venv/lib/python3.14/site-packages/django/contrib/auth/decorators.py", line 59, in _view_wrapper
    return view_func(request, *args, **kwargs)
  File "/Users/hamdy/Desktop/Work Code/My Project Code/SYSeducore/apps/students/views.py", line 29, in student_list
    students = Student.objects.all().annotate(
               ~~~~~~~~~~~~~~~~~~~~~~~~~~~~~~^
        groups_count=Count(
        ^^^^^^^^^^^^^^^^^^^
    ...<2 lines>...
        )
        ^
    ).prefetch_related(
    ^
  File "/Users/hamdy/Desktop/Work Code/My Project Code/SYSeducore/.venv/lib/python3.14/site-packages/django/db/models/query.py", line 1654, in annotate
    return self._annotate(args, kwargs, select=True)
           ~~~~~~~~~~~~~~^^^^^^^^^^^^^^^^^^^^^^^^^^^
  File "/Users/hamdy/Desktop/Work Code/My Project Code/SYSeducore/.venv/lib/python3.14/site-packages/django/db/models/query.py", line 1706, in _annotate
    clone.query.add_annotation(
    ~~~~~~~~~~~~~~~~~~~~~~~~~~^
        annotation,
        ^^^^^^^^^^^
        alias,
        ^^^^^^
        select=select,
        ^^^^^^^^^^^^^^
    )
    ^
  File "/Users/hamdy/Desktop/Work Code/My Project Code/SYSeducore/.venv/lib/python3.14/site-packages/django/db/models/sql/query.py", line 1218, in add_annotation
    annotation = annotation.resolve_expression(self, allow_joins=True, reuse=None)
  File "/Users/hamdy/Desktop/Work Code/My Project Code/SYSeducore/.venv/lib/python3.14/site-packages/django/db/models/aggregates.py", line 176, in resolve_expression
    result = super().resolve_expression(*args, **kwargs)
  File "/Users/hamdy/Desktop/Work Code/My Project Code/SYSeducore/.venv/lib/python3.14/site-packages/django/db/models/aggregates.py", line 63, in resolve_expression
    c = super().resolve_expression(query, allow_joins, reuse, summarize)
  File "/Users/hamdy/Desktop/Work Code/My Project Code/SYSeducore/.venv/lib/python3.14/site-packages/django/db/models/expressions.py", line 300, in resolve_expression
    expr.resolve_expression(query, allow_joins, reuse, summarize, for_save)
    ~~~~~~~~~~~~~~~~~~~~~~~^^^^^^^^^^^^^^^^^^^^^^^^^^^^^^^^^^^^^^^^^^^^^^^^
  File "/Users/hamdy/Desktop/Work Code/My Project Code/SYSeducore/.venv/lib/python3.14/site-packages/django/db/models/query_utils.py", line 95, in resolve_expression
    clause, joins = query._add_q(
                    ~~~~~~~~~~~~^
        self,
        ^^^^^
    ...<4 lines>...
        summarize=summarize,
        ^^^^^^^^^^^^^^^^^^^^
    )
    ^
  File "/Users/hamdy/Desktop/Work Code/My Project Code/SYSeducore/.venv/lib/python3.14/site-packages/django/db/models/sql/query.py", line 1678, in _add_q
    child_clause, needed_inner = self.build_filter(
                                 ~~~~~~~~~~~~~~~~~^
        child,
        ^^^^^^
    ...<7 lines>...
        update_join_types=update_join_types,
        ^^^^^^^^^^^^^^^^^^^^^^^^^^^^^^^^^^^^
    )
    ^
  File "/Users/hamdy/Desktop/Work Code/My Project Code/SYSeducore/.venv/lib/python3.14/site-packages/django/db/models/sql/query.py", line 1526, in build_filter
    lookups, parts, reffed_expression = self.solve_lookup_type(arg, summarize)
                                        ~~~~~~~~~~~~~~~~~~~~~~^^^^^^^^^^^^^^^^
  File "/Users/hamdy/Desktop/Work Code/My Project Code/SYSeducore/.venv/lib/python3.14/site-packages/django/db/models/sql/query.py", line 1333, in solve_lookup_type
    _, field, _, lookup_parts = self.names_to_path(lookup_splitted, self.get_meta())
                                ~~~~~~~~~~~~~~~~~~^^^^^^^^^^^^^^^^^^^^^^^^^^^^^^^^^^
  File "/Users/hamdy/Desktop/Work Code/My Project Code/SYSeducore/.venv/lib/python3.14/site-packages/django/db/models/sql/query.py", line 1806, in names_to_path
    raise FieldError(
    ...<2 lines>...
    )
django.core.exceptions.FieldError: Cannot resolve keyword 'studentgroupenrollment' into field. Choices are: address, attendances, created_at, date_of_birth, full_name, grade, group_enrollments, groups, is_active, parent_name, parent_phone, payments, school_name, student_code, student_id, updated_at
- Broken pipe from ('127.0.0.1', 53791)
Internal Server Error: /students/
Traceback (most recent call last):
  File "/Users/hamdy/Desktop/Work Code/My Project Code/SYSeducore/.venv/lib/python3.14/site-packages/django/core/handlers/exception.py", line 55, in inner
    response = get_response(request)
  File "/Users/hamdy/Desktop/Work Code/My Project Code/SYSeducore/.venv/lib/python3.14/site-packages/django/core/handlers/base.py", line 197, in _get_response
    response = wrapped_callback(request, *callback_args, **callback_kwargs)
  File "/Users/hamdy/Desktop/Work Code/My Project Code/SYSeducore/.venv/lib/python3.14/site-packages/django/contrib/auth/decorators.py", line 59, in _view_wrapper
    return view_func(request, *args, **kwargs)
  File "/Users/hamdy/Desktop/Work Code/My Project Code/SYSeducore/apps/students/views.py", line 29, in student_list
    students = Student.objects.all().annotate(
               ~~~~~~~~~~~~~~~~~~~~~~~~~~~~~~^
        groups_count=Count(
        ^^^^^^^^^^^^^^^^^^^
    ...<2 lines>...
        )
        ^
    ).prefetch_related(
    ^
  File "/Users/hamdy/Desktop/Work Code/My Project Code/SYSeducore/.venv/lib/python3.14/site-packages/django/db/models/query.py", line 1654, in annotate
    return self._annotate(args, kwargs, select=True)
           ~~~~~~~~~~~~~~^^^^^^^^^^^^^^^^^^^^^^^^^^^
  File "/Users/hamdy/Desktop/Work Code/My Project Code/SYSeducore/.venv/lib/python3.14/site-packages/django/db/models/query.py", line 1706, in _annotate
    clone.query.add_annotation(
    ~~~~~~~~~~~~~~~~~~~~~~~~~~^
        annotation,
        ^^^^^^^^^^^
        alias,
        ^^^^^^
        select=select,
        ^^^^^^^^^^^^^^
    )
    ^
  File "/Users/hamdy/Desktop/Work Code/My Project Code/SYSeducore/.venv/lib/python3.14/site-packages/django/db/models/sql/query.py", line 1218, in add_annotation
    annotation = annotation.resolve_expression(self, allow_joins=True, reuse=None)
  File "/Users/hamdy/Desktop/Work Code/My Project Code/SYSeducore/.venv/lib/python3.14/site-packages/django/db/models/aggregates.py", line 176, in resolve_expression
    result = super().resolve_expression(*args, **kwargs)
  File "/Users/hamdy/Desktop/Work Code/My Project Code/SYSeducore/.venv/lib/python3.14/site-packages/django/db/models/aggregates.py", line 63, in resolve_expression
    c = super().resolve_expression(query, allow_joins, reuse, summarize)
  File "/Users/hamdy/Desktop/Work Code/My Project Code/SYSeducore/.venv/lib/python3.14/site-packages/django/db/models/expressions.py", line 300, in resolve_expression
    expr.resolve_expression(query, allow_joins, reuse, summarize, for_save)
    ~~~~~~~~~~~~~~~~~~~~~~~^^^^^^^^^^^^^^^^^^^^^^^^^^^^^^^^^^^^^^^^^^^^^^^^
  File "/Users/hamdy/Desktop/Work Code/My Project Code/SYSeducore/.venv/lib/python3.14/site-packages/django/db/models/query_utils.py", line 95, in resolve_expression
    clause, joins = query._add_q(
                    ~~~~~~~~~~~~^
        self,
        ^^^^^
    ...<4 lines>...
        summarize=summarize,
        ^^^^^^^^^^^^^^^^^^^^
    )
    ^
  File "/Users/hamdy/Desktop/Work Code/My Project Code/SYSeducore/.venv/lib/python3.14/site-packages/django/db/models/sql/query.py", line 1678, in _add_q
    child_clause, needed_inner = self.build_filter(
                                 ~~~~~~~~~~~~~~~~~^
        child,
        ^^^^^^
    ...<7 lines>...
        update_join_types=update_join_types,
        ^^^^^^^^^^^^^^^^^^^^^^^^^^^^^^^^^^^^
    )
    ^
  File "/Users/hamdy/Desktop/Work Code/My Project Code/SYSeducore/.venv/lib/python3.14/site-packages/django/db/models/sql/query.py", line 1526, in build_filter
    lookups, parts, reffed_expression = self.solve_lookup_type(arg, summarize)
                                        ~~~~~~~~~~~~~~~~~~~~~~^^^^^^^^^^^^^^^^
  File "/Users/hamdy/Desktop/Work Code/My Project Code/SYSeducore/.venv/lib/python3.14/site-packages/django/db/models/sql/query.py", line 1333, in solve_lookup_type
    _, field, _, lookup_parts = self.names_to_path(lookup_splitted, self.get_meta())
                                ~~~~~~~~~~~~~~~~~~^^^^^^^^^^^^^^^^^^^^^^^^^^^^^^^^^^
  File "/Users/hamdy/Desktop/Work Code/My Project Code/SYSeducore/.venv/lib/python3.14/site-packages/django/db/models/sql/query.py", line 1806, in names_to_path
    raise FieldError(
    ...<2 lines>...
    )
django.core.exceptions.FieldError: Cannot resolve keyword 'studentgroupenrollment' into field. Choices are: address, attendances, created_at, date_of_birth, full_name, grade, group_enrollments, groups, is_active, parent_name, parent_phone, payments, school_name, student_code, student_id, updated_at
"GET /students/ HTTP/1.1" 500 139838
Internal Server Error: /students/
Traceback (most recent call last):
  File "/Users/hamdy/Desktop/Work Code/My Project Code/SYSeducore/.venv/lib/python3.14/site-packages/django/core/handlers/exception.py", line 55, in inner
    response = get_response(request)
  File "/Users/hamdy/Desktop/Work Code/My Project Code/SYSeducore/.venv/lib/python3.14/site-packages/django/core/handlers/base.py", line 197, in _get_response
    response = wrapped_callback(request, *callback_args, **callback_kwargs)
  File "/Users/hamdy/Desktop/Work Code/My Project Code/SYSeducore/.venv/lib/python3.14/site-packages/django/contrib/auth/decorators.py", line 59, in _view_wrapper
    return view_func(request, *args, **kwargs)
  File "/Users/hamdy/Desktop/Work Code/My Project Code/SYSeducore/apps/students/views.py", line 29, in student_list
    students = Student.objects.all().annotate(
               ~~~~~~~~~~~~~~~~~~~~~~~~~~~~~~^
        groups_count=Count(
        ^^^^^^^^^^^^^^^^^^^
    ...<2 lines>...
        )
        ^
    ).prefetch_related(
    ^
  File "/Users/hamdy/Desktop/Work Code/My Project Code/SYSeducore/.venv/lib/python3.14/site-packages/django/db/models/query.py", line 1654, in annotate
    return self._annotate(args, kwargs, select=True)
           ~~~~~~~~~~~~~~^^^^^^^^^^^^^^^^^^^^^^^^^^^
  File "/Users/hamdy/Desktop/Work Code/My Project Code/SYSeducore/.venv/lib/python3.14/site-packages/django/db/models/query.py", line 1706, in _annotate
    clone.query.add_annotation(
    ~~~~~~~~~~~~~~~~~~~~~~~~~~^
        annotation,
        ^^^^^^^^^^^
        alias,
        ^^^^^^
        select=select,
        ^^^^^^^^^^^^^^
    )
    ^
  File "/Users/hamdy/Desktop/Work Code/My Project Code/SYSeducore/.venv/lib/python3.14/site-packages/django/db/models/sql/query.py", line 1218, in add_annotation
    annotation = annotation.resolve_expression(self, allow_joins=True, reuse=None)
  File "/Users/hamdy/Desktop/Work Code/My Project Code/SYSeducore/.venv/lib/python3.14/site-packages/django/db/models/aggregates.py", line 176, in resolve_expression
    result = super().resolve_expression(*args, **kwargs)
  File "/Users/hamdy/Desktop/Work Code/My Project Code/SYSeducore/.venv/lib/python3.14/site-packages/django/db/models/aggregates.py", line 63, in resolve_expression
    c = super().resolve_expression(query, allow_joins, reuse, summarize)
  File "/Users/hamdy/Desktop/Work Code/My Project Code/SYSeducore/.venv/lib/python3.14/site-packages/django/db/models/expressions.py", line 300, in resolve_expression
    expr.resolve_expression(query, allow_joins, reuse, summarize, for_save)
    ~~~~~~~~~~~~~~~~~~~~~~~^^^^^^^^^^^^^^^^^^^^^^^^^^^^^^^^^^^^^^^^^^^^^^^^
  File "/Users/hamdy/Desktop/Work Code/My Project Code/SYSeducore/.venv/lib/python3.14/site-packages/django/db/models/query_utils.py", line 95, in resolve_expression
    clause, joins = query._add_q(
                    ~~~~~~~~~~~~^
        self,
        ^^^^^
    ...<4 lines>...
        summarize=summarize,
        ^^^^^^^^^^^^^^^^^^^^
    )
    ^
  File "/Users/hamdy/Desktop/Work Code/My Project Code/SYSeducore/.venv/lib/python3.14/site-packages/django/db/models/sql/query.py", line 1678, in _add_q
    child_clause, needed_inner = self.build_filter(
                                 ~~~~~~~~~~~~~~~~~^
        child,
        ^^^^^^
    ...<7 lines>...
        update_join_types=update_join_types,
        ^^^^^^^^^^^^^^^^^^^^^^^^^^^^^^^^^^^^
    )
    ^
  File "/Users/hamdy/Desktop/Work Code/My Project Code/SYSeducore/.venv/lib/python3.14/site-packages/django/db/models/sql/query.py", line 1526, in build_filter
    lookups, parts, reffed_expression = self.solve_lookup_type(arg, summarize)
                                        ~~~~~~~~~~~~~~~~~~~~~~^^^^^^^^^^^^^^^^
  File "/Users/hamdy/Desktop/Work Code/My Project Code/SYSeducore/.venv/lib/python3.14/site-packages/django/db/models/sql/query.py", line 1333, in solve_lookup_type
    _, field, _, lookup_parts = self.names_to_path(lookup_splitted, self.get_meta())
                                ~~~~~~~~~~~~~~~~~~^^^^^^^^^^^^^^^^^^^^^^^^^^^^^^^^^^
  File "/Users/hamdy/Desktop/Work Code/My Project Code/SYSeducore/.venv/lib/python3.14/site-packages/django/db/models/sql/query.py", line 1806, in names_to_path
    raise FieldError(
    ...<2 lines>...
    )
django.core.exceptions.FieldError: Cannot resolve keyword 'studentgroupenrollment' into field. Choices are: address, attendances, created_at, date_of_birth, full_name, grade, group_enrollments, groups, is_active, parent_name, parent_phone, payments, school_name, student_code, student_id, updated_at
"GET /students/ HTTP/1.1" 500 139838
Internal Server Error: /students/
Traceback (most recent call last):
  File "/Users/hamdy/Desktop/Work Code/My Project Code/SYSeducore/.venv/lib/python3.14/site-packages/django/core/handlers/exception.py", line 55, in inner
    response = get_response(request)
  File "/Users/hamdy/Desktop/Work Code/My Project Code/SYSeducore/.venv/lib/python3.14/site-packages/django/core/handlers/base.py", line 197, in _get_response
    response = wrapped_callback(request, *callback_args, **callback_kwargs)
  File "/Users/hamdy/Desktop/Work Code/My Project Code/SYSeducore/.venv/lib/python3.14/site-packages/django/contrib/auth/decorators.py", line 59, in _view_wrapper
    return view_func(request, *args, **kwargs)
  File "/Users/hamdy/Desktop/Work Code/My Project Code/SYSeducore/apps/students/views.py", line 29, in student_list
    students = Student.objects.all().annotate(
               ~~~~~~~~~~~~~~~~~~~~~~~~~~~~~~^
        groups_count=Count(
        ^^^^^^^^^^^^^^^^^^^
    ...<2 lines>...
        )
        ^
    ).prefetch_related(
    ^
  File "/Users/hamdy/Desktop/Work Code/My Project Code/SYSeducore/.venv/lib/python3.14/site-packages/django/db/models/query.py", line 1654, in annotate
    return self._annotate(args, kwargs, select=True)
           ~~~~~~~~~~~~~~^^^^^^^^^^^^^^^^^^^^^^^^^^^
  File "/Users/hamdy/Desktop/Work Code/My Project Code/SYSeducore/.venv/lib/python3.14/site-packages/django/db/models/query.py", line 1706, in _annotate
    clone.query.add_annotation(
    ~~~~~~~~~~~~~~~~~~~~~~~~~~^
        annotation,
        ^^^^^^^^^^^
        alias,
        ^^^^^^
        select=select,
        ^^^^^^^^^^^^^^
    )
    ^
  File "/Users/hamdy/Desktop/Work Code/My Project Code/SYSeducore/.venv/lib/python3.14/site-packages/django/db/models/sql/query.py", line 1218, in add_annotation
    annotation = annotation.resolve_expression(self, allow_joins=True, reuse=None)
  File "/Users/hamdy/Desktop/Work Code/My Project Code/SYSeducore/.venv/lib/python3.14/site-packages/django/db/models/aggregates.py", line 176, in resolve_expression
    result = super().resolve_expression(*args, **kwargs)
  File "/Users/hamdy/Desktop/Work Code/My Project Code/SYSeducore/.venv/lib/python3.14/site-packages/django/db/models/aggregates.py", line 63, in resolve_expression
    c = super().resolve_expression(query, allow_joins, reuse, summarize)
  File "/Users/hamdy/Desktop/Work Code/My Project Code/SYSeducore/.venv/lib/python3.14/site-packages/django/db/models/expressions.py", line 300, in resolve_expression
    expr.resolve_expression(query, allow_joins, reuse, summarize, for_save)
    ~~~~~~~~~~~~~~~~~~~~~~~^^^^^^^^^^^^^^^^^^^^^^^^^^^^^^^^^^^^^^^^^^^^^^^^
  File "/Users/hamdy/Desktop/Work Code/My Project Code/SYSeducore/.venv/lib/python3.14/site-packages/django/db/models/query_utils.py", line 95, in resolve_expression
    clause, joins = query._add_q(
                    ~~~~~~~~~~~~^
        self,
        ^^^^^
    ...<4 lines>...
        summarize=summarize,
        ^^^^^^^^^^^^^^^^^^^^
    )
    ^
  File "/Users/hamdy/Desktop/Work Code/My Project Code/SYSeducore/.venv/lib/python3.14/site-packages/django/db/models/sql/query.py", line 1678, in _add_q
    child_clause, needed_inner = self.build_filter(
                                 ~~~~~~~~~~~~~~~~~^
        child,
        ^^^^^^
    ...<7 lines>...
        update_join_types=update_join_types,
        ^^^^^^^^^^^^^^^^^^^^^^^^^^^^^^^^^^^^
    )
    ^
  File "/Users/hamdy/Desktop/Work Code/My Project Code/SYSeducore/.venv/lib/python3.14/site-packages/django/db/models/sql/query.py", line 1526, in build_filter
    lookups, parts, reffed_expression = self.solve_lookup_type(arg, summarize)
                                        ~~~~~~~~~~~~~~~~~~~~~~^^^^^^^^^^^^^^^^
  File "/Users/hamdy/Desktop/Work Code/My Project Code/SYSeducore/.venv/lib/python3.14/site-packages/django/db/models/sql/query.py", line 1333, in solve_lookup_type
    _, field, _, lookup_parts = self.names_to_path(lookup_splitted, self.get_meta())
                                ~~~~~~~~~~~~~~~~~~^^^^^^^^^^^^^^^^^^^^^^^^^^^^^^^^^^
  File "/Users/hamdy/Desktop/Work Code/My Project Code/SYSeducore/.venv/lib/python3.14/site-packages/django/db/models/sql/query.py", line 1806, in names_to_path
    raise FieldError(
    ...<2 lines>...
    )
django.core.exceptions.FieldError: Cannot resolve keyword 'studentgroupenrollment' into field. Choices are: address, attendances, created_at, date_of_birth, full_name, grade, group_enrollments, groups, is_active, parent_name, parent_phone, payments, school_name, student_code, student_id, updated_at
"GET /students/ HTTP/1.1" 500 139838
Internal Server Error: /students/
Traceback (most recent call last):
  File "/Users/hamdy/Desktop/Work Code/My Project Code/SYSeducore/.venv/lib/python3.14/site-packages/django/core/handlers/exception.py", line 55, in inner
    response = get_response(request)
  File "/Users/hamdy/Desktop/Work Code/My Project Code/SYSeducore/.venv/lib/python3.14/site-packages/django/core/handlers/base.py", line 197, in _get_response
    response = wrapped_callback(request, *callback_args, **callback_kwargs)
  File "/Users/hamdy/Desktop/Work Code/My Project Code/SYSeducore/.venv/lib/python3.14/site-packages/django/contrib/auth/decorators.py", line 59, in _view_wrapper
    return view_func(request, *args, **kwargs)
  File "/Users/hamdy/Desktop/Work Code/My Project Code/SYSeducore/apps/students/views.py", line 29, in student_list
    students = Student.objects.all().annotate(
               ~~~~~~~~~~~~~~~~~~~~~~~~~~~~~~^
        groups_count=Count(
        ^^^^^^^^^^^^^^^^^^^
    ...<2 lines>...
        )
        ^
    ).prefetch_related(
    ^
  File "/Users/hamdy/Desktop/Work Code/My Project Code/SYSeducore/.venv/lib/python3.14/site-packages/django/db/models/query.py", line 1654, in annotate
    return self._annotate(args, kwargs, select=True)
           ~~~~~~~~~~~~~~^^^^^^^^^^^^^^^^^^^^^^^^^^^
  File "/Users/hamdy/Desktop/Work Code/My Project Code/SYSeducore/.venv/lib/python3.14/site-packages/django/db/models/query.py", line 1706, in _annotate
    clone.query.add_annotation(
    ~~~~~~~~~~~~~~~~~~~~~~~~~~^
        annotation,
        ^^^^^^^^^^^
        alias,
        ^^^^^^
        select=select,
        ^^^^^^^^^^^^^^
    )
    ^
  File "/Users/hamdy/Desktop/Work Code/My Project Code/SYSeducore/.venv/lib/python3.14/site-packages/django/db/models/sql/query.py", line 1218, in add_annotation
    annotation = annotation.resolve_expression(self, allow_joins=True, reuse=None)
  File "/Users/hamdy/Desktop/Work Code/My Project Code/SYSeducore/.venv/lib/python3.14/site-packages/django/db/models/aggregates.py", line 176, in resolve_expression
    result = super().resolve_expression(*args, **kwargs)
  File "/Users/hamdy/Desktop/Work Code/My Project Code/SYSeducore/.venv/lib/python3.14/site-packages/django/db/models/aggregates.py", line 63, in resolve_expression
    c = super().resolve_expression(query, allow_joins, reuse, summarize)
  File "/Users/hamdy/Desktop/Work Code/My Project Code/SYSeducore/.venv/lib/python3.14/site-packages/django/db/models/expressions.py", line 300, in resolve_expression
    expr.resolve_expression(query, allow_joins, reuse, summarize, for_save)
    ~~~~~~~~~~~~~~~~~~~~~~~^^^^^^^^^^^^^^^^^^^^^^^^^^^^^^^^^^^^^^^^^^^^^^^^
  File "/Users/hamdy/Desktop/Work Code/My Project Code/SYSeducore/.venv/lib/python3.14/site-packages/django/db/models/query_utils.py", line 95, in resolve_expression
    clause, joins = query._add_q(
                    ~~~~~~~~~~~~^
        self,
        ^^^^^
    ...<4 lines>...
        summarize=summarize,
        ^^^^^^^^^^^^^^^^^^^^
    )
    ^
  File "/Users/hamdy/Desktop/Work Code/My Project Code/SYSeducore/.venv/lib/python3.14/site-packages/django/db/models/sql/query.py", line 1678, in _add_q
    child_clause, needed_inner = self.build_filter(
                                 ~~~~~~~~~~~~~~~~~^
        child,
        ^^^^^^
    ...<7 lines>...
        update_join_types=update_join_types,
        ^^^^^^^^^^^^^^^^^^^^^^^^^^^^^^^^^^^^
    )
    ^
  File "/Users/hamdy/Desktop/Work Code/My Project Code/SYSeducore/.venv/lib/python3.14/site-packages/django/db/models/sql/query.py", line 1526, in build_filter
    lookups, parts, reffed_expression = self.solve_lookup_type(arg, summarize)
                                        ~~~~~~~~~~~~~~~~~~~~~~^^^^^^^^^^^^^^^^
  File "/Users/hamdy/Desktop/Work Code/My Project Code/SYSeducore/.venv/lib/python3.14/site-packages/django/db/models/sql/query.py", line 1333, in solve_lookup_type
    _, field, _, lookup_parts = self.names_to_path(lookup_splitted, self.get_meta())
                                ~~~~~~~~~~~~~~~~~~^^^^^^^^^^^^^^^^^^^^^^^^^^^^^^^^^^
  File "/Users/hamdy/Desktop/Work Code/My Project Code/SYSeducore/.venv/lib/python3.14/site-packages/django/db/models/sql/query.py", line 1806, in names_to_path
    raise FieldError(
    ...<2 lines>...
    )
django.core.exceptions.FieldError: Cannot resolve keyword 'studentgroupenrollment' into field. Choices are: address, attendances, created_at, date_of_birth, full_name, grade, group_enrollments, groups, is_active, parent_name, parent_phone, payments, school_name, student_code, student_id, updated_at
"GET /students/ HTTP/1.1" 500 142546
Internal Server Error: /students/
Traceback (most recent call last):
  File "/Users/hamdy/Desktop/Work Code/My Project Code/SYSeducore/.venv/lib/python3.14/site-packages/django/core/handlers/exception.py", line 55, in inner
    response = get_response(request)
  File "/Users/hamdy/Desktop/Work Code/My Project Code/SYSeducore/.venv/lib/python3.14/site-packages/django/core/handlers/base.py", line 197, in _get_response
    response = wrapped_callback(request, *callback_args, **callback_kwargs)
  File "/Users/hamdy/Desktop/Work Code/My Project Code/SYSeducore/.venv/lib/python3.14/site-packages/django/contrib/auth/decorators.py", line 59, in _view_wrapper
    return view_func(request, *args, **kwargs)
  File "/Users/hamdy/Desktop/Work Code/My Project Code/SYSeducore/apps/students/views.py", line 29, in student_list
    students = Student.objects.all().annotate(
               ~~~~~~~~~~~~~~~~~~~~~~~~~~~~~~^
        groups_count=Count(
        ^^^^^^^^^^^^^^^^^^^
    ...<2 lines>...
        )
        ^
    ).prefetch_related(
    ^
  File "/Users/hamdy/Desktop/Work Code/My Project Code/SYSeducore/.venv/lib/python3.14/site-packages/django/db/models/query.py", line 1654, in annotate
    return self._annotate(args, kwargs, select=True)
           ~~~~~~~~~~~~~~^^^^^^^^^^^^^^^^^^^^^^^^^^^
  File "/Users/hamdy/Desktop/Work Code/My Project Code/SYSeducore/.venv/lib/python3.14/site-packages/django/db/models/query.py", line 1706, in _annotate
    clone.query.add_annotation(
    ~~~~~~~~~~~~~~~~~~~~~~~~~~^
        annotation,
        ^^^^^^^^^^^
        alias,
        ^^^^^^
        select=select,
        ^^^^^^^^^^^^^^
    )
    ^
  File "/Users/hamdy/Desktop/Work Code/My Project Code/SYSeducore/.venv/lib/python3.14/site-packages/django/db/models/sql/query.py", line 1218, in add_annotation
    annotation = annotation.resolve_expression(self, allow_joins=True, reuse=None)
  File "/Users/hamdy/Desktop/Work Code/My Project Code/SYSeducore/.venv/lib/python3.14/site-packages/django/db/models/aggregates.py", line 176, in resolve_expression
    result = super().resolve_expression(*args, **kwargs)
  File "/Users/hamdy/Desktop/Work Code/My Project Code/SYSeducore/.venv/lib/python3.14/site-packages/django/db/models/aggregates.py", line 63, in resolve_expression
    c = super().resolve_expression(query, allow_joins, reuse, summarize)
  File "/Users/hamdy/Desktop/Work Code/My Project Code/SYSeducore/.venv/lib/python3.14/site-packages/django/db/models/expressions.py", line 300, in resolve_expression
    expr.resolve_expression(query, allow_joins, reuse, summarize, for_save)
    ~~~~~~~~~~~~~~~~~~~~~~~^^^^^^^^^^^^^^^^^^^^^^^^^^^^^^^^^^^^^^^^^^^^^^^^
  File "/Users/hamdy/Desktop/Work Code/My Project Code/SYSeducore/.venv/lib/python3.14/site-packages/django/db/models/query_utils.py", line 95, in resolve_expression
    clause, joins = query._add_q(
                    ~~~~~~~~~~~~^
        self,
        ^^^^^
    ...<4 lines>...
        summarize=summarize,
        ^^^^^^^^^^^^^^^^^^^^
    )
    ^
  File "/Users/hamdy/Desktop/Work Code/My Project Code/SYSeducore/.venv/lib/python3.14/site-packages/django/db/models/sql/query.py", line 1678, in _add_q
    child_clause, needed_inner = self.build_filter(
                                 ~~~~~~~~~~~~~~~~~^
        child,
        ^^^^^^
    ...<7 lines>...
        update_join_types=update_join_types,
        ^^^^^^^^^^^^^^^^^^^^^^^^^^^^^^^^^^^^
    )
    ^
  File "/Users/hamdy/Desktop/Work Code/My Project Code/SYSeducore/.venv/lib/python3.14/site-packages/django/db/models/sql/query.py", line 1526, in build_filter
    lookups, parts, reffed_expression = self.solve_lookup_type(arg, summarize)
                                        ~~~~~~~~~~~~~~~~~~~~~~^^^^^^^^^^^^^^^^
  File "/Users/hamdy/Desktop/Work Code/My Project Code/SYSeducore/.venv/lib/python3.14/site-packages/django/db/models/sql/query.py", line 1333, in solve_lookup_type
    _, field, _, lookup_parts = self.names_to_path(lookup_splitted, self.get_meta())
                                ~~~~~~~~~~~~~~~~~~^^^^^^^^^^^^^^^^^^^^^^^^^^^^^^^^^^
  File "/Users/hamdy/Desktop/Work Code/My Project Code/SYSeducore/.venv/lib/python3.14/site-packages/django/db/models/sql/query.py", line 1806, in names_to_path
    raise FieldError(
    ...<2 lines>...
    )
django.core.exceptions.FieldError: Cannot resolve keyword 'studentgroupenrollment' into field. Choices are: address, attendances, created_at, date_of_birth, full_name, grade, group_enrollments, groups, is_active, parent_name, parent_phone, payments, school_name, student_code, student_id, updated_at
"GET /students/ HTTP/1.1" 500 142546
Internal Server Error: /students/
Traceback (most recent call last):
  File "/Users/hamdy/Desktop/Work Code/My Project Code/SYSeducore/.venv/lib/python3.14/site-packages/django/core/handlers/exception.py", line 55, in inner
    response = get_response(request)
  File "/Users/hamdy/Desktop/Work Code/My Project Code/SYSeducore/.venv/lib/python3.14/site-packages/django/core/handlers/base.py", line 197, in _get_response
    response = wrapped_callback(request, *callback_args, **callback_kwargs)
  File "/Users/hamdy/Desktop/Work Code/My Project Code/SYSeducore/.venv/lib/python3.14/site-packages/django/contrib/auth/decorators.py", line 59, in _view_wrapper
    return view_func(request, *args, **kwargs)
  File "/Users/hamdy/Desktop/Work Code/My Project Code/SYSeducore/apps/students/views.py", line 29, in student_list
    students = Student.objects.all().annotate(
               ~~~~~~~~~~~~~~~~~~~~~~~~~~~~~~^
        groups_count=Count(
        ^^^^^^^^^^^^^^^^^^^
    ...<2 lines>...
        )
        ^
    ).prefetch_related(
    ^
  File "/Users/hamdy/Desktop/Work Code/My Project Code/SYSeducore/.venv/lib/python3.14/site-packages/django/db/models/query.py", line 1654, in annotate
    return self._annotate(args, kwargs, select=True)
           ~~~~~~~~~~~~~~^^^^^^^^^^^^^^^^^^^^^^^^^^^
  File "/Users/hamdy/Desktop/Work Code/My Project Code/SYSeducore/.venv/lib/python3.14/site-packages/django/db/models/query.py", line 1706, in _annotate
    clone.query.add_annotation(
    ~~~~~~~~~~~~~~~~~~~~~~~~~~^
        annotation,
        ^^^^^^^^^^^
        alias,
        ^^^^^^
        select=select,
        ^^^^^^^^^^^^^^
    )
    ^
  File "/Users/hamdy/Desktop/Work Code/My Project Code/SYSeducore/.venv/lib/python3.14/site-packages/django/db/models/sql/query.py", line 1218, in add_annotation
    annotation = annotation.resolve_expression(self, allow_joins=True, reuse=None)
  File "/Users/hamdy/Desktop/Work Code/My Project Code/SYSeducore/.venv/lib/python3.14/site-packages/django/db/models/aggregates.py", line 176, in resolve_expression
    result = super().resolve_expression(*args, **kwargs)
  File "/Users/hamdy/Desktop/Work Code/My Project Code/SYSeducore/.venv/lib/python3.14/site-packages/django/db/models/aggregates.py", line 63, in resolve_expression
    c = super().resolve_expression(query, allow_joins, reuse, summarize)
  File "/Users/hamdy/Desktop/Work Code/My Project Code/SYSeducore/.venv/lib/python3.14/site-packages/django/db/models/expressions.py", line 300, in resolve_expression
    expr.resolve_expression(query, allow_joins, reuse, summarize, for_save)
    ~~~~~~~~~~~~~~~~~~~~~~~^^^^^^^^^^^^^^^^^^^^^^^^^^^^^^^^^^^^^^^^^^^^^^^^
  File "/Users/hamdy/Desktop/Work Code/My Project Code/SYSeducore/.venv/lib/python3.14/site-packages/django/db/models/query_utils.py", line 95, in resolve_expression
    clause, joins = query._add_q(
                    ~~~~~~~~~~~~^
        self,
        ^^^^^
    ...<4 lines>...
        summarize=summarize,
        ^^^^^^^^^^^^^^^^^^^^
    )
    ^
  File "/Users/hamdy/Desktop/Work Code/My Project Code/SYSeducore/.venv/lib/python3.14/site-packages/django/db/models/sql/query.py", line 1678, in _add_q
    child_clause, needed_inner = self.build_filter(
                                 ~~~~~~~~~~~~~~~~~^
        child,
        ^^^^^^
    ...<7 lines>...
        update_join_types=update_join_types,
        ^^^^^^^^^^^^^^^^^^^^^^^^^^^^^^^^^^^^
    )
    ^
  File "/Users/hamdy/Desktop/Work Code/My Project Code/SYSeducore/.venv/lib/python3.14/site-packages/django/db/models/sql/query.py", line 1526, in build_filter
    lookups, parts, reffed_expression = self.solve_lookup_type(arg, summarize)
                                        ~~~~~~~~~~~~~~~~~~~~~~^^^^^^^^^^^^^^^^
  File "/Users/hamdy/Desktop/Work Code/My Project Code/SYSeducore/.venv/lib/python3.14/site-packages/django/db/models/sql/query.py", line 1333, in solve_lookup_type
    _, field, _, lookup_parts = self.names_to_path(lookup_splitted, self.get_meta())
                                ~~~~~~~~~~~~~~~~~~^^^^^^^^^^^^^^^^^^^^^^^^^^^^^^^^^^
  File "/Users/hamdy/Desktop/Work Code/My Project Code/SYSeducore/.venv/lib/python3.14/site-packages/django/db/models/sql/query.py", line 1806, in names_to_path
    raise FieldError(
    ...<2 lines>...
    )
django.core.exceptions.FieldError: Cannot resolve keyword 'studentgroupenrollment' into field. Choices are: address, attendances, created_at, date_of_birth, full_name, grade, group_enrollments, groups, is_active, parent_name, parent_phone, payments, school_name, student_code, student_id, updated_at
- Broken pipe from ('127.0.0.1', 53816)
Internal Server Error: /students/
Traceback (most recent call last):
  File "/Users/hamdy/Desktop/Work Code/My Project Code/SYSeducore/.venv/lib/python3.14/site-packages/django/core/handlers/exception.py", line 55, in inner
    response = get_response(request)
  File "/Users/hamdy/Desktop/Work Code/My Project Code/SYSeducore/.venv/lib/python3.14/site-packages/django/core/handlers/base.py", line 197, in _get_response
    response = wrapped_callback(request, *callback_args, **callback_kwargs)
  File "/Users/hamdy/Desktop/Work Code/My Project Code/SYSeducore/.venv/lib/python3.14/site-packages/django/contrib/auth/decorators.py", line 59, in _view_wrapper
    return view_func(request, *args, **kwargs)
  File "/Users/hamdy/Desktop/Work Code/My Project Code/SYSeducore/apps/students/views.py", line 29, in student_list
    students = Student.objects.all().annotate(
               ~~~~~~~~~~~~~~~~~~~~~~~~~~~~~~^
        groups_count=Count(
        ^^^^^^^^^^^^^^^^^^^
    ...<2 lines>...
        )
        ^
    ).prefetch_related(
    ^
  File "/Users/hamdy/Desktop/Work Code/My Project Code/SYSeducore/.venv/lib/python3.14/site-packages/django/db/models/query.py", line 1654, in annotate
    return self._annotate(args, kwargs, select=True)
           ~~~~~~~~~~~~~~^^^^^^^^^^^^^^^^^^^^^^^^^^^
  File "/Users/hamdy/Desktop/Work Code/My Project Code/SYSeducore/.venv/lib/python3.14/site-packages/django/db/models/query.py", line 1706, in _annotate
    clone.query.add_annotation(
    ~~~~~~~~~~~~~~~~~~~~~~~~~~^
        annotation,
        ^^^^^^^^^^^
        alias,
        ^^^^^^
        select=select,
        ^^^^^^^^^^^^^^
    )
    ^
  File "/Users/hamdy/Desktop/Work Code/My Project Code/SYSeducore/.venv/lib/python3.14/site-packages/django/db/models/sql/query.py", line 1218, in add_annotation
    annotation = annotation.resolve_expression(self, allow_joins=True, reuse=None)
  File "/Users/hamdy/Desktop/Work Code/My Project Code/SYSeducore/.venv/lib/python3.14/site-packages/django/db/models/aggregates.py", line 176, in resolve_expression
    result = super().resolve_expression(*args, **kwargs)
  File "/Users/hamdy/Desktop/Work Code/My Project Code/SYSeducore/.venv/lib/python3.14/site-packages/django/db/models/aggregates.py", line 63, in resolve_expression
    c = super().resolve_expression(query, allow_joins, reuse, summarize)
  File "/Users/hamdy/Desktop/Work Code/My Project Code/SYSeducore/.venv/lib/python3.14/site-packages/django/db/models/expressions.py", line 300, in resolve_expression
    expr.resolve_expression(query, allow_joins, reuse, summarize, for_save)
    ~~~~~~~~~~~~~~~~~~~~~~~^^^^^^^^^^^^^^^^^^^^^^^^^^^^^^^^^^^^^^^^^^^^^^^^
  File "/Users/hamdy/Desktop/Work Code/My Project Code/SYSeducore/.venv/lib/python3.14/site-packages/django/db/models/query_utils.py", line 95, in resolve_expression
    clause, joins = query._add_q(
                    ~~~~~~~~~~~~^
        self,
        ^^^^^
    ...<4 lines>...
        summarize=summarize,
        ^^^^^^^^^^^^^^^^^^^^
    )
    ^
  File "/Users/hamdy/Desktop/Work Code/My Project Code/SYSeducore/.venv/lib/python3.14/site-packages/django/db/models/sql/query.py", line 1678, in _add_q
    child_clause, needed_inner = self.build_filter(
                                 ~~~~~~~~~~~~~~~~~^
        child,
        ^^^^^^
    ...<7 lines>...
        update_join_types=update_join_types,
        ^^^^^^^^^^^^^^^^^^^^^^^^^^^^^^^^^^^^
    )
    ^
  File "/Users/hamdy/Desktop/Work Code/My Project Code/SYSeducore/.venv/lib/python3.14/site-packages/django/db/models/sql/query.py", line 1526, in build_filter
    lookups, parts, reffed_expression = self.solve_lookup_type(arg, summarize)
                                        ~~~~~~~~~~~~~~~~~~~~~~^^^^^^^^^^^^^^^^
  File "/Users/hamdy/Desktop/Work Code/My Project Code/SYSeducore/.venv/lib/python3.14/site-packages/django/db/models/sql/query.py", line 1333, in solve_lookup_type
    _, field, _, lookup_parts = self.names_to_path(lookup_splitted, self.get_meta())
                                ~~~~~~~~~~~~~~~~~~^^^^^^^^^^^^^^^^^^^^^^^^^^^^^^^^^^
  File "/Users/hamdy/Desktop/Work Code/My Project Code/SYSeducore/.venv/lib/python3.14/site-packages/django/db/models/sql/query.py", line 1806, in names_to_path
    raise FieldError(
    ...<2 lines>...
    )
django.core.exceptions.FieldError: Cannot resolve keyword 'studentgroupenrollment' into field. Choices are: address, attendances, created_at, date_of_birth, full_name, grade, group_enrollments, groups, is_active, parent_name, parent_phone, payments, school_name, student_code, student_id, updated_at
- Broken pipe from ('127.0.0.1', 53821)
Internal Server Error: /students/
Traceback (most recent call last):
  File "/Users/hamdy/Desktop/Work Code/My Project Code/SYSeducore/.venv/lib/python3.14/site-packages/django/core/handlers/exception.py", line 55, in inner
    response = get_response(request)
  File "/Users/hamdy/Desktop/Work Code/My Project Code/SYSeducore/.venv/lib/python3.14/site-packages/django/core/handlers/base.py", line 197, in _get_response
    response = wrapped_callback(request, *callback_args, **callback_kwargs)
  File "/Users/hamdy/Desktop/Work Code/My Project Code/SYSeducore/.venv/lib/python3.14/site-packages/django/contrib/auth/decorators.py", line 59, in _view_wrapper
    return view_func(request, *args, **kwargs)
  File "/Users/hamdy/Desktop/Work Code/My Project Code/SYSeducore/apps/students/views.py", line 29, in student_list
    students = Student.objects.all().annotate(
               ~~~~~~~~~~~~~~~~~~~~~~~~~~~~~~^
        groups_count=Count(
        ^^^^^^^^^^^^^^^^^^^
    ...<2 lines>...
        )
        ^
    ).prefetch_related(
    ^
  File "/Users/hamdy/Desktop/Work Code/My Project Code/SYSeducore/.venv/lib/python3.14/site-packages/django/db/models/query.py", line 1654, in annotate
    return self._annotate(args, kwargs, select=True)
           ~~~~~~~~~~~~~~^^^^^^^^^^^^^^^^^^^^^^^^^^^
  File "/Users/hamdy/Desktop/Work Code/My Project Code/SYSeducore/.venv/lib/python3.14/site-packages/django/db/models/query.py", line 1706, in _annotate
    clone.query.add_annotation(
    ~~~~~~~~~~~~~~~~~~~~~~~~~~^
        annotation,
        ^^^^^^^^^^^
        alias,
        ^^^^^^
        select=select,
        ^^^^^^^^^^^^^^
    )
    ^
  File "/Users/hamdy/Desktop/Work Code/My Project Code/SYSeducore/.venv/lib/python3.14/site-packages/django/db/models/sql/query.py", line 1218, in add_annotation
    annotation = annotation.resolve_expression(self, allow_joins=True, reuse=None)
  File "/Users/hamdy/Desktop/Work Code/My Project Code/SYSeducore/.venv/lib/python3.14/site-packages/django/db/models/aggregates.py", line 176, in resolve_expression
    result = super().resolve_expression(*args, **kwargs)
  File "/Users/hamdy/Desktop/Work Code/My Project Code/SYSeducore/.venv/lib/python3.14/site-packages/django/db/models/aggregates.py", line 63, in resolve_expression
    c = super().resolve_expression(query, allow_joins, reuse, summarize)
  File "/Users/hamdy/Desktop/Work Code/My Project Code/SYSeducore/.venv/lib/python3.14/site-packages/django/db/models/expressions.py", line 300, in resolve_expression
    expr.resolve_expression(query, allow_joins, reuse, summarize, for_save)
    ~~~~~~~~~~~~~~~~~~~~~~~^^^^^^^^^^^^^^^^^^^^^^^^^^^^^^^^^^^^^^^^^^^^^^^^
  File "/Users/hamdy/Desktop/Work Code/My Project Code/SYSeducore/.venv/lib/python3.14/site-packages/django/db/models/query_utils.py", line 95, in resolve_expression
    clause, joins = query._add_q(
                    ~~~~~~~~~~~~^
        self,
        ^^^^^
    ...<4 lines>...
        summarize=summarize,
        ^^^^^^^^^^^^^^^^^^^^
    )
    ^
  File "/Users/hamdy/Desktop/Work Code/My Project Code/SYSeducore/.venv/lib/python3.14/site-packages/django/db/models/sql/query.py", line 1678, in _add_q
    child_clause, needed_inner = self.build_filter(
                                 ~~~~~~~~~~~~~~~~~^
        child,
        ^^^^^^
    ...<7 lines>...
        update_join_types=update_join_types,
        ^^^^^^^^^^^^^^^^^^^^^^^^^^^^^^^^^^^^
    )
    ^
  File "/Users/hamdy/Desktop/Work Code/My Project Code/SYSeducore/.venv/lib/python3.14/site-packages/django/db/models/sql/query.py", line 1526, in build_filter
    lookups, parts, reffed_expression = self.solve_lookup_type(arg, summarize)
                                        ~~~~~~~~~~~~~~~~~~~~~~^^^^^^^^^^^^^^^^
  File "/Users/hamdy/Desktop/Work Code/My Project Code/SYSeducore/.venv/lib/python3.14/site-packages/django/db/models/sql/query.py", line 1333, in solve_lookup_type
    _, field, _, lookup_parts = self.names_to_path(lookup_splitted, self.get_meta())
                                ~~~~~~~~~~~~~~~~~~^^^^^^^^^^^^^^^^^^^^^^^^^^^^^^^^^^
  File "/Users/hamdy/Desktop/Work Code/My Project Code/SYSeducore/.venv/lib/python3.14/site-packages/django/db/models/sql/query.py", line 1806, in names_to_path
    raise FieldError(
    ...<2 lines>...
    )
django.core.exceptions.FieldError: Cannot resolve keyword 'studentgroupenrollment' into field. Choices are: address, attendances, created_at, date_of_birth, full_name, grade, group_enrollments, groups, is_active, parent_name, parent_phone, payments, school_name, student_code, student_id, updated_at
"GET /students/ HTTP/1.1" 500 142546
Internal Server Error: /students/
Traceback (most recent call last):
  File "/Users/hamdy/Desktop/Work Code/My Project Code/SYSeducore/.venv/lib/python3.14/site-packages/django/core/handlers/exception.py", line 55, in inner
    response = get_response(request)
  File "/Users/hamdy/Desktop/Work Code/My Project Code/SYSeducore/.venv/lib/python3.14/site-packages/django/core/handlers/base.py", line 197, in _get_response
    response = wrapped_callback(request, *callback_args, **callback_kwargs)
  File "/Users/hamdy/Desktop/Work Code/My Project Code/SYSeducore/.venv/lib/python3.14/site-packages/django/contrib/auth/decorators.py", line 59, in _view_wrapper
    return view_func(request, *args, **kwargs)
  File "/Users/hamdy/Desktop/Work Code/My Project Code/SYSeducore/apps/students/views.py", line 29, in student_list
    students = Student.objects.all().annotate(
               ~~~~~~~~~~~~~~~~~~~~~~~~~~~~~~^
        groups_count=Count(
        ^^^^^^^^^^^^^^^^^^^
    ...<2 lines>...
        )
        ^
    ).prefetch_related(
    ^
  File "/Users/hamdy/Desktop/Work Code/My Project Code/SYSeducore/.venv/lib/python3.14/site-packages/django/db/models/query.py", line 1654, in annotate
    return self._annotate(args, kwargs, select=True)
           ~~~~~~~~~~~~~~^^^^^^^^^^^^^^^^^^^^^^^^^^^
  File "/Users/hamdy/Desktop/Work Code/My Project Code/SYSeducore/.venv/lib/python3.14/site-packages/django/db/models/query.py", line 1706, in _annotate
    clone.query.add_annotation(
    ~~~~~~~~~~~~~~~~~~~~~~~~~~^
        annotation,
        ^^^^^^^^^^^
        alias,
        ^^^^^^
        select=select,
        ^^^^^^^^^^^^^^
    )
    ^
  File "/Users/hamdy/Desktop/Work Code/My Project Code/SYSeducore/.venv/lib/python3.14/site-packages/django/db/models/sql/query.py", line 1218, in add_annotation
    annotation = annotation.resolve_expression(self, allow_joins=True, reuse=None)
  File "/Users/hamdy/Desktop/Work Code/My Project Code/SYSeducore/.venv/lib/python3.14/site-packages/django/db/models/aggregates.py", line 176, in resolve_expression
    result = super().resolve_expression(*args, **kwargs)
  File "/Users/hamdy/Desktop/Work Code/My Project Code/SYSeducore/.venv/lib/python3.14/site-packages/django/db/models/aggregates.py", line 63, in resolve_expression
    c = super().resolve_expression(query, allow_joins, reuse, summarize)
  File "/Users/hamdy/Desktop/Work Code/My Project Code/SYSeducore/.venv/lib/python3.14/site-packages/django/db/models/expressions.py", line 300, in resolve_expression
    expr.resolve_expression(query, allow_joins, reuse, summarize, for_save)
    ~~~~~~~~~~~~~~~~~~~~~~~^^^^^^^^^^^^^^^^^^^^^^^^^^^^^^^^^^^^^^^^^^^^^^^^
  File "/Users/hamdy/Desktop/Work Code/My Project Code/SYSeducore/.venv/lib/python3.14/site-packages/django/db/models/query_utils.py", line 95, in resolve_expression
    clause, joins = query._add_q(
                    ~~~~~~~~~~~~^
        self,
        ^^^^^
    ...<4 lines>...
        summarize=summarize,
        ^^^^^^^^^^^^^^^^^^^^
    )
    ^
  File "/Users/hamdy/Desktop/Work Code/My Project Code/SYSeducore/.venv/lib/python3.14/site-packages/django/db/models/sql/query.py", line 1678, in _add_q
    child_clause, needed_inner = self.build_filter(
                                 ~~~~~~~~~~~~~~~~~^
        child,
        ^^^^^^
    ...<7 lines>...
        update_join_types=update_join_types,
        ^^^^^^^^^^^^^^^^^^^^^^^^^^^^^^^^^^^^
    )
    ^
  File "/Users/hamdy/Desktop/Work Code/My Project Code/SYSeducore/.venv/lib/python3.14/site-packages/django/db/models/sql/query.py", line 1526, in build_filter
    lookups, parts, reffed_expression = self.solve_lookup_type(arg, summarize)
                                        ~~~~~~~~~~~~~~~~~~~~~~^^^^^^^^^^^^^^^^
  File "/Users/hamdy/Desktop/Work Code/My Project Code/SYSeducore/.venv/lib/python3.14/site-packages/django/db/models/sql/query.py", line 1333, in solve_lookup_type
    _, field, _, lookup_parts = self.names_to_path(lookup_splitted, self.get_meta())
                                ~~~~~~~~~~~~~~~~~~^^^^^^^^^^^^^^^^^^^^^^^^^^^^^^^^^^
  File "/Users/hamdy/Desktop/Work Code/My Project Code/SYSeducore/.venv/lib/python3.14/site-packages/django/db/models/sql/query.py", line 1806, in names_to_path
    raise FieldError(
    ...<2 lines>...
    )
django.core.exceptions.FieldError: Cannot resolve keyword 'studentgroupenrollment' into field. Choices are: address, attendances, created_at, date_of_birth, full_name, grade, group_enrollments, groups, is_active, parent_name, parent_phone, payments, school_name, student_code, student_id, updated_at
"GET /students/ HTTP/1.1" 500 142546
Internal Server Error: /students/
Traceback (most recent call last):
  File "/Users/hamdy/Desktop/Work Code/My Project Code/SYSeducore/.venv/lib/python3.14/site-packages/django/core/handlers/exception.py", line 55, in inner
    response = get_response(request)
  File "/Users/hamdy/Desktop/Work Code/My Project Code/SYSeducore/.venv/lib/python3.14/site-packages/django/core/handlers/base.py", line 197, in _get_response
    response = wrapped_callback(request, *callback_args, **callback_kwargs)
  File "/Users/hamdy/Desktop/Work Code/My Project Code/SYSeducore/.venv/lib/python3.14/site-packages/django/contrib/auth/decorators.py", line 59, in _view_wrapper
    return view_func(request, *args, **kwargs)
  File "/Users/hamdy/Desktop/Work Code/My Project Code/SYSeducore/apps/students/views.py", line 29, in student_list
    students = Student.objects.all().annotate(
               ~~~~~~~~~~~~~~~~~~~~~~~~~~~~~~^
        groups_count=Count(
        ^^^^^^^^^^^^^^^^^^^
    ...<2 lines>...
        )
        ^
    ).prefetch_related(
    ^
  File "/Users/hamdy/Desktop/Work Code/My Project Code/SYSeducore/.venv/lib/python3.14/site-packages/django/db/models/query.py", line 1654, in annotate
    return self._annotate(args, kwargs, select=True)
           ~~~~~~~~~~~~~~^^^^^^^^^^^^^^^^^^^^^^^^^^^
  File "/Users/hamdy/Desktop/Work Code/My Project Code/SYSeducore/.venv/lib/python3.14/site-packages/django/db/models/query.py", line 1706, in _annotate
    clone.query.add_annotation(
    ~~~~~~~~~~~~~~~~~~~~~~~~~~^
        annotation,
        ^^^^^^^^^^^
        alias,
        ^^^^^^
        select=select,
        ^^^^^^^^^^^^^^
    )
    ^
  File "/Users/hamdy/Desktop/Work Code/My Project Code/SYSeducore/.venv/lib/python3.14/site-packages/django/db/models/sql/query.py", line 1218, in add_annotation
    annotation = annotation.resolve_expression(self, allow_joins=True, reuse=None)
  File "/Users/hamdy/Desktop/Work Code/My Project Code/SYSeducore/.venv/lib/python3.14/site-packages/django/db/models/aggregates.py", line 176, in resolve_expression
    result = super().resolve_expression(*args, **kwargs)
  File "/Users/hamdy/Desktop/Work Code/My Project Code/SYSeducore/.venv/lib/python3.14/site-packages/django/db/models/aggregates.py", line 63, in resolve_expression
    c = super().resolve_expression(query, allow_joins, reuse, summarize)
  File "/Users/hamdy/Desktop/Work Code/My Project Code/SYSeducore/.venv/lib/python3.14/site-packages/django/db/models/expressions.py", line 300, in resolve_expression
    expr.resolve_expression(query, allow_joins, reuse, summarize, for_save)
    ~~~~~~~~~~~~~~~~~~~~~~~^^^^^^^^^^^^^^^^^^^^^^^^^^^^^^^^^^^^^^^^^^^^^^^^
  File "/Users/hamdy/Desktop/Work Code/My Project Code/SYSeducore/.venv/lib/python3.14/site-packages/django/db/models/query_utils.py", line 95, in resolve_expression
    clause, joins = query._add_q(
                    ~~~~~~~~~~~~^
        self,
        ^^^^^
    ...<4 lines>...
        summarize=summarize,
        ^^^^^^^^^^^^^^^^^^^^
    )
    ^
  File "/Users/hamdy/Desktop/Work Code/My Project Code/SYSeducore/.venv/lib/python3.14/site-packages/django/db/models/sql/query.py", line 1678, in _add_q
    child_clause, needed_inner = self.build_filter(
                                 ~~~~~~~~~~~~~~~~~^
        child,
        ^^^^^^
    ...<7 lines>...
        update_join_types=update_join_types,
        ^^^^^^^^^^^^^^^^^^^^^^^^^^^^^^^^^^^^
    )
    ^
  File "/Users/hamdy/Desktop/Work Code/My Project Code/SYSeducore/.venv/lib/python3.14/site-packages/django/db/models/sql/query.py", line 1526, in build_filter
    lookups, parts, reffed_expression = self.solve_lookup_type(arg, summarize)
                                        ~~~~~~~~~~~~~~~~~~~~~~^^^^^^^^^^^^^^^^
  File "/Users/hamdy/Desktop/Work Code/My Project Code/SYSeducore/.venv/lib/python3.14/site-packages/django/db/models/sql/query.py", line 1333, in solve_lookup_type
    _, field, _, lookup_parts = self.names_to_path(lookup_splitted, self.get_meta())
                                ~~~~~~~~~~~~~~~~~~^^^^^^^^^^^^^^^^^^^^^^^^^^^^^^^^^^
  File "/Users/hamdy/Desktop/Work Code/My Project Code/SYSeducore/.venv/lib/python3.14/site-packages/django/db/models/sql/query.py", line 1806, in names_to_path
    raise FieldError(
    ...<2 lines>...
    )
django.core.exceptions.FieldError: Cannot resolve keyword 'studentgroupenrollment' into field. Choices are: address, attendances, created_at, date_of_birth, full_name, grade, group_enrollments, groups, is_active, parent_name, parent_phone, payments, school_name, student_code, student_id, updated_at
"GET /students/ HTTP/1.1" 500 142546
Internal Server Error: /students/
Traceback (most recent call last):
  File "/Users/hamdy/Desktop/Work Code/My Project Code/SYSeducore/.venv/lib/python3.14/site-packages/django/core/handlers/exception.py", line 55, in inner
    response = get_response(request)
  File "/Users/hamdy/Desktop/Work Code/My Project Code/SYSeducore/.venv/lib/python3.14/site-packages/django/core/handlers/base.py", line 197, in _get_response
    response = wrapped_callback(request, *callback_args, **callback_kwargs)
  File "/Users/hamdy/Desktop/Work Code/My Project Code/SYSeducore/.venv/lib/python3.14/site-packages/django/contrib/auth/decorators.py", line 59, in _view_wrapper
    return view_func(request, *args, **kwargs)
  File "/Users/hamdy/Desktop/Work Code/My Project Code/SYSeducore/apps/students/views.py", line 29, in student_list
    students = Student.objects.all().annotate(
               ~~~~~~~~~~~~~~~~~~~~~~~~~~~~~~^
        groups_count=Count(
        ^^^^^^^^^^^^^^^^^^^
    ...<2 lines>...
        )
        ^
    ).prefetch_related(
    ^
  File "/Users/hamdy/Desktop/Work Code/My Project Code/SYSeducore/.venv/lib/python3.14/site-packages/django/db/models/query.py", line 1654, in annotate
    return self._annotate(args, kwargs, select=True)
           ~~~~~~~~~~~~~~^^^^^^^^^^^^^^^^^^^^^^^^^^^
  File "/Users/hamdy/Desktop/Work Code/My Project Code/SYSeducore/.venv/lib/python3.14/site-packages/django/db/models/query.py", line 1706, in _annotate
    clone.query.add_annotation(
    ~~~~~~~~~~~~~~~~~~~~~~~~~~^
        annotation,
        ^^^^^^^^^^^
        alias,
        ^^^^^^
        select=select,
        ^^^^^^^^^^^^^^
    )
    ^
  File "/Users/hamdy/Desktop/Work Code/My Project Code/SYSeducore/.venv/lib/python3.14/site-packages/django/db/models/sql/query.py", line 1218, in add_annotation
    annotation = annotation.resolve_expression(self, allow_joins=True, reuse=None)
  File "/Users/hamdy/Desktop/Work Code/My Project Code/SYSeducore/.venv/lib/python3.14/site-packages/django/db/models/aggregates.py", line 176, in resolve_expression
    result = super().resolve_expression(*args, **kwargs)
  File "/Users/hamdy/Desktop/Work Code/My Project Code/SYSeducore/.venv/lib/python3.14/site-packages/django/db/models/aggregates.py", line 63, in resolve_expression
    c = super().resolve_expression(query, allow_joins, reuse, summarize)
  File "/Users/hamdy/Desktop/Work Code/My Project Code/SYSeducore/.venv/lib/python3.14/site-packages/django/db/models/expressions.py", line 300, in resolve_expression
    expr.resolve_expression(query, allow_joins, reuse, summarize, for_save)
    ~~~~~~~~~~~~~~~~~~~~~~~^^^^^^^^^^^^^^^^^^^^^^^^^^^^^^^^^^^^^^^^^^^^^^^^
  File "/Users/hamdy/Desktop/Work Code/My Project Code/SYSeducore/.venv/lib/python3.14/site-packages/django/db/models/query_utils.py", line 95, in resolve_expression
    clause, joins = query._add_q(
                    ~~~~~~~~~~~~^
        self,
        ^^^^^
    ...<4 lines>...
        summarize=summarize,
        ^^^^^^^^^^^^^^^^^^^^
    )
    ^
  File "/Users/hamdy/Desktop/Work Code/My Project Code/SYSeducore/.venv/lib/python3.14/site-packages/django/db/models/sql/query.py", line 1678, in _add_q
    child_clause, needed_inner = self.build_filter(
                                 ~~~~~~~~~~~~~~~~~^
        child,
        ^^^^^^
    ...<7 lines>...
        update_join_types=update_join_types,
        ^^^^^^^^^^^^^^^^^^^^^^^^^^^^^^^^^^^^
    )
    ^
  File "/Users/hamdy/Desktop/Work Code/My Project Code/SYSeducore/.venv/lib/python3.14/site-packages/django/db/models/sql/query.py", line 1526, in build_filter
    lookups, parts, reffed_expression = self.solve_lookup_type(arg, summarize)
                                        ~~~~~~~~~~~~~~~~~~~~~~^^^^^^^^^^^^^^^^
  File "/Users/hamdy/Desktop/Work Code/My Project Code/SYSeducore/.venv/lib/python3.14/site-packages/django/db/models/sql/query.py", line 1333, in solve_lookup_type
    _, field, _, lookup_parts = self.names_to_path(lookup_splitted, self.get_meta())
                                ~~~~~~~~~~~~~~~~~~^^^^^^^^^^^^^^^^^^^^^^^^^^^^^^^^^^
  File "/Users/hamdy/Desktop/Work Code/My Project Code/SYSeducore/.venv/lib/python3.14/site-packages/django/db/models/sql/query.py", line 1806, in names_to_path
    raise FieldError(
    ...<2 lines>...
    )
django.core.exceptions.FieldError: Cannot resolve keyword 'studentgroupenrollment' into field. Choices are: address, attendances, created_at, date_of_birth, full_name, grade, group_enrollments, groups, is_active, parent_name, parent_phone, payments, school_name, student_code, student_id, updated_at
"GET /students/ HTTP/1.1" 500 142546
/Users/hamdy/Desktop/Work Code/My Project Code/SYSeducore/apps/students/views.py changed, reloading.
Watching for file changes with StatReloader
"GET / HTTP/1.1" 302 0
"GET /reports/ HTTP/1.1" 200 27866
"GET /attendance/scanner/ HTTP/1.1" 200 57433
"GET /attendance/api/today-stats/ HTTP/1.1" 200 72
"GET /attendance/api/today-sessions/ HTTP/1.1" 200 397
"GET /students/ HTTP/1.1" 200 255008
Internal Server Error: /students/60/
Traceback (most recent call last):
  File "/Users/hamdy/Desktop/Work Code/My Project Code/SYSeducore/.venv/lib/python3.14/site-packages/django/core/handlers/exception.py", line 55, in inner
    response = get_response(request)
  File "/Users/hamdy/Desktop/Work Code/My Project Code/SYSeducore/.venv/lib/python3.14/site-packages/django/core/handlers/base.py", line 197, in _get_response
    response = wrapped_callback(request, *callback_args, **callback_kwargs)
  File "/Users/hamdy/Desktop/Work Code/My Project Code/SYSeducore/.venv/lib/python3.14/site-packages/django/contrib/auth/decorators.py", line 59, in _view_wrapper
    return view_func(request, *args, **kwargs)
  File "/Users/hamdy/Desktop/Work Code/My Project Code/SYSeducore/apps/students/views.py", line 109, in student_detail
    student = get_object_or_404(
        Student.objects.prefetch_related(
    ...<3 lines>...
        pk=student_id
    )
  File "/Users/hamdy/Desktop/Work Code/My Project Code/SYSeducore/.venv/lib/python3.14/site-packages/django/shortcuts.py", line 90, in get_object_or_404
    return queryset.get(*args, **kwargs)
           ~~~~~~~~~~~~^^^^^^^^^^^^^^^^^
  File "/Users/hamdy/Desktop/Work Code/My Project Code/SYSeducore/.venv/lib/python3.14/site-packages/django/db/models/query.py", line 631, in get
    num = len(clone)
  File "/Users/hamdy/Desktop/Work Code/My Project Code/SYSeducore/.venv/lib/python3.14/site-packages/django/db/models/query.py", line 368, in __len__
    self._fetch_all()
    ~~~~~~~~~~~~~~~^^
  File "/Users/hamdy/Desktop/Work Code/My Project Code/SYSeducore/.venv/lib/python3.14/site-packages/django/db/models/query.py", line 1956, in _fetch_all
    self._prefetch_related_objects()
    ~~~~~~~~~~~~~~~~~~~~~~~~~~~~~~^^
  File "/Users/hamdy/Desktop/Work Code/My Project Code/SYSeducore/.venv/lib/python3.14/site-packages/django/db/models/query.py", line 1330, in _prefetch_related_objects
    prefetch_related_objects(self._result_cache, *self._prefetch_related_lookups)
    ~~~~~~~~~~~~~~~~~~~~~~~~^^^^^^^^^^^^^^^^^^^^^^^^^^^^^^^^^^^^^^^^^^^^^^^^^^^^^
  File "/Users/hamdy/Desktop/Work Code/My Project Code/SYSeducore/.venv/lib/python3.14/site-packages/django/db/models/query.py", line 2383, in prefetch_related_objects
    raise AttributeError(
    ...<7 lines>...
    )
AttributeError: Cannot find 'group' on Group object, 'groups__group__teacher' is an invalid parameter to prefetch_related()
"GET /students/60/ HTTP/1.1" 500 110871
Internal Server Error: /students/60/id-card/
Traceback (most recent call last):
  File "/Users/hamdy/Desktop/Work Code/My Project Code/SYSeducore/.venv/lib/python3.14/site-packages/django/core/handlers/exception.py", line 55, in inner
    response = get_response(request)
  File "/Users/hamdy/Desktop/Work Code/My Project Code/SYSeducore/.venv/lib/python3.14/site-packages/django/core/handlers/base.py", line 197, in _get_response
    response = wrapped_callback(request, *callback_args, **callback_kwargs)
  File "/Users/hamdy/Desktop/Work Code/My Project Code/SYSeducore/.venv/lib/python3.14/site-packages/django/contrib/auth/decorators.py", line 59, in _view_wrapper
    return view_func(request, *args, **kwargs)
  File "/Users/hamdy/Desktop/Work Code/My Project Code/SYSeducore/apps/students/views.py", line 299, in student_id_card
    student = get_object_or_404(
        Student.objects.prefetch_related(
    ...<3 lines>...
        pk=student_id
    )
  File "/Users/hamdy/Desktop/Work Code/My Project Code/SYSeducore/.venv/lib/python3.14/site-packages/django/shortcuts.py", line 90, in get_object_or_404
    return queryset.get(*args, **kwargs)
           ~~~~~~~~~~~~^^^^^^^^^^^^^^^^^
  File "/Users/hamdy/Desktop/Work Code/My Project Code/SYSeducore/.venv/lib/python3.14/site-packages/django/db/models/query.py", line 631, in get
    num = len(clone)
  File "/Users/hamdy/Desktop/Work Code/My Project Code/SYSeducore/.venv/lib/python3.14/site-packages/django/db/models/query.py", line 368, in __len__
    self._fetch_all()
    ~~~~~~~~~~~~~~~^^
  File "/Users/hamdy/Desktop/Work Code/My Project Code/SYSeducore/.venv/lib/python3.14/site-packages/django/db/models/query.py", line 1956, in _fetch_all
    self._prefetch_related_objects()
    ~~~~~~~~~~~~~~~~~~~~~~~~~~~~~~^^
  File "/Users/hamdy/Desktop/Work Code/My Project Code/SYSeducore/.venv/lib/python3.14/site-packages/django/db/models/query.py", line 1330, in _prefetch_related_objects
    prefetch_related_objects(self._result_cache, *self._prefetch_related_lookups)
    ~~~~~~~~~~~~~~~~~~~~~~~~^^^^^^^^^^^^^^^^^^^^^^^^^^^^^^^^^^^^^^^^^^^^^^^^^^^^^
  File "/Users/hamdy/Desktop/Work Code/My Project Code/SYSeducore/.venv/lib/python3.14/site-packages/django/db/models/query.py", line 2383, in prefetch_related_objects
    raise AttributeError(
    ...<7 lines>...
    )
AttributeError: Cannot find 'group' on Group object, 'groups__group__teacher' is an invalid parameter to prefetch_related()
"GET /students/60/id-card/ HTTP/1.1" 500 110999
"GET /students/create/ HTTP/1.1" 200 37082
"GET /students/api/next-code/ HTTP/1.1" 200 38
"GET /teachers/ HTTP/1.1" 200 25816
"GET /teachers/rooms/ HTTP/1.1" 200 46596
"GET /teachers/api/rooms/7/ HTTP/1.1" 200 1010
"GET /teachers/api/rooms/2/ HTTP/1.1" 200 251
"GET /teachers/api/rooms/6/ HTTP/1.1" 200 925
"GET /teachers/api/rooms/3/ HTTP/1.1" 200 927
"GET /teachers/api/rooms/8/ HTTP/1.1" 200 1593
"GET /teachers/api/rooms/5/ HTTP/1.1" 200 251
"GET /teachers/api/rooms/4/ HTTP/1.1" 200 2322
"GET /teachers/api/rooms/1/ HTTP/1.1" 200 1546
"GET /teachers/rooms/8/ HTTP/1.1" 200 26690
"GET /teachers/groups/ HTTP/1.1" 200 31338
"GET /payments/ HTTP/1.1" 200 418001
"GET /reports/attendance/ HTTP/1.1" 200 118883
"GET /reports/payments/ HTTP/1.1" 200 373003
"GET /attendance/scanner/ HTTP/1.1" 200 57433
"GET /attendance/api/today-stats/ HTTP/1.1" 200 72
"GET /attendance/api/today-sessions/ HTTP/1.1" 200 397
/Users/hamdy/Desktop/Work Code/My Project Code/SYSeducore/apps/students/api_views.py changed, reloading.
Watching for file changes with StatReloader
Internal Server Error: /students/60/id-card/
Traceback (most recent call last):
  File "/Users/hamdy/Desktop/Work Code/My Project Code/SYSeducore/.venv/lib/python3.14/site-packages/django/core/handlers/exception.py", line 55, in inner
    response = get_response(request)
  File "/Users/hamdy/Desktop/Work Code/My Project Code/SYSeducore/.venv/lib/python3.14/site-packages/django/core/handlers/base.py", line 197, in _get_response
    response = wrapped_callback(request, *callback_args, **callback_kwargs)
  File "/Users/hamdy/Desktop/Work Code/My Project Code/SYSeducore/.venv/lib/python3.14/site-packages/django/contrib/auth/decorators.py", line 59, in _view_wrapper
    return view_func(request, *args, **kwargs)
  File "/Users/hamdy/Desktop/Work Code/My Project Code/SYSeducore/apps/students/views.py", line 299, in student_id_card
    student = get_object_or_404(
        Student.objects.prefetch_related(
    ...<3 lines>...
        pk=student_id
    )
  File "/Users/hamdy/Desktop/Work Code/My Project Code/SYSeducore/.venv/lib/python3.14/site-packages/django/shortcuts.py", line 90, in get_object_or_404
    return queryset.get(*args, **kwargs)
           ~~~~~~~~~~~~^^^^^^^^^^^^^^^^^
  File "/Users/hamdy/Desktop/Work Code/My Project Code/SYSeducore/.venv/lib/python3.14/site-packages/django/db/models/query.py", line 631, in get
    num = len(clone)
  File "/Users/hamdy/Desktop/Work Code/My Project Code/SYSeducore/.venv/lib/python3.14/site-packages/django/db/models/query.py", line 368, in __len__
    self._fetch_all()
    ~~~~~~~~~~~~~~~^^
  File "/Users/hamdy/Desktop/Work Code/My Project Code/SYSeducore/.venv/lib/python3.14/site-packages/django/db/models/query.py", line 1956, in _fetch_all
    self._prefetch_related_objects()
    ~~~~~~~~~~~~~~~~~~~~~~~~~~~~~~^^
  File "/Users/hamdy/Desktop/Work Code/My Project Code/SYSeducore/.venv/lib/python3.14/site-packages/django/db/models/query.py", line 1330, in _prefetch_related_objects
    prefetch_related_objects(self._result_cache, *self._prefetch_related_lookups)
    ~~~~~~~~~~~~~~~~~~~~~~~~^^^^^^^^^^^^^^^^^^^^^^^^^^^^^^^^^^^^^^^^^^^^^^^^^^^^^
  File "/Users/hamdy/Desktop/Work Code/My Project Code/SYSeducore/.venv/lib/python3.14/site-packages/django/db/models/query.py", line 2383, in prefetch_related_objects
    raise AttributeError(
    ...<7 lines>...
    )
AttributeError: Cannot find 'group' on Group object, 'groups__group__teacher' is an invalid parameter to prefetch_related()
"GET /students/60/id-card/ HTTP/1.1" 500 111136
Internal Server Error: /students/60/id-card/
Traceback (most recent call last):
  File "/Users/hamdy/Desktop/Work Code/My Project Code/SYSeducore/.venv/lib/python3.14/site-packages/django/core/handlers/exception.py", line 55, in inner
    response = get_response(request)
  File "/Users/hamdy/Desktop/Work Code/My Project Code/SYSeducore/.venv/lib/python3.14/site-packages/django/core/handlers/base.py", line 197, in _get_response
    response = wrapped_callback(request, *callback_args, **callback_kwargs)
  File "/Users/hamdy/Desktop/Work Code/My Project Code/SYSeducore/.venv/lib/python3.14/site-packages/django/contrib/auth/decorators.py", line 59, in _view_wrapper
    return view_func(request, *args, **kwargs)
  File "/Users/hamdy/Desktop/Work Code/My Project Code/SYSeducore/apps/students/views.py", line 299, in student_id_card
    student = get_object_or_404(
        Student.objects.prefetch_related(
    ...<3 lines>...
        pk=student_id
    )
  File "/Users/hamdy/Desktop/Work Code/My Project Code/SYSeducore/.venv/lib/python3.14/site-packages/django/shortcuts.py", line 90, in get_object_or_404
    return queryset.get(*args, **kwargs)
           ~~~~~~~~~~~~^^^^^^^^^^^^^^^^^
  File "/Users/hamdy/Desktop/Work Code/My Project Code/SYSeducore/.venv/lib/python3.14/site-packages/django/db/models/query.py", line 631, in get
    num = len(clone)
  File "/Users/hamdy/Desktop/Work Code/My Project Code/SYSeducore/.venv/lib/python3.14/site-packages/django/db/models/query.py", line 368, in __len__
    self._fetch_all()
    ~~~~~~~~~~~~~~~^^
  File "/Users/hamdy/Desktop/Work Code/My Project Code/SYSeducore/.venv/lib/python3.14/site-packages/django/db/models/query.py", line 1956, in _fetch_all
    self._prefetch_related_objects()
    ~~~~~~~~~~~~~~~~~~~~~~~~~~~~~~^^
  File "/Users/hamdy/Desktop/Work Code/My Project Code/SYSeducore/.venv/lib/python3.14/site-packages/django/db/models/query.py", line 1330, in _prefetch_related_objects
    prefetch_related_objects(self._result_cache, *self._prefetch_related_lookups)
    ~~~~~~~~~~~~~~~~~~~~~~~~^^^^^^^^^^^^^^^^^^^^^^^^^^^^^^^^^^^^^^^^^^^^^^^^^^^^^
  File "/Users/hamdy/Desktop/Work Code/My Project Code/SYSeducore/.venv/lib/python3.14/site-packages/django/db/models/query.py", line 2383, in prefetch_related_objects
    raise AttributeError(
    ...<7 lines>...
    )
AttributeError: Cannot find 'group' on Group object, 'groups__group__teacher' is an invalid parameter to prefetch_related()
"GET /students/60/id-card/ HTTP/1.1" 500 111136
Internal Server Error: /students/60/id-card/
Traceback (most recent call last):
  File "/Users/hamdy/Desktop/Work Code/My Project Code/SYSeducore/.venv/lib/python3.14/site-packages/django/core/handlers/exception.py", line 55, in inner
    response = get_response(request)
  File "/Users/hamdy/Desktop/Work Code/My Project Code/SYSeducore/.venv/lib/python3.14/site-packages/django/core/handlers/base.py", line 197, in _get_response
    response = wrapped_callback(request, *callback_args, **callback_kwargs)
  File "/Users/hamdy/Desktop/Work Code/My Project Code/SYSeducore/.venv/lib/python3.14/site-packages/django/contrib/auth/decorators.py", line 59, in _view_wrapper
    return view_func(request, *args, **kwargs)
  File "/Users/hamdy/Desktop/Work Code/My Project Code/SYSeducore/apps/students/views.py", line 299, in student_id_card
    student = get_object_or_404(
        Student.objects.prefetch_related(
    ...<3 lines>...
        pk=student_id
    )
  File "/Users/hamdy/Desktop/Work Code/My Project Code/SYSeducore/.venv/lib/python3.14/site-packages/django/shortcuts.py", line 90, in get_object_or_404
    return queryset.get(*args, **kwargs)
           ~~~~~~~~~~~~^^^^^^^^^^^^^^^^^
  File "/Users/hamdy/Desktop/Work Code/My Project Code/SYSeducore/.venv/lib/python3.14/site-packages/django/db/models/query.py", line 631, in get
    num = len(clone)
  File "/Users/hamdy/Desktop/Work Code/My Project Code/SYSeducore/.venv/lib/python3.14/site-packages/django/db/models/query.py", line 368, in __len__
    self._fetch_all()
    ~~~~~~~~~~~~~~~^^
  File "/Users/hamdy/Desktop/Work Code/My Project Code/SYSeducore/.venv/lib/python3.14/site-packages/django/db/models/query.py", line 1956, in _fetch_all
    self._prefetch_related_objects()
    ~~~~~~~~~~~~~~~~~~~~~~~~~~~~~~^^
  File "/Users/hamdy/Desktop/Work Code/My Project Code/SYSeducore/.venv/lib/python3.14/site-packages/django/db/models/query.py", line 1330, in _prefetch_related_objects
    prefetch_related_objects(self._result_cache, *self._prefetch_related_lookups)
    ~~~~~~~~~~~~~~~~~~~~~~~~^^^^^^^^^^^^^^^^^^^^^^^^^^^^^^^^^^^^^^^^^^^^^^^^^^^^^
  File "/Users/hamdy/Desktop/Work Code/My Project Code/SYSeducore/.venv/lib/python3.14/site-packages/django/db/models/query.py", line 2383, in prefetch_related_objects
    raise AttributeError(
    ...<7 lines>...
    )
AttributeError: Cannot find 'group' on Group object, 'groups__group__teacher' is an invalid parameter to prefetch_related()
"GET /students/60/id-card/ HTTP/1.1" 500 111136
"GET /teachers/ HTTP/1.1" 200 25816
"GET /teachers/groups/ HTTP/1.1" 200 31338
"GET /teachers/rooms/ HTTP/1.1" 200 46596
"GET /teachers/api/rooms/3/ HTTP/1.1" 200 927
"GET /teachers/api/rooms/2/ HTTP/1.1" 200 251
"GET /teachers/api/rooms/5/ HTTP/1.1" 200 251
"GET /teachers/api/rooms/8/ HTTP/1.1" 200 1593
"GET /teachers/api/rooms/1/ HTTP/1.1" 200 1546
"GET /teachers/api/rooms/7/ HTTP/1.1" 200 1010
"GET /teachers/api/rooms/6/ HTTP/1.1" 200 925
"GET /teachers/api/rooms/4/ HTTP/1.1" 200 2322
"GET /teachers/rooms/8/ HTTP/1.1" 200 26690
"GET /students/ HTTP/1.1" 200 255008
/Users/hamdy/Desktop/Work Code/My Project Code/SYSeducore/apps/students/views.py changed, reloading.
Watching for file changes with StatReloader
Internal Server Error: /students/60/
Traceback (most recent call last):
  File "/Users/hamdy/Desktop/Work Code/My Project Code/SYSeducore/.venv/lib/python3.14/site-packages/django/core/handlers/exception.py", line 55, in inner
    response = get_response(request)
  File "/Users/hamdy/Desktop/Work Code/My Project Code/SYSeducore/.venv/lib/python3.14/site-packages/django/core/handlers/base.py", line 197, in _get_response
    response = wrapped_callback(request, *callback_args, **callback_kwargs)
  File "/Users/hamdy/Desktop/Work Code/My Project Code/SYSeducore/.venv/lib/python3.14/site-packages/django/contrib/auth/decorators.py", line 59, in _view_wrapper
    return view_func(request, *args, **kwargs)
  File "/Users/hamdy/Desktop/Work Code/My Project Code/SYSeducore/apps/students/views.py", line 109, in student_detail
    student = get_object_or_404(
        Student.objects.prefetch_related(
    ...<3 lines>...
        pk=student_id
    )
  File "/Users/hamdy/Desktop/Work Code/My Project Code/SYSeducore/.venv/lib/python3.14/site-packages/django/shortcuts.py", line 90, in get_object_or_404
    return queryset.get(*args, **kwargs)
           ~~~~~~~~~~~~^^^^^^^^^^^^^^^^^
  File "/Users/hamdy/Desktop/Work Code/My Project Code/SYSeducore/.venv/lib/python3.14/site-packages/django/db/models/query.py", line 631, in get
    num = len(clone)
  File "/Users/hamdy/Desktop/Work Code/My Project Code/SYSeducore/.venv/lib/python3.14/site-packages/django/db/models/query.py", line 368, in __len__
    self._fetch_all()
    ~~~~~~~~~~~~~~~^^
  File "/Users/hamdy/Desktop/Work Code/My Project Code/SYSeducore/.venv/lib/python3.14/site-packages/django/db/models/query.py", line 1956, in _fetch_all
    self._prefetch_related_objects()
    ~~~~~~~~~~~~~~~~~~~~~~~~~~~~~~^^
  File "/Users/hamdy/Desktop/Work Code/My Project Code/SYSeducore/.venv/lib/python3.14/site-packages/django/db/models/query.py", line 1330, in _prefetch_related_objects
    prefetch_related_objects(self._result_cache, *self._prefetch_related_lookups)
    ~~~~~~~~~~~~~~~~~~~~~~~~^^^^^^^^^^^^^^^^^^^^^^^^^^^^^^^^^^^^^^^^^^^^^^^^^^^^^
  File "/Users/hamdy/Desktop/Work Code/My Project Code/SYSeducore/.venv/lib/python3.14/site-packages/django/db/models/query.py", line 2383, in prefetch_related_objects
    raise AttributeError(
    ...<7 lines>...
    )
AttributeError: Cannot find 'group' on Group object, 'groups__group__teacher' is an invalid parameter to prefetch_related()
"GET /students/60/ HTTP/1.1" 500 111007
Internal Server Error: /students/60/
Traceback (most recent call last):
  File "/Users/hamdy/Desktop/Work Code/My Project Code/SYSeducore/.venv/lib/python3.14/site-packages/django/core/handlers/exception.py", line 55, in inner
    response = get_response(request)
  File "/Users/hamdy/Desktop/Work Code/My Project Code/SYSeducore/.venv/lib/python3.14/site-packages/django/core/handlers/base.py", line 197, in _get_response
    response = wrapped_callback(request, *callback_args, **callback_kwargs)
  File "/Users/hamdy/Desktop/Work Code/My Project Code/SYSeducore/.venv/lib/python3.14/site-packages/django/contrib/auth/decorators.py", line 59, in _view_wrapper
    return view_func(request, *args, **kwargs)
  File "/Users/hamdy/Desktop/Work Code/My Project Code/SYSeducore/apps/students/views.py", line 109, in student_detail
    student = get_object_or_404(
        Student.objects.prefetch_related(
    ...<3 lines>...
        pk=student_id
    )
  File "/Users/hamdy/Desktop/Work Code/My Project Code/SYSeducore/.venv/lib/python3.14/site-packages/django/shortcuts.py", line 90, in get_object_or_404
    return queryset.get(*args, **kwargs)
           ~~~~~~~~~~~~^^^^^^^^^^^^^^^^^
  File "/Users/hamdy/Desktop/Work Code/My Project Code/SYSeducore/.venv/lib/python3.14/site-packages/django/db/models/query.py", line 631, in get
    num = len(clone)
  File "/Users/hamdy/Desktop/Work Code/My Project Code/SYSeducore/.venv/lib/python3.14/site-packages/django/db/models/query.py", line 368, in __len__
    self._fetch_all()
    ~~~~~~~~~~~~~~~^^
  File "/Users/hamdy/Desktop/Work Code/My Project Code/SYSeducore/.venv/lib/python3.14/site-packages/django/db/models/query.py", line 1956, in _fetch_all
    self._prefetch_related_objects()
    ~~~~~~~~~~~~~~~~~~~~~~~~~~~~~~^^
  File "/Users/hamdy/Desktop/Work Code/My Project Code/SYSeducore/.venv/lib/python3.14/site-packages/django/db/models/query.py", line 1330, in _prefetch_related_objects
    prefetch_related_objects(self._result_cache, *self._prefetch_related_lookups)
    ~~~~~~~~~~~~~~~~~~~~~~~~^^^^^^^^^^^^^^^^^^^^^^^^^^^^^^^^^^^^^^^^^^^^^^^^^^^^^
  File "/Users/hamdy/Desktop/Work Code/My Project Code/SYSeducore/.venv/lib/python3.14/site-packages/django/db/models/query.py", line 2383, in prefetch_related_objects
    raise AttributeError(
    ...<7 lines>...
    )
AttributeError: Cannot find 'group' on Group object, 'groups__group__teacher' is an invalid parameter to prefetch_related()
"GET /students/60/ HTTP/1.1" 500 111007
"POST /students/api/54/barcode/send/ HTTP/1.1" 200 169
"GET /students/ HTTP/1.1" 200 255008
Internal Server Error: /students/60/
Traceback (most recent call last):
  File "/Users/hamdy/Desktop/Work Code/My Project Code/SYSeducore/.venv/lib/python3.14/site-packages/django/core/handlers/exception.py", line 55, in inner
    response = get_response(request)
  File "/Users/hamdy/Desktop/Work Code/My Project Code/SYSeducore/.venv/lib/python3.14/site-packages/django/core/handlers/base.py", line 197, in _get_response
    response = wrapped_callback(request, *callback_args, **callback_kwargs)
  File "/Users/hamdy/Desktop/Work Code/My Project Code/SYSeducore/.venv/lib/python3.14/site-packages/django/contrib/auth/decorators.py", line 59, in _view_wrapper
    return view_func(request, *args, **kwargs)
  File "/Users/hamdy/Desktop/Work Code/My Project Code/SYSeducore/apps/students/views.py", line 109, in student_detail
    student = get_object_or_404(
        Student.objects.prefetch_related(
    ...<3 lines>...
        pk=student_id
    )
  File "/Users/hamdy/Desktop/Work Code/My Project Code/SYSeducore/.venv/lib/python3.14/site-packages/django/shortcuts.py", line 90, in get_object_or_404
    return queryset.get(*args, **kwargs)
           ~~~~~~~~~~~~^^^^^^^^^^^^^^^^^
  File "/Users/hamdy/Desktop/Work Code/My Project Code/SYSeducore/.venv/lib/python3.14/site-packages/django/db/models/query.py", line 631, in get
    num = len(clone)
  File "/Users/hamdy/Desktop/Work Code/My Project Code/SYSeducore/.venv/lib/python3.14/site-packages/django/db/models/query.py", line 368, in __len__
    self._fetch_all()
    ~~~~~~~~~~~~~~~^^
  File "/Users/hamdy/Desktop/Work Code/My Project Code/SYSeducore/.venv/lib/python3.14/site-packages/django/db/models/query.py", line 1956, in _fetch_all
    self._prefetch_related_objects()
    ~~~~~~~~~~~~~~~~~~~~~~~~~~~~~~^^
  File "/Users/hamdy/Desktop/Work Code/My Project Code/SYSeducore/.venv/lib/python3.14/site-packages/django/db/models/query.py", line 1330, in _prefetch_related_objects
    prefetch_related_objects(self._result_cache, *self._prefetch_related_lookups)
    ~~~~~~~~~~~~~~~~~~~~~~~~^^^^^^^^^^^^^^^^^^^^^^^^^^^^^^^^^^^^^^^^^^^^^^^^^^^^^
  File "/Users/hamdy/Desktop/Work Code/My Project Code/SYSeducore/.venv/lib/python3.14/site-packages/django/db/models/query.py", line 2383, in prefetch_related_objects
    raise AttributeError(
    ...<7 lines>...
    )
AttributeError: Cannot find 'group' on Group object, 'groups__group__teacher' is an invalid parameter to prefetch_related()
"GET /students/60/ HTTP/1.1" 500 110871
Internal Server Error: /students/60/
Traceback (most recent call last):
  File "/Users/hamdy/Desktop/Work Code/My Project Code/SYSeducore/.venv/lib/python3.14/site-packages/django/core/handlers/exception.py", line 55, in inner
    response = get_response(request)
  File "/Users/hamdy/Desktop/Work Code/My Project Code/SYSeducore/.venv/lib/python3.14/site-packages/django/core/handlers/base.py", line 197, in _get_response
    response = wrapped_callback(request, *callback_args, **callback_kwargs)
  File "/Users/hamdy/Desktop/Work Code/My Project Code/SYSeducore/.venv/lib/python3.14/site-packages/django/contrib/auth/decorators.py", line 59, in _view_wrapper
    return view_func(request, *args, **kwargs)
  File "/Users/hamdy/Desktop/Work Code/My Project Code/SYSeducore/apps/students/views.py", line 109, in student_detail
    student = get_object_or_404(
        Student.objects.prefetch_related(
    ...<3 lines>...
        pk=student_id
    )
  File "/Users/hamdy/Desktop/Work Code/My Project Code/SYSeducore/.venv/lib/python3.14/site-packages/django/shortcuts.py", line 90, in get_object_or_404
    return queryset.get(*args, **kwargs)
           ~~~~~~~~~~~~^^^^^^^^^^^^^^^^^
  File "/Users/hamdy/Desktop/Work Code/My Project Code/SYSeducore/.venv/lib/python3.14/site-packages/django/db/models/query.py", line 631, in get
    num = len(clone)
  File "/Users/hamdy/Desktop/Work Code/My Project Code/SYSeducore/.venv/lib/python3.14/site-packages/django/db/models/query.py", line 368, in __len__
    self._fetch_all()
    ~~~~~~~~~~~~~~~^^
  File "/Users/hamdy/Desktop/Work Code/My Project Code/SYSeducore/.venv/lib/python3.14/site-packages/django/db/models/query.py", line 1956, in _fetch_all
    self._prefetch_related_objects()
    ~~~~~~~~~~~~~~~~~~~~~~~~~~~~~~^^
  File "/Users/hamdy/Desktop/Work Code/My Project Code/SYSeducore/.venv/lib/python3.14/site-packages/django/db/models/query.py", line 1330, in _prefetch_related_objects
    prefetch_related_objects(self._result_cache, *self._prefetch_related_lookups)
    ~~~~~~~~~~~~~~~~~~~~~~~~^^^^^^^^^^^^^^^^^^^^^^^^^^^^^^^^^^^^^^^^^^^^^^^^^^^^^
  File "/Users/hamdy/Desktop/Work Code/My Project Code/SYSeducore/.venv/lib/python3.14/site-packages/django/db/models/query.py", line 2383, in prefetch_related_objects
    raise AttributeError(
    ...<7 lines>...
    )
AttributeError: Cannot find 'group' on Group object, 'groups__group__teacher' is an invalid parameter to prefetch_related()
"GET /students/60/ HTTP/1.1" 500 111008
"GET /students/60/id-card/ HTTP/1.1" 200 24189
/Users/hamdy/Desktop/Work Code/My Project Code/SYSeducore/apps/students/views.py changed, reloading.
Watching for file changes with StatReloader
"GET /students/ HTTP/1.1" 200 255008
"GET /students/60/ HTTP/1.1" 200 35672
/Users/hamdy/Desktop/Work Code/My Project Code/SYSeducore/apps/students/models.py changed, reloading.
/Users/hamdy/Desktop/Work Code/My Project Code/SYSeducore/apps/students/models.py changed, reloading.
Watching for file changes with StatReloader
Watching for file changes with StatReloader
/Users/hamdy/Desktop/Work Code/My Project Code/SYSeducore/apps/students/api_views.py changed, reloading.
Watching for file changes with StatReloader
"GET /students/ HTTP/1.1" 200 512320
"GET /reports/ HTTP/1.1" 200 27866
/Users/hamdy/Desktop/Work Code/My Project Code/SYSeducore/apps/reports/views.py changed, reloading.
Watching for file changes with StatReloader
/Users/hamdy/Desktop/Work Code/My Project Code/SYSeducore/apps/reports/urls.py changed, reloading.
Watching for file changes with StatReloader
Internal Server Error: /reports/
Traceback (most recent call last):
  File "/Users/hamdy/Desktop/Work Code/My Project Code/SYSeducore/.venv/lib/python3.14/site-packages/django/core/handlers/exception.py", line 55, in inner
    response = get_response(request)
  File "/Users/hamdy/Desktop/Work Code/My Project Code/SYSeducore/.venv/lib/python3.14/site-packages/django/core/handlers/base.py", line 197, in _get_response
    response = wrapped_callback(request, *callback_args, **callback_kwargs)
  File "/Users/hamdy/Desktop/Work Code/My Project Code/SYSeducore/.venv/lib/python3.14/site-packages/django/contrib/auth/decorators.py", line 59, in _view_wrapper
    return view_func(request, *args, **kwargs)
  File "/Users/hamdy/Desktop/Work Code/My Project Code/SYSeducore/apps/reports/views.py", line 131, in dashboard
    top_groups = Group.objects.filter(is_active=True).annotate(
                 ~~~~~~~~~~~~~~~~~~~~~~~~~~~~~~~~~~~~~~~~~~~~~^
        attendance_count=Count('session__attendance')
        ^^^^^^^^^^^^^^^^^^^^^^^^^^^^^^^^^^^^^^^^^^^^^
    ).order_by('-attendance_count')[:5]
    ^
  File "/Users/hamdy/Desktop/Work Code/My Project Code/SYSeducore/.venv/lib/python3.14/site-packages/django/db/models/query.py", line 1654, in annotate
    return self._annotate(args, kwargs, select=True)
           ~~~~~~~~~~~~~~^^^^^^^^^^^^^^^^^^^^^^^^^^^
  File "/Users/hamdy/Desktop/Work Code/My Project Code/SYSeducore/.venv/lib/python3.14/site-packages/django/db/models/query.py", line 1706, in _annotate
    clone.query.add_annotation(
    ~~~~~~~~~~~~~~~~~~~~~~~~~~^
        annotation,
        ^^^^^^^^^^^
        alias,
        ^^^^^^
        select=select,
        ^^^^^^^^^^^^^^
    )
    ^
  File "/Users/hamdy/Desktop/Work Code/My Project Code/SYSeducore/.venv/lib/python3.14/site-packages/django/db/models/sql/query.py", line 1218, in add_annotation
    annotation = annotation.resolve_expression(self, allow_joins=True, reuse=None)
  File "/Users/hamdy/Desktop/Work Code/My Project Code/SYSeducore/.venv/lib/python3.14/site-packages/django/db/models/aggregates.py", line 176, in resolve_expression
    result = super().resolve_expression(*args, **kwargs)
  File "/Users/hamdy/Desktop/Work Code/My Project Code/SYSeducore/.venv/lib/python3.14/site-packages/django/db/models/aggregates.py", line 63, in resolve_expression
    c = super().resolve_expression(query, allow_joins, reuse, summarize)
  File "/Users/hamdy/Desktop/Work Code/My Project Code/SYSeducore/.venv/lib/python3.14/site-packages/django/db/models/expressions.py", line 300, in resolve_expression
    expr.resolve_expression(query, allow_joins, reuse, summarize, for_save)
    ~~~~~~~~~~~~~~~~~~~~~~~^^^^^^^^^^^^^^^^^^^^^^^^^^^^^^^^^^^^^^^^^^^^^^^^
  File "/Users/hamdy/Desktop/Work Code/My Project Code/SYSeducore/.venv/lib/python3.14/site-packages/django/db/models/expressions.py", line 902, in resolve_expression
    return query.resolve_ref(self.name, allow_joins, reuse, summarize)
           ~~~~~~~~~~~~~~~~~^^^^^^^^^^^^^^^^^^^^^^^^^^^^^^^^^^^^^^^^^^
  File "/Users/hamdy/Desktop/Work Code/My Project Code/SYSeducore/.venv/lib/python3.14/site-packages/django/db/models/sql/query.py", line 2050, in resolve_ref
    join_info = self.setup_joins(
        field_list, self.get_meta(), self.get_initial_alias(), can_reuse=reuse
    )
  File "/Users/hamdy/Desktop/Work Code/My Project Code/SYSeducore/.venv/lib/python3.14/site-packages/django/db/models/sql/query.py", line 1901, in setup_joins
    path, final_field, targets, rest = self.names_to_path(
                                       ~~~~~~~~~~~~~~~~~~^
        names[:pivot],
        ^^^^^^^^^^^^^^
    ...<2 lines>...
        fail_on_missing=True,
        ^^^^^^^^^^^^^^^^^^^^^
    )
    ^
  File "/Users/hamdy/Desktop/Work Code/My Project Code/SYSeducore/.venv/lib/python3.14/site-packages/django/db/models/sql/query.py", line 1806, in names_to_path
    raise FieldError(
    ...<2 lines>...
    )
django.core.exceptions.FieldError: Cannot resolve keyword 'session' into field. Choices are: center_percentage, created_at, enrolled_students, group_id, group_name, is_active, payments, room, room_id, schedule_day, schedule_time, sessions, standard_fee, studentgroupenrollment, teacher, teacher_id
"GET /reports/ HTTP/1.1" 500 146983
Internal Server Error: /reports/
Traceback (most recent call last):
  File "/Users/hamdy/Desktop/Work Code/My Project Code/SYSeducore/.venv/lib/python3.14/site-packages/django/core/handlers/exception.py", line 55, in inner
    response = get_response(request)
  File "/Users/hamdy/Desktop/Work Code/My Project Code/SYSeducore/.venv/lib/python3.14/site-packages/django/core/handlers/base.py", line 197, in _get_response
    response = wrapped_callback(request, *callback_args, **callback_kwargs)
  File "/Users/hamdy/Desktop/Work Code/My Project Code/SYSeducore/.venv/lib/python3.14/site-packages/django/contrib/auth/decorators.py", line 59, in _view_wrapper
    return view_func(request, *args, **kwargs)
  File "/Users/hamdy/Desktop/Work Code/My Project Code/SYSeducore/apps/reports/views.py", line 131, in dashboard
    top_groups = Group.objects.filter(is_active=True).annotate(
                 ~~~~~~~~~~~~~~~~~~~~~~~~~~~~~~~~~~~~~~~~~~~~~^
        attendance_count=Count('session__attendance')
        ^^^^^^^^^^^^^^^^^^^^^^^^^^^^^^^^^^^^^^^^^^^^^
    ).order_by('-attendance_count')[:5]
    ^
  File "/Users/hamdy/Desktop/Work Code/My Project Code/SYSeducore/.venv/lib/python3.14/site-packages/django/db/models/query.py", line 1654, in annotate
    return self._annotate(args, kwargs, select=True)
           ~~~~~~~~~~~~~~^^^^^^^^^^^^^^^^^^^^^^^^^^^
  File "/Users/hamdy/Desktop/Work Code/My Project Code/SYSeducore/.venv/lib/python3.14/site-packages/django/db/models/query.py", line 1706, in _annotate
    clone.query.add_annotation(
    ~~~~~~~~~~~~~~~~~~~~~~~~~~^
        annotation,
        ^^^^^^^^^^^
        alias,
        ^^^^^^
        select=select,
        ^^^^^^^^^^^^^^
    )
    ^
  File "/Users/hamdy/Desktop/Work Code/My Project Code/SYSeducore/.venv/lib/python3.14/site-packages/django/db/models/sql/query.py", line 1218, in add_annotation
    annotation = annotation.resolve_expression(self, allow_joins=True, reuse=None)
  File "/Users/hamdy/Desktop/Work Code/My Project Code/SYSeducore/.venv/lib/python3.14/site-packages/django/db/models/aggregates.py", line 176, in resolve_expression
    result = super().resolve_expression(*args, **kwargs)
  File "/Users/hamdy/Desktop/Work Code/My Project Code/SYSeducore/.venv/lib/python3.14/site-packages/django/db/models/aggregates.py", line 63, in resolve_expression
    c = super().resolve_expression(query, allow_joins, reuse, summarize)
  File "/Users/hamdy/Desktop/Work Code/My Project Code/SYSeducore/.venv/lib/python3.14/site-packages/django/db/models/expressions.py", line 300, in resolve_expression
    expr.resolve_expression(query, allow_joins, reuse, summarize, for_save)
    ~~~~~~~~~~~~~~~~~~~~~~~^^^^^^^^^^^^^^^^^^^^^^^^^^^^^^^^^^^^^^^^^^^^^^^^
  File "/Users/hamdy/Desktop/Work Code/My Project Code/SYSeducore/.venv/lib/python3.14/site-packages/django/db/models/expressions.py", line 902, in resolve_expression
    return query.resolve_ref(self.name, allow_joins, reuse, summarize)
           ~~~~~~~~~~~~~~~~~^^^^^^^^^^^^^^^^^^^^^^^^^^^^^^^^^^^^^^^^^^
  File "/Users/hamdy/Desktop/Work Code/My Project Code/SYSeducore/.venv/lib/python3.14/site-packages/django/db/models/sql/query.py", line 2050, in resolve_ref
    join_info = self.setup_joins(
        field_list, self.get_meta(), self.get_initial_alias(), can_reuse=reuse
    )
  File "/Users/hamdy/Desktop/Work Code/My Project Code/SYSeducore/.venv/lib/python3.14/site-packages/django/db/models/sql/query.py", line 1901, in setup_joins
    path, final_field, targets, rest = self.names_to_path(
                                       ~~~~~~~~~~~~~~~~~~^
        names[:pivot],
        ^^^^^^^^^^^^^^
    ...<2 lines>...
        fail_on_missing=True,
        ^^^^^^^^^^^^^^^^^^^^^
    )
    ^
  File "/Users/hamdy/Desktop/Work Code/My Project Code/SYSeducore/.venv/lib/python3.14/site-packages/django/db/models/sql/query.py", line 1806, in names_to_path
    raise FieldError(
    ...<2 lines>...
    )
django.core.exceptions.FieldError: Cannot resolve keyword 'session' into field. Choices are: center_percentage, created_at, enrolled_students, group_id, group_name, is_active, payments, room, room_id, schedule_day, schedule_time, sessions, standard_fee, studentgroupenrollment, teacher, teacher_id
"GET /reports/ HTTP/1.1" 500 146983
"GET /reports/attendance/ HTTP/1.1" 200 52498
"GET /reports/payments/ HTTP/1.1" 200 13604
Internal Server Error: /reports/
Traceback (most recent call last):
  File "/Users/hamdy/Desktop/Work Code/My Project Code/SYSeducore/.venv/lib/python3.14/site-packages/django/core/handlers/exception.py", line 55, in inner
    response = get_response(request)
  File "/Users/hamdy/Desktop/Work Code/My Project Code/SYSeducore/.venv/lib/python3.14/site-packages/django/core/handlers/base.py", line 197, in _get_response
    response = wrapped_callback(request, *callback_args, **callback_kwargs)
  File "/Users/hamdy/Desktop/Work Code/My Project Code/SYSeducore/.venv/lib/python3.14/site-packages/django/contrib/auth/decorators.py", line 59, in _view_wrapper
    return view_func(request, *args, **kwargs)
  File "/Users/hamdy/Desktop/Work Code/My Project Code/SYSeducore/apps/reports/views.py", line 131, in dashboard
    top_groups = Group.objects.filter(is_active=True).annotate(
                 ~~~~~~~~~~~~~~~~~~~~~~~~~~~~~~~~~~~~~~~~~~~~~^
        attendance_count=Count('session__attendance')
        ^^^^^^^^^^^^^^^^^^^^^^^^^^^^^^^^^^^^^^^^^^^^^
    ).order_by('-attendance_count')[:5]
    ^
  File "/Users/hamdy/Desktop/Work Code/My Project Code/SYSeducore/.venv/lib/python3.14/site-packages/django/db/models/query.py", line 1654, in annotate
    return self._annotate(args, kwargs, select=True)
           ~~~~~~~~~~~~~~^^^^^^^^^^^^^^^^^^^^^^^^^^^
  File "/Users/hamdy/Desktop/Work Code/My Project Code/SYSeducore/.venv/lib/python3.14/site-packages/django/db/models/query.py", line 1706, in _annotate
    clone.query.add_annotation(
    ~~~~~~~~~~~~~~~~~~~~~~~~~~^
        annotation,
        ^^^^^^^^^^^
        alias,
        ^^^^^^
        select=select,
        ^^^^^^^^^^^^^^
    )
    ^
  File "/Users/hamdy/Desktop/Work Code/My Project Code/SYSeducore/.venv/lib/python3.14/site-packages/django/db/models/sql/query.py", line 1218, in add_annotation
    annotation = annotation.resolve_expression(self, allow_joins=True, reuse=None)
  File "/Users/hamdy/Desktop/Work Code/My Project Code/SYSeducore/.venv/lib/python3.14/site-packages/django/db/models/aggregates.py", line 176, in resolve_expression
    result = super().resolve_expression(*args, **kwargs)
  File "/Users/hamdy/Desktop/Work Code/My Project Code/SYSeducore/.venv/lib/python3.14/site-packages/django/db/models/aggregates.py", line 63, in resolve_expression
    c = super().resolve_expression(query, allow_joins, reuse, summarize)
  File "/Users/hamdy/Desktop/Work Code/My Project Code/SYSeducore/.venv/lib/python3.14/site-packages/django/db/models/expressions.py", line 300, in resolve_expression
    expr.resolve_expression(query, allow_joins, reuse, summarize, for_save)
    ~~~~~~~~~~~~~~~~~~~~~~~^^^^^^^^^^^^^^^^^^^^^^^^^^^^^^^^^^^^^^^^^^^^^^^^
  File "/Users/hamdy/Desktop/Work Code/My Project Code/SYSeducore/.venv/lib/python3.14/site-packages/django/db/models/expressions.py", line 902, in resolve_expression
    return query.resolve_ref(self.name, allow_joins, reuse, summarize)
           ~~~~~~~~~~~~~~~~~^^^^^^^^^^^^^^^^^^^^^^^^^^^^^^^^^^^^^^^^^^
  File "/Users/hamdy/Desktop/Work Code/My Project Code/SYSeducore/.venv/lib/python3.14/site-packages/django/db/models/sql/query.py", line 2050, in resolve_ref
    join_info = self.setup_joins(
        field_list, self.get_meta(), self.get_initial_alias(), can_reuse=reuse
    )
  File "/Users/hamdy/Desktop/Work Code/My Project Code/SYSeducore/.venv/lib/python3.14/site-packages/django/db/models/sql/query.py", line 1901, in setup_joins
    path, final_field, targets, rest = self.names_to_path(
                                       ~~~~~~~~~~~~~~~~~~^
        names[:pivot],
        ^^^^^^^^^^^^^^
    ...<2 lines>...
        fail_on_missing=True,
        ^^^^^^^^^^^^^^^^^^^^^
    )
    ^
  File "/Users/hamdy/Desktop/Work Code/My Project Code/SYSeducore/.venv/lib/python3.14/site-packages/django/db/models/sql/query.py", line 1806, in names_to_path
    raise FieldError(
    ...<2 lines>...
    )
django.core.exceptions.FieldError: Cannot resolve keyword 'session' into field. Choices are: center_percentage, created_at, enrolled_students, group_id, group_name, is_active, payments, room, room_id, schedule_day, schedule_time, sessions, standard_fee, studentgroupenrollment, teacher, teacher_id
"GET /reports/ HTTP/1.1" 500 146854
"GET /reports/attendance/ HTTP/1.1" 200 52498
Internal Server Error: /reports/payments/
Traceback (most recent call last):
  File "/Users/hamdy/Desktop/Work Code/My Project Code/SYSeducore/.venv/lib/python3.14/site-packages/django/core/handlers/exception.py", line 55, in inner
    response = get_response(request)
  File "/Users/hamdy/Desktop/Work Code/My Project Code/SYSeducore/.venv/lib/python3.14/site-packages/django/core/handlers/base.py", line 197, in _get_response
    response = wrapped_callback(request, *callback_args, **callback_kwargs)
  File "/Users/hamdy/Desktop/Work Code/My Project Code/SYSeducore/.venv/lib/python3.14/site-packages/django/contrib/auth/decorators.py", line 59, in _view_wrapper
    return view_func(request, *args, **kwargs)
  File "/Users/hamdy/Desktop/Work Code/My Project Code/SYSeducore/apps/reports/views.py", line 288, in payment_report
    return render(request, 'reports/payments.html', context)
  File "/Users/hamdy/Desktop/Work Code/My Project Code/SYSeducore/.venv/lib/python3.14/site-packages/django/shortcuts.py", line 25, in render
    content = loader.render_to_string(template_name, context, request, using=using)
  File "/Users/hamdy/Desktop/Work Code/My Project Code/SYSeducore/.venv/lib/python3.14/site-packages/django/template/loader.py", line 61, in render_to_string
    template = get_template(template_name, using=using)
  File "/Users/hamdy/Desktop/Work Code/My Project Code/SYSeducore/.venv/lib/python3.14/site-packages/django/template/loader.py", line 15, in get_template
    return engine.get_template(template_name)
           ~~~~~~~~~~~~~~~~~~~^^^^^^^^^^^^^^^
  File "/Users/hamdy/Desktop/Work Code/My Project Code/SYSeducore/.venv/lib/python3.14/site-packages/django/template/backends/django.py", line 79, in get_template
    return Template(self.engine.get_template(template_name), self)
                    ~~~~~~~~~~~~~~~~~~~~~~~~^^^^^^^^^^^^^^^
  File "/Users/hamdy/Desktop/Work Code/My Project Code/SYSeducore/.venv/lib/python3.14/site-packages/django/template/engine.py", line 177, in get_template
    template, origin = self.find_template(template_name)
                       ~~~~~~~~~~~~~~~~~~^^^^^^^^^^^^^^^
  File "/Users/hamdy/Desktop/Work Code/My Project Code/SYSeducore/.venv/lib/python3.14/site-packages/django/template/engine.py", line 159, in find_template
    template = loader.get_template(name, skip=skip)
  File "/Users/hamdy/Desktop/Work Code/My Project Code/SYSeducore/.venv/lib/python3.14/site-packages/django/template/loaders/cached.py", line 57, in get_template
    template = super().get_template(template_name, skip)
  File "/Users/hamdy/Desktop/Work Code/My Project Code/SYSeducore/.venv/lib/python3.14/site-packages/django/template/loaders/base.py", line 28, in get_template
    return Template(
        contents,
    ...<2 lines>...
        self.engine,
    )
  File "/Users/hamdy/Desktop/Work Code/My Project Code/SYSeducore/.venv/lib/python3.14/site-packages/django/template/base.py", line 155, in __init__
    self.nodelist = self.compile_nodelist()
                    ~~~~~~~~~~~~~~~~~~~~~^^
  File "/Users/hamdy/Desktop/Work Code/My Project Code/SYSeducore/.venv/lib/python3.14/site-packages/django/template/base.py", line 197, in compile_nodelist
    nodelist = parser.parse()
  File "/Users/hamdy/Desktop/Work Code/My Project Code/SYSeducore/.venv/lib/python3.14/site-packages/django/template/base.py", line 519, in parse
    raise self.error(token, e)
  File "/Users/hamdy/Desktop/Work Code/My Project Code/SYSeducore/.venv/lib/python3.14/site-packages/django/template/base.py", line 517, in parse
    compiled_result = compile_func(self, token)
  File "/Users/hamdy/Desktop/Work Code/My Project Code/SYSeducore/.venv/lib/python3.14/site-packages/django/template/loader_tags.py", line 299, in do_extends
    nodelist = parser.parse()
  File "/Users/hamdy/Desktop/Work Code/My Project Code/SYSeducore/.venv/lib/python3.14/site-packages/django/template/base.py", line 519, in parse
    raise self.error(token, e)
  File "/Users/hamdy/Desktop/Work Code/My Project Code/SYSeducore/.venv/lib/python3.14/site-packages/django/template/base.py", line 517, in parse
    compiled_result = compile_func(self, token)
  File "/Users/hamdy/Desktop/Work Code/My Project Code/SYSeducore/.venv/lib/python3.14/site-packages/django/template/loader_tags.py", line 234, in do_block
    nodelist = parser.parse(("endblock",))
  File "/Users/hamdy/Desktop/Work Code/My Project Code/SYSeducore/.venv/lib/python3.14/site-packages/django/template/base.py", line 519, in parse
    raise self.error(token, e)
  File "/Users/hamdy/Desktop/Work Code/My Project Code/SYSeducore/.venv/lib/python3.14/site-packages/django/template/base.py", line 517, in parse
    compiled_result = compile_func(self, token)
  File "/Users/hamdy/Desktop/Work Code/My Project Code/SYSeducore/.venv/lib/python3.14/site-packages/django/template/defaulttags.py", line 862, in do_for
    nodelist_loop = parser.parse(
        (
    ...<2 lines>...
        )
    )
  File "/Users/hamdy/Desktop/Work Code/My Project Code/SYSeducore/.venv/lib/python3.14/site-packages/django/template/base.py", line 519, in parse
    raise self.error(token, e)
  File "/Users/hamdy/Desktop/Work Code/My Project Code/SYSeducore/.venv/lib/python3.14/site-packages/django/template/base.py", line 517, in parse
    compiled_result = compile_func(self, token)
  File "/Users/hamdy/Desktop/Work Code/My Project Code/SYSeducore/.venv/lib/python3.14/site-packages/django/template/defaulttags.py", line 962, in do_if
    nodelist = parser.parse(("elif", "else", "endif"))
  File "/Users/hamdy/Desktop/Work Code/My Project Code/SYSeducore/.venv/lib/python3.14/site-packages/django/template/base.py", line 519, in parse
    raise self.error(token, e)
  File "/Users/hamdy/Desktop/Work Code/My Project Code/SYSeducore/.venv/lib/python3.14/site-packages/django/template/base.py", line 517, in parse
    compiled_result = compile_func(self, token)
  File "/Users/hamdy/Desktop/Work Code/My Project Code/SYSeducore/.venv/lib/python3.14/site-packages/django/template/defaulttags.py", line 1531, in do_with
    extra_context = token_kwargs(remaining_bits, parser, support_legacy=True)
  File "/Users/hamdy/Desktop/Work Code/My Project Code/SYSeducore/.venv/lib/python3.14/site-packages/django/template/base.py", line 1129, in token_kwargs
    kwargs[key] = parser.compile_filter(value)
                  ~~~~~~~~~~~~~~~~~~~~~^^^^^^^
  File "/Users/hamdy/Desktop/Work Code/My Project Code/SYSeducore/.venv/lib/python3.14/site-packages/django/template/base.py", line 610, in compile_filter
    return FilterExpression(token, self)
  File "/Users/hamdy/Desktop/Work Code/My Project Code/SYSeducore/.venv/lib/python3.14/site-packages/django/template/base.py", line 706, in __init__
    filter_func = parser.find_filter(filter_name)
  File "/Users/hamdy/Desktop/Work Code/My Project Code/SYSeducore/.venv/lib/python3.14/site-packages/django/template/base.py", line 616, in find_filter
    raise TemplateSyntaxError("Invalid filter: '%s'" % filter_name)
django.template.exceptions.TemplateSyntaxError: Invalid filter: 'div'
"GET /reports/payments/ HTTP/1.1" 500 360902
/Users/hamdy/Desktop/Work Code/My Project Code/SYSeducore/apps/reports/views.py changed, reloading.
Watching for file changes with StatReloader
Internal Server Error: /reports/
Traceback (most recent call last):
  File "/Users/hamdy/Desktop/Work Code/My Project Code/SYSeducore/.venv/lib/python3.14/site-packages/django/core/handlers/exception.py", line 55, in inner
    response = get_response(request)
  File "/Users/hamdy/Desktop/Work Code/My Project Code/SYSeducore/.venv/lib/python3.14/site-packages/django/core/handlers/base.py", line 197, in _get_response
    response = wrapped_callback(request, *callback_args, **callback_kwargs)
  File "/Users/hamdy/Desktop/Work Code/My Project Code/SYSeducore/.venv/lib/python3.14/site-packages/django/contrib/auth/decorators.py", line 59, in _view_wrapper
    return view_func(request, *args, **kwargs)
  File "/Users/hamdy/Desktop/Work Code/My Project Code/SYSeducore/apps/reports/views.py", line 131, in dashboard
    top_groups = Group.objects.filter(is_active=True).annotate(
                 ~~~~~~~~~~~~~~~~~~~~~~~~~~~~~~~~~~~~~~~~~~~~~^
        attendance_count=Count('session__attendance')
        ^^^^^^^^^^^^^^^^^^^^^^^^^^^^^^^^^^^^^^^^^^^^^
    ).order_by('-attendance_count')[:5]
    ^
  File "/Users/hamdy/Desktop/Work Code/My Project Code/SYSeducore/.venv/lib/python3.14/site-packages/django/db/models/query.py", line 1654, in annotate
    return self._annotate(args, kwargs, select=True)
           ~~~~~~~~~~~~~~^^^^^^^^^^^^^^^^^^^^^^^^^^^
  File "/Users/hamdy/Desktop/Work Code/My Project Code/SYSeducore/.venv/lib/python3.14/site-packages/django/db/models/query.py", line 1706, in _annotate
    clone.query.add_annotation(
    ~~~~~~~~~~~~~~~~~~~~~~~~~~^
        annotation,
        ^^^^^^^^^^^
        alias,
        ^^^^^^
        select=select,
        ^^^^^^^^^^^^^^
    )
    ^
  File "/Users/hamdy/Desktop/Work Code/My Project Code/SYSeducore/.venv/lib/python3.14/site-packages/django/db/models/sql/query.py", line 1218, in add_annotation
    annotation = annotation.resolve_expression(self, allow_joins=True, reuse=None)
  File "/Users/hamdy/Desktop/Work Code/My Project Code/SYSeducore/.venv/lib/python3.14/site-packages/django/db/models/aggregates.py", line 176, in resolve_expression
    result = super().resolve_expression(*args, **kwargs)
  File "/Users/hamdy/Desktop/Work Code/My Project Code/SYSeducore/.venv/lib/python3.14/site-packages/django/db/models/aggregates.py", line 63, in resolve_expression
    c = super().resolve_expression(query, allow_joins, reuse, summarize)
  File "/Users/hamdy/Desktop/Work Code/My Project Code/SYSeducore/.venv/lib/python3.14/site-packages/django/db/models/expressions.py", line 300, in resolve_expression
    expr.resolve_expression(query, allow_joins, reuse, summarize, for_save)
    ~~~~~~~~~~~~~~~~~~~~~~~^^^^^^^^^^^^^^^^^^^^^^^^^^^^^^^^^^^^^^^^^^^^^^^^
  File "/Users/hamdy/Desktop/Work Code/My Project Code/SYSeducore/.venv/lib/python3.14/site-packages/django/db/models/expressions.py", line 902, in resolve_expression
    return query.resolve_ref(self.name, allow_joins, reuse, summarize)
           ~~~~~~~~~~~~~~~~~^^^^^^^^^^^^^^^^^^^^^^^^^^^^^^^^^^^^^^^^^^
  File "/Users/hamdy/Desktop/Work Code/My Project Code/SYSeducore/.venv/lib/python3.14/site-packages/django/db/models/sql/query.py", line 2050, in resolve_ref
    join_info = self.setup_joins(
        field_list, self.get_meta(), self.get_initial_alias(), can_reuse=reuse
    )
  File "/Users/hamdy/Desktop/Work Code/My Project Code/SYSeducore/.venv/lib/python3.14/site-packages/django/db/models/sql/query.py", line 1901, in setup_joins
    path, final_field, targets, rest = self.names_to_path(
                                       ~~~~~~~~~~~~~~~~~~^
        names[:pivot],
        ^^^^^^^^^^^^^^
    ...<2 lines>...
        fail_on_missing=True,
        ^^^^^^^^^^^^^^^^^^^^^
    )
    ^
  File "/Users/hamdy/Desktop/Work Code/My Project Code/SYSeducore/.venv/lib/python3.14/site-packages/django/db/models/sql/query.py", line 1806, in names_to_path
    raise FieldError(
    ...<2 lines>...
    )
django.core.exceptions.FieldError: Cannot resolve keyword 'session' into field. Choices are: center_percentage, created_at, enrolled_students, group_id, group_name, is_active, payments, room, room_id, schedule_day, schedule_time, sessions, standard_fee, studentgroupenrollment, teacher, teacher_id
"GET /reports/ HTTP/1.1" 500 146983
/Users/hamdy/Desktop/Work Code/My Project Code/SYSeducore/apps/reports/views.py changed, reloading.
Watching for file changes with StatReloader
Internal Server Error: /reports/
Traceback (most recent call last):
  File "/Users/hamdy/Desktop/Work Code/My Project Code/SYSeducore/.venv/lib/python3.14/site-packages/django/core/handlers/exception.py", line 55, in inner
    response = get_response(request)
  File "/Users/hamdy/Desktop/Work Code/My Project Code/SYSeducore/.venv/lib/python3.14/site-packages/django/core/handlers/base.py", line 197, in _get_response
    response = wrapped_callback(request, *callback_args, **callback_kwargs)
  File "/Users/hamdy/Desktop/Work Code/My Project Code/SYSeducore/.venv/lib/python3.14/site-packages/django/contrib/auth/decorators.py", line 59, in _view_wrapper
    return view_func(request, *args, **kwargs)
  File "/Users/hamdy/Desktop/Work Code/My Project Code/SYSeducore/apps/reports/views.py", line 131, in dashboard
    top_groups = Group.objects.filter(is_active=True).annotate(
                 ~~~~~~~~~~~~~~~~~~~~~~~~~~~~~~~~~~~~~~~~~~~~~^
        attendance_count=Count('session__attendance')
        ^^^^^^^^^^^^^^^^^^^^^^^^^^^^^^^^^^^^^^^^^^^^^
    ).order_by('-attendance_count')[:5]
    ^
  File "/Users/hamdy/Desktop/Work Code/My Project Code/SYSeducore/.venv/lib/python3.14/site-packages/django/db/models/query.py", line 1654, in annotate
    return self._annotate(args, kwargs, select=True)
           ~~~~~~~~~~~~~~^^^^^^^^^^^^^^^^^^^^^^^^^^^
  File "/Users/hamdy/Desktop/Work Code/My Project Code/SYSeducore/.venv/lib/python3.14/site-packages/django/db/models/query.py", line 1706, in _annotate
    clone.query.add_annotation(
    ~~~~~~~~~~~~~~~~~~~~~~~~~~^
        annotation,
        ^^^^^^^^^^^
        alias,
        ^^^^^^
        select=select,
        ^^^^^^^^^^^^^^
    )
    ^
  File "/Users/hamdy/Desktop/Work Code/My Project Code/SYSeducore/.venv/lib/python3.14/site-packages/django/db/models/sql/query.py", line 1218, in add_annotation
    annotation = annotation.resolve_expression(self, allow_joins=True, reuse=None)
  File "/Users/hamdy/Desktop/Work Code/My Project Code/SYSeducore/.venv/lib/python3.14/site-packages/django/db/models/aggregates.py", line 176, in resolve_expression
    result = super().resolve_expression(*args, **kwargs)
  File "/Users/hamdy/Desktop/Work Code/My Project Code/SYSeducore/.venv/lib/python3.14/site-packages/django/db/models/aggregates.py", line 63, in resolve_expression
    c = super().resolve_expression(query, allow_joins, reuse, summarize)
  File "/Users/hamdy/Desktop/Work Code/My Project Code/SYSeducore/.venv/lib/python3.14/site-packages/django/db/models/expressions.py", line 300, in resolve_expression
    expr.resolve_expression(query, allow_joins, reuse, summarize, for_save)
    ~~~~~~~~~~~~~~~~~~~~~~~^^^^^^^^^^^^^^^^^^^^^^^^^^^^^^^^^^^^^^^^^^^^^^^^
  File "/Users/hamdy/Desktop/Work Code/My Project Code/SYSeducore/.venv/lib/python3.14/site-packages/django/db/models/expressions.py", line 902, in resolve_expression
    return query.resolve_ref(self.name, allow_joins, reuse, summarize)
           ~~~~~~~~~~~~~~~~~^^^^^^^^^^^^^^^^^^^^^^^^^^^^^^^^^^^^^^^^^^
  File "/Users/hamdy/Desktop/Work Code/My Project Code/SYSeducore/.venv/lib/python3.14/site-packages/django/db/models/sql/query.py", line 2050, in resolve_ref
    join_info = self.setup_joins(
        field_list, self.get_meta(), self.get_initial_alias(), can_reuse=reuse
    )
  File "/Users/hamdy/Desktop/Work Code/My Project Code/SYSeducore/.venv/lib/python3.14/site-packages/django/db/models/sql/query.py", line 1901, in setup_joins
    path, final_field, targets, rest = self.names_to_path(
                                       ~~~~~~~~~~~~~~~~~~^
        names[:pivot],
        ^^^^^^^^^^^^^^
    ...<2 lines>...
        fail_on_missing=True,
        ^^^^^^^^^^^^^^^^^^^^^
    )
    ^
  File "/Users/hamdy/Desktop/Work Code/My Project Code/SYSeducore/.venv/lib/python3.14/site-packages/django/db/models/sql/query.py", line 1806, in names_to_path
    raise FieldError(
    ...<2 lines>...
    )
django.core.exceptions.FieldError: Cannot resolve keyword 'session' into field. Choices are: center_percentage, created_at, enrolled_students, group_id, group_name, is_active, payments, room, room_id, schedule_day, schedule_time, sessions, standard_fee, studentgroupenrollment, teacher, teacher_id
"GET /reports/ HTTP/1.1" 500 146983
Internal Server Error: /reports/
Traceback (most recent call last):
  File "/Users/hamdy/Desktop/Work Code/My Project Code/SYSeducore/.venv/lib/python3.14/site-packages/django/core/handlers/exception.py", line 55, in inner
    response = get_response(request)
  File "/Users/hamdy/Desktop/Work Code/My Project Code/SYSeducore/.venv/lib/python3.14/site-packages/django/core/handlers/base.py", line 197, in _get_response
    response = wrapped_callback(request, *callback_args, **callback_kwargs)
  File "/Users/hamdy/Desktop/Work Code/My Project Code/SYSeducore/.venv/lib/python3.14/site-packages/django/contrib/auth/decorators.py", line 59, in _view_wrapper
    return view_func(request, *args, **kwargs)
  File "/Users/hamdy/Desktop/Work Code/My Project Code/SYSeducore/apps/reports/views.py", line 131, in dashboard
    top_groups = Group.objects.filter(is_active=True).annotate(
                 ~~~~~~~~~~~~~~~~~~~~~~~~~~~~~~~~~~~~~~~~~~~~~^
        attendance_count=Count('session__attendance')
        ^^^^^^^^^^^^^^^^^^^^^^^^^^^^^^^^^^^^^^^^^^^^^
    ).order_by('-attendance_count')[:5]
    ^
  File "/Users/hamdy/Desktop/Work Code/My Project Code/SYSeducore/.venv/lib/python3.14/site-packages/django/db/models/query.py", line 1654, in annotate
    return self._annotate(args, kwargs, select=True)
           ~~~~~~~~~~~~~~^^^^^^^^^^^^^^^^^^^^^^^^^^^
  File "/Users/hamdy/Desktop/Work Code/My Project Code/SYSeducore/.venv/lib/python3.14/site-packages/django/db/models/query.py", line 1706, in _annotate
    clone.query.add_annotation(
    ~~~~~~~~~~~~~~~~~~~~~~~~~~^
        annotation,
        ^^^^^^^^^^^
        alias,
        ^^^^^^
        select=select,
        ^^^^^^^^^^^^^^
    )
    ^
  File "/Users/hamdy/Desktop/Work Code/My Project Code/SYSeducore/.venv/lib/python3.14/site-packages/django/db/models/sql/query.py", line 1218, in add_annotation
    annotation = annotation.resolve_expression(self, allow_joins=True, reuse=None)
  File "/Users/hamdy/Desktop/Work Code/My Project Code/SYSeducore/.venv/lib/python3.14/site-packages/django/db/models/aggregates.py", line 176, in resolve_expression
    result = super().resolve_expression(*args, **kwargs)
  File "/Users/hamdy/Desktop/Work Code/My Project Code/SYSeducore/.venv/lib/python3.14/site-packages/django/db/models/aggregates.py", line 63, in resolve_expression
    c = super().resolve_expression(query, allow_joins, reuse, summarize)
  File "/Users/hamdy/Desktop/Work Code/My Project Code/SYSeducore/.venv/lib/python3.14/site-packages/django/db/models/expressions.py", line 300, in resolve_expression
    expr.resolve_expression(query, allow_joins, reuse, summarize, for_save)
    ~~~~~~~~~~~~~~~~~~~~~~~^^^^^^^^^^^^^^^^^^^^^^^^^^^^^^^^^^^^^^^^^^^^^^^^
  File "/Users/hamdy/Desktop/Work Code/My Project Code/SYSeducore/.venv/lib/python3.14/site-packages/django/db/models/expressions.py", line 902, in resolve_expression
    return query.resolve_ref(self.name, allow_joins, reuse, summarize)
           ~~~~~~~~~~~~~~~~~^^^^^^^^^^^^^^^^^^^^^^^^^^^^^^^^^^^^^^^^^^
  File "/Users/hamdy/Desktop/Work Code/My Project Code/SYSeducore/.venv/lib/python3.14/site-packages/django/db/models/sql/query.py", line 2050, in resolve_ref
    join_info = self.setup_joins(
        field_list, self.get_meta(), self.get_initial_alias(), can_reuse=reuse
    )
  File "/Users/hamdy/Desktop/Work Code/My Project Code/SYSeducore/.venv/lib/python3.14/site-packages/django/db/models/sql/query.py", line 1901, in setup_joins
    path, final_field, targets, rest = self.names_to_path(
                                       ~~~~~~~~~~~~~~~~~~^
        names[:pivot],
        ^^^^^^^^^^^^^^
    ...<2 lines>...
        fail_on_missing=True,
        ^^^^^^^^^^^^^^^^^^^^^
    )
    ^
  File "/Users/hamdy/Desktop/Work Code/My Project Code/SYSeducore/.venv/lib/python3.14/site-packages/django/db/models/sql/query.py", line 1806, in names_to_path
    raise FieldError(
    ...<2 lines>...
    )
django.core.exceptions.FieldError: Cannot resolve keyword 'session' into field. Choices are: center_percentage, created_at, enrolled_students, group_id, group_name, is_active, payments, room, room_id, schedule_day, schedule_time, sessions, standard_fee, studentgroupenrollment, teacher, teacher_id
- Broken pipe from ('127.0.0.1', 53962)
Internal Server Error: /reports/
Traceback (most recent call last):
  File "/Users/hamdy/Desktop/Work Code/My Project Code/SYSeducore/.venv/lib/python3.14/site-packages/django/core/handlers/exception.py", line 55, in inner
    response = get_response(request)
  File "/Users/hamdy/Desktop/Work Code/My Project Code/SYSeducore/.venv/lib/python3.14/site-packages/django/core/handlers/base.py", line 197, in _get_response
    response = wrapped_callback(request, *callback_args, **callback_kwargs)
  File "/Users/hamdy/Desktop/Work Code/My Project Code/SYSeducore/.venv/lib/python3.14/site-packages/django/contrib/auth/decorators.py", line 59, in _view_wrapper
    return view_func(request, *args, **kwargs)
  File "/Users/hamdy/Desktop/Work Code/My Project Code/SYSeducore/apps/reports/views.py", line 131, in dashboard
    top_groups = Group.objects.filter(is_active=True).annotate(
                 ~~~~~~~~~~~~~~~~~~~~~~~~~~~~~~~~~~~~~~~~~~~~~^
        attendance_count=Count('session__attendance')
        ^^^^^^^^^^^^^^^^^^^^^^^^^^^^^^^^^^^^^^^^^^^^^
    ).order_by('-attendance_count')[:5]
    ^
  File "/Users/hamdy/Desktop/Work Code/My Project Code/SYSeducore/.venv/lib/python3.14/site-packages/django/db/models/query.py", line 1654, in annotate
    return self._annotate(args, kwargs, select=True)
           ~~~~~~~~~~~~~~^^^^^^^^^^^^^^^^^^^^^^^^^^^
  File "/Users/hamdy/Desktop/Work Code/My Project Code/SYSeducore/.venv/lib/python3.14/site-packages/django/db/models/query.py", line 1706, in _annotate
    clone.query.add_annotation(
    ~~~~~~~~~~~~~~~~~~~~~~~~~~^
        annotation,
        ^^^^^^^^^^^
        alias,
        ^^^^^^
        select=select,
        ^^^^^^^^^^^^^^
    )
    ^
  File "/Users/hamdy/Desktop/Work Code/My Project Code/SYSeducore/.venv/lib/python3.14/site-packages/django/db/models/sql/query.py", line 1218, in add_annotation
    annotation = annotation.resolve_expression(self, allow_joins=True, reuse=None)
  File "/Users/hamdy/Desktop/Work Code/My Project Code/SYSeducore/.venv/lib/python3.14/site-packages/django/db/models/aggregates.py", line 176, in resolve_expression
    result = super().resolve_expression(*args, **kwargs)
  File "/Users/hamdy/Desktop/Work Code/My Project Code/SYSeducore/.venv/lib/python3.14/site-packages/django/db/models/aggregates.py", line 63, in resolve_expression
    c = super().resolve_expression(query, allow_joins, reuse, summarize)
  File "/Users/hamdy/Desktop/Work Code/My Project Code/SYSeducore/.venv/lib/python3.14/site-packages/django/db/models/expressions.py", line 300, in resolve_expression
    expr.resolve_expression(query, allow_joins, reuse, summarize, for_save)
    ~~~~~~~~~~~~~~~~~~~~~~~^^^^^^^^^^^^^^^^^^^^^^^^^^^^^^^^^^^^^^^^^^^^^^^^
  File "/Users/hamdy/Desktop/Work Code/My Project Code/SYSeducore/.venv/lib/python3.14/site-packages/django/db/models/expressions.py", line 902, in resolve_expression
    return query.resolve_ref(self.name, allow_joins, reuse, summarize)
           ~~~~~~~~~~~~~~~~~^^^^^^^^^^^^^^^^^^^^^^^^^^^^^^^^^^^^^^^^^^
  File "/Users/hamdy/Desktop/Work Code/My Project Code/SYSeducore/.venv/lib/python3.14/site-packages/django/db/models/sql/query.py", line 2050, in resolve_ref
    join_info = self.setup_joins(
        field_list, self.get_meta(), self.get_initial_alias(), can_reuse=reuse
    )
  File "/Users/hamdy/Desktop/Work Code/My Project Code/SYSeducore/.venv/lib/python3.14/site-packages/django/db/models/sql/query.py", line 1901, in setup_joins
    path, final_field, targets, rest = self.names_to_path(
                                       ~~~~~~~~~~~~~~~~~~^
        names[:pivot],
        ^^^^^^^^^^^^^^
    ...<2 lines>...
        fail_on_missing=True,
        ^^^^^^^^^^^^^^^^^^^^^
    )
    ^
  File "/Users/hamdy/Desktop/Work Code/My Project Code/SYSeducore/.venv/lib/python3.14/site-packages/django/db/models/sql/query.py", line 1806, in names_to_path
    raise FieldError(
    ...<2 lines>...
    )
django.core.exceptions.FieldError: Cannot resolve keyword 'session' into field. Choices are: center_percentage, created_at, enrolled_students, group_id, group_name, is_active, payments, room, room_id, schedule_day, schedule_time, sessions, standard_fee, studentgroupenrollment, teacher, teacher_id
"GET /reports/ HTTP/1.1" 500 146983
- Broken pipe from ('127.0.0.1', 53963)
Internal Server Error: /reports/
Traceback (most recent call last):
  File "/Users/hamdy/Desktop/Work Code/My Project Code/SYSeducore/.venv/lib/python3.14/site-packages/django/core/handlers/exception.py", line 55, in inner
    response = get_response(request)
  File "/Users/hamdy/Desktop/Work Code/My Project Code/SYSeducore/.venv/lib/python3.14/site-packages/django/core/handlers/base.py", line 197, in _get_response
    response = wrapped_callback(request, *callback_args, **callback_kwargs)
  File "/Users/hamdy/Desktop/Work Code/My Project Code/SYSeducore/.venv/lib/python3.14/site-packages/django/contrib/auth/decorators.py", line 59, in _view_wrapper
    return view_func(request, *args, **kwargs)
  File "/Users/hamdy/Desktop/Work Code/My Project Code/SYSeducore/apps/reports/views.py", line 131, in dashboard
    top_groups = Group.objects.filter(is_active=True).annotate(
                 ~~~~~~~~~~~~~~~~~~~~~~~~~~~~~~~~~~~~~~~~~~~~~^
        attendance_count=Count('session__attendance')
        ^^^^^^^^^^^^^^^^^^^^^^^^^^^^^^^^^^^^^^^^^^^^^
    ).order_by('-attendance_count')[:5]
    ^
  File "/Users/hamdy/Desktop/Work Code/My Project Code/SYSeducore/.venv/lib/python3.14/site-packages/django/db/models/query.py", line 1654, in annotate
    return self._annotate(args, kwargs, select=True)
           ~~~~~~~~~~~~~~^^^^^^^^^^^^^^^^^^^^^^^^^^^
  File "/Users/hamdy/Desktop/Work Code/My Project Code/SYSeducore/.venv/lib/python3.14/site-packages/django/db/models/query.py", line 1706, in _annotate
    clone.query.add_annotation(
    ~~~~~~~~~~~~~~~~~~~~~~~~~~^
        annotation,
        ^^^^^^^^^^^
        alias,
        ^^^^^^
        select=select,
        ^^^^^^^^^^^^^^
    )
    ^
  File "/Users/hamdy/Desktop/Work Code/My Project Code/SYSeducore/.venv/lib/python3.14/site-packages/django/db/models/sql/query.py", line 1218, in add_annotation
    annotation = annotation.resolve_expression(self, allow_joins=True, reuse=None)
  File "/Users/hamdy/Desktop/Work Code/My Project Code/SYSeducore/.venv/lib/python3.14/site-packages/django/db/models/aggregates.py", line 176, in resolve_expression
    result = super().resolve_expression(*args, **kwargs)
  File "/Users/hamdy/Desktop/Work Code/My Project Code/SYSeducore/.venv/lib/python3.14/site-packages/django/db/models/aggregates.py", line 63, in resolve_expression
    c = super().resolve_expression(query, allow_joins, reuse, summarize)
  File "/Users/hamdy/Desktop/Work Code/My Project Code/SYSeducore/.venv/lib/python3.14/site-packages/django/db/models/expressions.py", line 300, in resolve_expression
    expr.resolve_expression(query, allow_joins, reuse, summarize, for_save)
    ~~~~~~~~~~~~~~~~~~~~~~~^^^^^^^^^^^^^^^^^^^^^^^^^^^^^^^^^^^^^^^^^^^^^^^^
  File "/Users/hamdy/Desktop/Work Code/My Project Code/SYSeducore/.venv/lib/python3.14/site-packages/django/db/models/expressions.py", line 902, in resolve_expression
    return query.resolve_ref(self.name, allow_joins, reuse, summarize)
           ~~~~~~~~~~~~~~~~~^^^^^^^^^^^^^^^^^^^^^^^^^^^^^^^^^^^^^^^^^^
  File "/Users/hamdy/Desktop/Work Code/My Project Code/SYSeducore/.venv/lib/python3.14/site-packages/django/db/models/sql/query.py", line 2050, in resolve_ref
    join_info = self.setup_joins(
        field_list, self.get_meta(), self.get_initial_alias(), can_reuse=reuse
    )
  File "/Users/hamdy/Desktop/Work Code/My Project Code/SYSeducore/.venv/lib/python3.14/site-packages/django/db/models/sql/query.py", line 1901, in setup_joins
    path, final_field, targets, rest = self.names_to_path(
                                       ~~~~~~~~~~~~~~~~~~^
        names[:pivot],
        ^^^^^^^^^^^^^^
    ...<2 lines>...
        fail_on_missing=True,
        ^^^^^^^^^^^^^^^^^^^^^
    )
    ^
  File "/Users/hamdy/Desktop/Work Code/My Project Code/SYSeducore/.venv/lib/python3.14/site-packages/django/db/models/sql/query.py", line 1806, in names_to_path
    raise FieldError(
    ...<2 lines>...
    )
django.core.exceptions.FieldError: Cannot resolve keyword 'session' into field. Choices are: center_percentage, created_at, enrolled_students, group_id, group_name, is_active, payments, room, room_id, schedule_day, schedule_time, sessions, standard_fee, studentgroupenrollment, teacher, teacher_id
"GET /reports/ HTTP/1.1" 500 146983
Internal Server Error: /reports/
Traceback (most recent call last):
  File "/Users/hamdy/Desktop/Work Code/My Project Code/SYSeducore/.venv/lib/python3.14/site-packages/django/core/handlers/exception.py", line 55, in inner
    response = get_response(request)
  File "/Users/hamdy/Desktop/Work Code/My Project Code/SYSeducore/.venv/lib/python3.14/site-packages/django/core/handlers/base.py", line 197, in _get_response
    response = wrapped_callback(request, *callback_args, **callback_kwargs)
  File "/Users/hamdy/Desktop/Work Code/My Project Code/SYSeducore/.venv/lib/python3.14/site-packages/django/contrib/auth/decorators.py", line 59, in _view_wrapper
    return view_func(request, *args, **kwargs)
  File "/Users/hamdy/Desktop/Work Code/My Project Code/SYSeducore/apps/reports/views.py", line 131, in dashboard
    top_groups = Group.objects.filter(is_active=True).annotate(
                 ~~~~~~~~~~~~~~~~~~~~~~~~~~~~~~~~~~~~~~~~~~~~~^
        attendance_count=Count('session__attendance')
        ^^^^^^^^^^^^^^^^^^^^^^^^^^^^^^^^^^^^^^^^^^^^^
    ).order_by('-attendance_count')[:5]
    ^
  File "/Users/hamdy/Desktop/Work Code/My Project Code/SYSeducore/.venv/lib/python3.14/site-packages/django/db/models/query.py", line 1654, in annotate
    return self._annotate(args, kwargs, select=True)
           ~~~~~~~~~~~~~~^^^^^^^^^^^^^^^^^^^^^^^^^^^
  File "/Users/hamdy/Desktop/Work Code/My Project Code/SYSeducore/.venv/lib/python3.14/site-packages/django/db/models/query.py", line 1706, in _annotate
    clone.query.add_annotation(
    ~~~~~~~~~~~~~~~~~~~~~~~~~~^
        annotation,
        ^^^^^^^^^^^
        alias,
        ^^^^^^
        select=select,
        ^^^^^^^^^^^^^^
    )
    ^
  File "/Users/hamdy/Desktop/Work Code/My Project Code/SYSeducore/.venv/lib/python3.14/site-packages/django/db/models/sql/query.py", line 1218, in add_annotation
    annotation = annotation.resolve_expression(self, allow_joins=True, reuse=None)
  File "/Users/hamdy/Desktop/Work Code/My Project Code/SYSeducore/.venv/lib/python3.14/site-packages/django/db/models/aggregates.py", line 176, in resolve_expression
    result = super().resolve_expression(*args, **kwargs)
  File "/Users/hamdy/Desktop/Work Code/My Project Code/SYSeducore/.venv/lib/python3.14/site-packages/django/db/models/aggregates.py", line 63, in resolve_expression
    c = super().resolve_expression(query, allow_joins, reuse, summarize)
  File "/Users/hamdy/Desktop/Work Code/My Project Code/SYSeducore/.venv/lib/python3.14/site-packages/django/db/models/expressions.py", line 300, in resolve_expression
    expr.resolve_expression(query, allow_joins, reuse, summarize, for_save)
    ~~~~~~~~~~~~~~~~~~~~~~~^^^^^^^^^^^^^^^^^^^^^^^^^^^^^^^^^^^^^^^^^^^^^^^^
  File "/Users/hamdy/Desktop/Work Code/My Project Code/SYSeducore/.venv/lib/python3.14/site-packages/django/db/models/expressions.py", line 902, in resolve_expression
    return query.resolve_ref(self.name, allow_joins, reuse, summarize)
           ~~~~~~~~~~~~~~~~~^^^^^^^^^^^^^^^^^^^^^^^^^^^^^^^^^^^^^^^^^^
  File "/Users/hamdy/Desktop/Work Code/My Project Code/SYSeducore/.venv/lib/python3.14/site-packages/django/db/models/sql/query.py", line 2050, in resolve_ref
    join_info = self.setup_joins(
        field_list, self.get_meta(), self.get_initial_alias(), can_reuse=reuse
    )
  File "/Users/hamdy/Desktop/Work Code/My Project Code/SYSeducore/.venv/lib/python3.14/site-packages/django/db/models/sql/query.py", line 1901, in setup_joins
    path, final_field, targets, rest = self.names_to_path(
                                       ~~~~~~~~~~~~~~~~~~^
        names[:pivot],
        ^^^^^^^^^^^^^^
    ...<2 lines>...
        fail_on_missing=True,
        ^^^^^^^^^^^^^^^^^^^^^
    )
    ^
  File "/Users/hamdy/Desktop/Work Code/My Project Code/SYSeducore/.venv/lib/python3.14/site-packages/django/db/models/sql/query.py", line 1806, in names_to_path
    raise FieldError(
    ...<2 lines>...
    )
django.core.exceptions.FieldError: Cannot resolve keyword 'session' into field. Choices are: center_percentage, created_at, enrolled_students, group_id, group_name, is_active, payments, room, room_id, schedule_day, schedule_time, sessions, standard_fee, studentgroupenrollment, teacher, teacher_id
"GET /reports/ HTTP/1.1" 500 146991
Internal Server Error: /reports/
Traceback (most recent call last):
  File "/Users/hamdy/Desktop/Work Code/My Project Code/SYSeducore/.venv/lib/python3.14/site-packages/django/core/handlers/exception.py", line 55, in inner
    response = get_response(request)
  File "/Users/hamdy/Desktop/Work Code/My Project Code/SYSeducore/.venv/lib/python3.14/site-packages/django/core/handlers/base.py", line 197, in _get_response
    response = wrapped_callback(request, *callback_args, **callback_kwargs)
  File "/Users/hamdy/Desktop/Work Code/My Project Code/SYSeducore/.venv/lib/python3.14/site-packages/django/contrib/auth/decorators.py", line 59, in _view_wrapper
    return view_func(request, *args, **kwargs)
  File "/Users/hamdy/Desktop/Work Code/My Project Code/SYSeducore/apps/reports/views.py", line 131, in dashboard
    top_groups = Group.objects.filter(is_active=True).annotate(
                 ~~~~~~~~~~~~~~~~~~~~~~~~~~~~~~~~~~~~~~~~~~~~~^
        attendance_count=Count('session__attendance')
        ^^^^^^^^^^^^^^^^^^^^^^^^^^^^^^^^^^^^^^^^^^^^^
    ).order_by('-attendance_count')[:5]
    ^
  File "/Users/hamdy/Desktop/Work Code/My Project Code/SYSeducore/.venv/lib/python3.14/site-packages/django/db/models/query.py", line 1654, in annotate
    return self._annotate(args, kwargs, select=True)
           ~~~~~~~~~~~~~~^^^^^^^^^^^^^^^^^^^^^^^^^^^
  File "/Users/hamdy/Desktop/Work Code/My Project Code/SYSeducore/.venv/lib/python3.14/site-packages/django/db/models/query.py", line 1706, in _annotate
    clone.query.add_annotation(
    ~~~~~~~~~~~~~~~~~~~~~~~~~~^
        annotation,
        ^^^^^^^^^^^
        alias,
        ^^^^^^
        select=select,
        ^^^^^^^^^^^^^^
    )
    ^
  File "/Users/hamdy/Desktop/Work Code/My Project Code/SYSeducore/.venv/lib/python3.14/site-packages/django/db/models/sql/query.py", line 1218, in add_annotation
    annotation = annotation.resolve_expression(self, allow_joins=True, reuse=None)
  File "/Users/hamdy/Desktop/Work Code/My Project Code/SYSeducore/.venv/lib/python3.14/site-packages/django/db/models/aggregates.py", line 176, in resolve_expression
    result = super().resolve_expression(*args, **kwargs)
  File "/Users/hamdy/Desktop/Work Code/My Project Code/SYSeducore/.venv/lib/python3.14/site-packages/django/db/models/aggregates.py", line 63, in resolve_expression
    c = super().resolve_expression(query, allow_joins, reuse, summarize)
  File "/Users/hamdy/Desktop/Work Code/My Project Code/SYSeducore/.venv/lib/python3.14/site-packages/django/db/models/expressions.py", line 300, in resolve_expression
    expr.resolve_expression(query, allow_joins, reuse, summarize, for_save)
    ~~~~~~~~~~~~~~~~~~~~~~~^^^^^^^^^^^^^^^^^^^^^^^^^^^^^^^^^^^^^^^^^^^^^^^^
  File "/Users/hamdy/Desktop/Work Code/My Project Code/SYSeducore/.venv/lib/python3.14/site-packages/django/db/models/expressions.py", line 902, in resolve_expression
    return query.resolve_ref(self.name, allow_joins, reuse, summarize)
           ~~~~~~~~~~~~~~~~~^^^^^^^^^^^^^^^^^^^^^^^^^^^^^^^^^^^^^^^^^^
  File "/Users/hamdy/Desktop/Work Code/My Project Code/SYSeducore/.venv/lib/python3.14/site-packages/django/db/models/sql/query.py", line 2050, in resolve_ref
    join_info = self.setup_joins(
        field_list, self.get_meta(), self.get_initial_alias(), can_reuse=reuse
    )
  File "/Users/hamdy/Desktop/Work Code/My Project Code/SYSeducore/.venv/lib/python3.14/site-packages/django/db/models/sql/query.py", line 1901, in setup_joins
    path, final_field, targets, rest = self.names_to_path(
                                       ~~~~~~~~~~~~~~~~~~^
        names[:pivot],
        ^^^^^^^^^^^^^^
    ...<2 lines>...
        fail_on_missing=True,
        ^^^^^^^^^^^^^^^^^^^^^
    )
    ^
  File "/Users/hamdy/Desktop/Work Code/My Project Code/SYSeducore/.venv/lib/python3.14/site-packages/django/db/models/sql/query.py", line 1806, in names_to_path
    raise FieldError(
    ...<2 lines>...
    )
django.core.exceptions.FieldError: Cannot resolve keyword 'session' into field. Choices are: center_percentage, created_at, enrolled_students, group_id, group_name, is_active, payments, room, room_id, schedule_day, schedule_time, sessions, standard_fee, studentgroupenrollment, teacher, teacher_id
"GET /reports/ HTTP/1.1" 500 146991
Internal Server Error: /reports/
Traceback (most recent call last):
  File "/Users/hamdy/Desktop/Work Code/My Project Code/SYSeducore/.venv/lib/python3.14/site-packages/django/core/handlers/exception.py", line 55, in inner
    response = get_response(request)
  File "/Users/hamdy/Desktop/Work Code/My Project Code/SYSeducore/.venv/lib/python3.14/site-packages/django/core/handlers/base.py", line 197, in _get_response
    response = wrapped_callback(request, *callback_args, **callback_kwargs)
  File "/Users/hamdy/Desktop/Work Code/My Project Code/SYSeducore/.venv/lib/python3.14/site-packages/django/contrib/auth/decorators.py", line 59, in _view_wrapper
    return view_func(request, *args, **kwargs)
  File "/Users/hamdy/Desktop/Work Code/My Project Code/SYSeducore/apps/reports/views.py", line 131, in dashboard
    top_groups = Group.objects.filter(is_active=True).annotate(
                 ~~~~~~~~~~~~~~~~~~~~~~~~~~~~~~~~~~~~~~~~~~~~~^
        attendance_count=Count('session__attendance')
        ^^^^^^^^^^^^^^^^^^^^^^^^^^^^^^^^^^^^^^^^^^^^^
    ).order_by('-attendance_count')[:5]
    ^
  File "/Users/hamdy/Desktop/Work Code/My Project Code/SYSeducore/.venv/lib/python3.14/site-packages/django/db/models/query.py", line 1654, in annotate
    return self._annotate(args, kwargs, select=True)
           ~~~~~~~~~~~~~~^^^^^^^^^^^^^^^^^^^^^^^^^^^
  File "/Users/hamdy/Desktop/Work Code/My Project Code/SYSeducore/.venv/lib/python3.14/site-packages/django/db/models/query.py", line 1706, in _annotate
    clone.query.add_annotation(
    ~~~~~~~~~~~~~~~~~~~~~~~~~~^
        annotation,
        ^^^^^^^^^^^
        alias,
        ^^^^^^
        select=select,
        ^^^^^^^^^^^^^^
    )
    ^
  File "/Users/hamdy/Desktop/Work Code/My Project Code/SYSeducore/.venv/lib/python3.14/site-packages/django/db/models/sql/query.py", line 1218, in add_annotation
    annotation = annotation.resolve_expression(self, allow_joins=True, reuse=None)
  File "/Users/hamdy/Desktop/Work Code/My Project Code/SYSeducore/.venv/lib/python3.14/site-packages/django/db/models/aggregates.py", line 176, in resolve_expression
    result = super().resolve_expression(*args, **kwargs)
  File "/Users/hamdy/Desktop/Work Code/My Project Code/SYSeducore/.venv/lib/python3.14/site-packages/django/db/models/aggregates.py", line 63, in resolve_expression
    c = super().resolve_expression(query, allow_joins, reuse, summarize)
  File "/Users/hamdy/Desktop/Work Code/My Project Code/SYSeducore/.venv/lib/python3.14/site-packages/django/db/models/expressions.py", line 300, in resolve_expression
    expr.resolve_expression(query, allow_joins, reuse, summarize, for_save)
    ~~~~~~~~~~~~~~~~~~~~~~~^^^^^^^^^^^^^^^^^^^^^^^^^^^^^^^^^^^^^^^^^^^^^^^^
  File "/Users/hamdy/Desktop/Work Code/My Project Code/SYSeducore/.venv/lib/python3.14/site-packages/django/db/models/expressions.py", line 902, in resolve_expression
    return query.resolve_ref(self.name, allow_joins, reuse, summarize)
           ~~~~~~~~~~~~~~~~~^^^^^^^^^^^^^^^^^^^^^^^^^^^^^^^^^^^^^^^^^^
  File "/Users/hamdy/Desktop/Work Code/My Project Code/SYSeducore/.venv/lib/python3.14/site-packages/django/db/models/sql/query.py", line 2050, in resolve_ref
    join_info = self.setup_joins(
        field_list, self.get_meta(), self.get_initial_alias(), can_reuse=reuse
    )
  File "/Users/hamdy/Desktop/Work Code/My Project Code/SYSeducore/.venv/lib/python3.14/site-packages/django/db/models/sql/query.py", line 1901, in setup_joins
    path, final_field, targets, rest = self.names_to_path(
                                       ~~~~~~~~~~~~~~~~~~^
        names[:pivot],
        ^^^^^^^^^^^^^^
    ...<2 lines>...
        fail_on_missing=True,
        ^^^^^^^^^^^^^^^^^^^^^
    )
    ^
  File "/Users/hamdy/Desktop/Work Code/My Project Code/SYSeducore/.venv/lib/python3.14/site-packages/django/db/models/sql/query.py", line 1806, in names_to_path
    raise FieldError(
    ...<2 lines>...
    )
django.core.exceptions.FieldError: Cannot resolve keyword 'session' into field. Choices are: center_percentage, created_at, enrolled_students, group_id, group_name, is_active, payments, room, room_id, schedule_day, schedule_time, sessions, standard_fee, studentgroupenrollment, teacher, teacher_id
"GET /reports/ HTTP/1.1" 500 146991
Internal Server Error: /reports/
Traceback (most recent call last):
  File "/Users/hamdy/Desktop/Work Code/My Project Code/SYSeducore/.venv/lib/python3.14/site-packages/django/core/handlers/exception.py", line 55, in inner
    response = get_response(request)
  File "/Users/hamdy/Desktop/Work Code/My Project Code/SYSeducore/.venv/lib/python3.14/site-packages/django/core/handlers/base.py", line 197, in _get_response
    response = wrapped_callback(request, *callback_args, **callback_kwargs)
  File "/Users/hamdy/Desktop/Work Code/My Project Code/SYSeducore/.venv/lib/python3.14/site-packages/django/contrib/auth/decorators.py", line 59, in _view_wrapper
    return view_func(request, *args, **kwargs)
  File "/Users/hamdy/Desktop/Work Code/My Project Code/SYSeducore/apps/reports/views.py", line 131, in dashboard
    top_groups = Group.objects.filter(is_active=True).annotate(
                 ~~~~~~~~~~~~~~~~~~~~~~~~~~~~~~~~~~~~~~~~~~~~~^
        attendance_count=Count('session__attendance')
        ^^^^^^^^^^^^^^^^^^^^^^^^^^^^^^^^^^^^^^^^^^^^^
    ).order_by('-attendance_count')[:5]
    ^
  File "/Users/hamdy/Desktop/Work Code/My Project Code/SYSeducore/.venv/lib/python3.14/site-packages/django/db/models/query.py", line 1654, in annotate
    return self._annotate(args, kwargs, select=True)
           ~~~~~~~~~~~~~~^^^^^^^^^^^^^^^^^^^^^^^^^^^
  File "/Users/hamdy/Desktop/Work Code/My Project Code/SYSeducore/.venv/lib/python3.14/site-packages/django/db/models/query.py", line 1706, in _annotate
    clone.query.add_annotation(
    ~~~~~~~~~~~~~~~~~~~~~~~~~~^
        annotation,
        ^^^^^^^^^^^
        alias,
        ^^^^^^
        select=select,
        ^^^^^^^^^^^^^^
    )
    ^
  File "/Users/hamdy/Desktop/Work Code/My Project Code/SYSeducore/.venv/lib/python3.14/site-packages/django/db/models/sql/query.py", line 1218, in add_annotation
    annotation = annotation.resolve_expression(self, allow_joins=True, reuse=None)
  File "/Users/hamdy/Desktop/Work Code/My Project Code/SYSeducore/.venv/lib/python3.14/site-packages/django/db/models/aggregates.py", line 176, in resolve_expression
    result = super().resolve_expression(*args, **kwargs)
  File "/Users/hamdy/Desktop/Work Code/My Project Code/SYSeducore/.venv/lib/python3.14/site-packages/django/db/models/aggregates.py", line 63, in resolve_expression
    c = super().resolve_expression(query, allow_joins, reuse, summarize)
  File "/Users/hamdy/Desktop/Work Code/My Project Code/SYSeducore/.venv/lib/python3.14/site-packages/django/db/models/expressions.py", line 300, in resolve_expression
    expr.resolve_expression(query, allow_joins, reuse, summarize, for_save)
    ~~~~~~~~~~~~~~~~~~~~~~~^^^^^^^^^^^^^^^^^^^^^^^^^^^^^^^^^^^^^^^^^^^^^^^^
  File "/Users/hamdy/Desktop/Work Code/My Project Code/SYSeducore/.venv/lib/python3.14/site-packages/django/db/models/expressions.py", line 902, in resolve_expression
    return query.resolve_ref(self.name, allow_joins, reuse, summarize)
           ~~~~~~~~~~~~~~~~~^^^^^^^^^^^^^^^^^^^^^^^^^^^^^^^^^^^^^^^^^^
  File "/Users/hamdy/Desktop/Work Code/My Project Code/SYSeducore/.venv/lib/python3.14/site-packages/django/db/models/sql/query.py", line 2050, in resolve_ref
    join_info = self.setup_joins(
        field_list, self.get_meta(), self.get_initial_alias(), can_reuse=reuse
    )
  File "/Users/hamdy/Desktop/Work Code/My Project Code/SYSeducore/.venv/lib/python3.14/site-packages/django/db/models/sql/query.py", line 1901, in setup_joins
    path, final_field, targets, rest = self.names_to_path(
                                       ~~~~~~~~~~~~~~~~~~^
        names[:pivot],
        ^^^^^^^^^^^^^^
    ...<2 lines>...
        fail_on_missing=True,
        ^^^^^^^^^^^^^^^^^^^^^
    )
    ^
  File "/Users/hamdy/Desktop/Work Code/My Project Code/SYSeducore/.venv/lib/python3.14/site-packages/django/db/models/sql/query.py", line 1806, in names_to_path
    raise FieldError(
    ...<2 lines>...
    )
django.core.exceptions.FieldError: Cannot resolve keyword 'session' into field. Choices are: center_percentage, created_at, enrolled_students, group_id, group_name, is_active, payments, room, room_id, schedule_day, schedule_time, sessions, standard_fee, studentgroupenrollment, teacher, teacher_id
"GET /reports/ HTTP/1.1" 500 146991
Internal Server Error: /reports/
Traceback (most recent call last):
  File "/Users/hamdy/Desktop/Work Code/My Project Code/SYSeducore/.venv/lib/python3.14/site-packages/django/core/handlers/exception.py", line 55, in inner
    response = get_response(request)
  File "/Users/hamdy/Desktop/Work Code/My Project Code/SYSeducore/.venv/lib/python3.14/site-packages/django/core/handlers/base.py", line 197, in _get_response
    response = wrapped_callback(request, *callback_args, **callback_kwargs)
  File "/Users/hamdy/Desktop/Work Code/My Project Code/SYSeducore/.venv/lib/python3.14/site-packages/django/contrib/auth/decorators.py", line 59, in _view_wrapper
    return view_func(request, *args, **kwargs)
  File "/Users/hamdy/Desktop/Work Code/My Project Code/SYSeducore/apps/reports/views.py", line 131, in dashboard
    top_groups = Group.objects.filter(is_active=True).annotate(
                 ~~~~~~~~~~~~~~~~~~~~~~~~~~~~~~~~~~~~~~~~~~~~~^
        attendance_count=Count('session__attendance')
        ^^^^^^^^^^^^^^^^^^^^^^^^^^^^^^^^^^^^^^^^^^^^^
    ).order_by('-attendance_count')[:5]
    ^
  File "/Users/hamdy/Desktop/Work Code/My Project Code/SYSeducore/.venv/lib/python3.14/site-packages/django/db/models/query.py", line 1654, in annotate
    return self._annotate(args, kwargs, select=True)
           ~~~~~~~~~~~~~~^^^^^^^^^^^^^^^^^^^^^^^^^^^
  File "/Users/hamdy/Desktop/Work Code/My Project Code/SYSeducore/.venv/lib/python3.14/site-packages/django/db/models/query.py", line 1706, in _annotate
    clone.query.add_annotation(
    ~~~~~~~~~~~~~~~~~~~~~~~~~~^
        annotation,
        ^^^^^^^^^^^
        alias,
        ^^^^^^
        select=select,
        ^^^^^^^^^^^^^^
    )
    ^
  File "/Users/hamdy/Desktop/Work Code/My Project Code/SYSeducore/.venv/lib/python3.14/site-packages/django/db/models/sql/query.py", line 1218, in add_annotation
    annotation = annotation.resolve_expression(self, allow_joins=True, reuse=None)
  File "/Users/hamdy/Desktop/Work Code/My Project Code/SYSeducore/.venv/lib/python3.14/site-packages/django/db/models/aggregates.py", line 176, in resolve_expression
    result = super().resolve_expression(*args, **kwargs)
  File "/Users/hamdy/Desktop/Work Code/My Project Code/SYSeducore/.venv/lib/python3.14/site-packages/django/db/models/aggregates.py", line 63, in resolve_expression
    c = super().resolve_expression(query, allow_joins, reuse, summarize)
  File "/Users/hamdy/Desktop/Work Code/My Project Code/SYSeducore/.venv/lib/python3.14/site-packages/django/db/models/expressions.py", line 300, in resolve_expression
    expr.resolve_expression(query, allow_joins, reuse, summarize, for_save)
    ~~~~~~~~~~~~~~~~~~~~~~~^^^^^^^^^^^^^^^^^^^^^^^^^^^^^^^^^^^^^^^^^^^^^^^^
  File "/Users/hamdy/Desktop/Work Code/My Project Code/SYSeducore/.venv/lib/python3.14/site-packages/django/db/models/expressions.py", line 902, in resolve_expression
    return query.resolve_ref(self.name, allow_joins, reuse, summarize)
           ~~~~~~~~~~~~~~~~~^^^^^^^^^^^^^^^^^^^^^^^^^^^^^^^^^^^^^^^^^^
  File "/Users/hamdy/Desktop/Work Code/My Project Code/SYSeducore/.venv/lib/python3.14/site-packages/django/db/models/sql/query.py", line 2050, in resolve_ref
    join_info = self.setup_joins(
        field_list, self.get_meta(), self.get_initial_alias(), can_reuse=reuse
    )
  File "/Users/hamdy/Desktop/Work Code/My Project Code/SYSeducore/.venv/lib/python3.14/site-packages/django/db/models/sql/query.py", line 1901, in setup_joins
    path, final_field, targets, rest = self.names_to_path(
                                       ~~~~~~~~~~~~~~~~~~^
        names[:pivot],
        ^^^^^^^^^^^^^^
    ...<2 lines>...
        fail_on_missing=True,
        ^^^^^^^^^^^^^^^^^^^^^
    )
    ^
  File "/Users/hamdy/Desktop/Work Code/My Project Code/SYSeducore/.venv/lib/python3.14/site-packages/django/db/models/sql/query.py", line 1806, in names_to_path
    raise FieldError(
    ...<2 lines>...
    )
django.core.exceptions.FieldError: Cannot resolve keyword 'session' into field. Choices are: center_percentage, created_at, enrolled_students, group_id, group_name, is_active, payments, room, room_id, schedule_day, schedule_time, sessions, standard_fee, studentgroupenrollment, teacher, teacher_id
"GET /reports/ HTTP/1.1" 500 146991
Internal Server Error: /reports/
Traceback (most recent call last):
  File "/Users/hamdy/Desktop/Work Code/My Project Code/SYSeducore/.venv/lib/python3.14/site-packages/django/core/handlers/exception.py", line 55, in inner
    response = get_response(request)
  File "/Users/hamdy/Desktop/Work Code/My Project Code/SYSeducore/.venv/lib/python3.14/site-packages/django/core/handlers/base.py", line 197, in _get_response
    response = wrapped_callback(request, *callback_args, **callback_kwargs)
  File "/Users/hamdy/Desktop/Work Code/My Project Code/SYSeducore/.venv/lib/python3.14/site-packages/django/contrib/auth/decorators.py", line 59, in _view_wrapper
    return view_func(request, *args, **kwargs)
  File "/Users/hamdy/Desktop/Work Code/My Project Code/SYSeducore/apps/reports/views.py", line 131, in dashboard
    top_groups = Group.objects.filter(is_active=True).annotate(
                 ~~~~~~~~~~~~~~~~~~~~~~~~~~~~~~~~~~~~~~~~~~~~~^
        attendance_count=Count('session__attendance')
        ^^^^^^^^^^^^^^^^^^^^^^^^^^^^^^^^^^^^^^^^^^^^^
    ).order_by('-attendance_count')[:5]
    ^
  File "/Users/hamdy/Desktop/Work Code/My Project Code/SYSeducore/.venv/lib/python3.14/site-packages/django/db/models/query.py", line 1654, in annotate
    return self._annotate(args, kwargs, select=True)
           ~~~~~~~~~~~~~~^^^^^^^^^^^^^^^^^^^^^^^^^^^
  File "/Users/hamdy/Desktop/Work Code/My Project Code/SYSeducore/.venv/lib/python3.14/site-packages/django/db/models/query.py", line 1706, in _annotate
    clone.query.add_annotation(
    ~~~~~~~~~~~~~~~~~~~~~~~~~~^
        annotation,
        ^^^^^^^^^^^
        alias,
        ^^^^^^
        select=select,
        ^^^^^^^^^^^^^^
    )
    ^
  File "/Users/hamdy/Desktop/Work Code/My Project Code/SYSeducore/.venv/lib/python3.14/site-packages/django/db/models/sql/query.py", line 1218, in add_annotation
    annotation = annotation.resolve_expression(self, allow_joins=True, reuse=None)
  File "/Users/hamdy/Desktop/Work Code/My Project Code/SYSeducore/.venv/lib/python3.14/site-packages/django/db/models/aggregates.py", line 176, in resolve_expression
    result = super().resolve_expression(*args, **kwargs)
  File "/Users/hamdy/Desktop/Work Code/My Project Code/SYSeducore/.venv/lib/python3.14/site-packages/django/db/models/aggregates.py", line 63, in resolve_expression
    c = super().resolve_expression(query, allow_joins, reuse, summarize)
  File "/Users/hamdy/Desktop/Work Code/My Project Code/SYSeducore/.venv/lib/python3.14/site-packages/django/db/models/expressions.py", line 300, in resolve_expression
    expr.resolve_expression(query, allow_joins, reuse, summarize, for_save)
    ~~~~~~~~~~~~~~~~~~~~~~~^^^^^^^^^^^^^^^^^^^^^^^^^^^^^^^^^^^^^^^^^^^^^^^^
  File "/Users/hamdy/Desktop/Work Code/My Project Code/SYSeducore/.venv/lib/python3.14/site-packages/django/db/models/expressions.py", line 902, in resolve_expression
    return query.resolve_ref(self.name, allow_joins, reuse, summarize)
           ~~~~~~~~~~~~~~~~~^^^^^^^^^^^^^^^^^^^^^^^^^^^^^^^^^^^^^^^^^^
  File "/Users/hamdy/Desktop/Work Code/My Project Code/SYSeducore/.venv/lib/python3.14/site-packages/django/db/models/sql/query.py", line 2050, in resolve_ref
    join_info = self.setup_joins(
        field_list, self.get_meta(), self.get_initial_alias(), can_reuse=reuse
    )
  File "/Users/hamdy/Desktop/Work Code/My Project Code/SYSeducore/.venv/lib/python3.14/site-packages/django/db/models/sql/query.py", line 1901, in setup_joins
    path, final_field, targets, rest = self.names_to_path(
                                       ~~~~~~~~~~~~~~~~~~^
        names[:pivot],
        ^^^^^^^^^^^^^^
    ...<2 lines>...
        fail_on_missing=True,
        ^^^^^^^^^^^^^^^^^^^^^
    )
    ^
  File "/Users/hamdy/Desktop/Work Code/My Project Code/SYSeducore/.venv/lib/python3.14/site-packages/django/db/models/sql/query.py", line 1806, in names_to_path
    raise FieldError(
    ...<2 lines>...
    )
django.core.exceptions.FieldError: Cannot resolve keyword 'session' into field. Choices are: center_percentage, created_at, enrolled_students, group_id, group_name, is_active, payments, room, room_id, schedule_day, schedule_time, sessions, standard_fee, studentgroupenrollment, teacher, teacher_id
- Broken pipe from ('127.0.0.1', 53964)
Internal Server Error: /reports/
Traceback (most recent call last):
  File "/Users/hamdy/Desktop/Work Code/My Project Code/SYSeducore/.venv/lib/python3.14/site-packages/django/core/handlers/exception.py", line 55, in inner
    response = get_response(request)
  File "/Users/hamdy/Desktop/Work Code/My Project Code/SYSeducore/.venv/lib/python3.14/site-packages/django/core/handlers/base.py", line 197, in _get_response
    response = wrapped_callback(request, *callback_args, **callback_kwargs)
  File "/Users/hamdy/Desktop/Work Code/My Project Code/SYSeducore/.venv/lib/python3.14/site-packages/django/contrib/auth/decorators.py", line 59, in _view_wrapper
    return view_func(request, *args, **kwargs)
  File "/Users/hamdy/Desktop/Work Code/My Project Code/SYSeducore/apps/reports/views.py", line 131, in dashboard
    top_groups = Group.objects.filter(is_active=True).annotate(
                 ~~~~~~~~~~~~~~~~~~~~~~~~~~~~~~~~~~~~~~~~~~~~~^
        attendance_count=Count('session__attendance')
        ^^^^^^^^^^^^^^^^^^^^^^^^^^^^^^^^^^^^^^^^^^^^^
    ).order_by('-attendance_count')[:5]
    ^
  File "/Users/hamdy/Desktop/Work Code/My Project Code/SYSeducore/.venv/lib/python3.14/site-packages/django/db/models/query.py", line 1654, in annotate
    return self._annotate(args, kwargs, select=True)
           ~~~~~~~~~~~~~~^^^^^^^^^^^^^^^^^^^^^^^^^^^
  File "/Users/hamdy/Desktop/Work Code/My Project Code/SYSeducore/.venv/lib/python3.14/site-packages/django/db/models/query.py", line 1706, in _annotate
    clone.query.add_annotation(
    ~~~~~~~~~~~~~~~~~~~~~~~~~~^
        annotation,
        ^^^^^^^^^^^
        alias,
        ^^^^^^
        select=select,
        ^^^^^^^^^^^^^^
    )
    ^
  File "/Users/hamdy/Desktop/Work Code/My Project Code/SYSeducore/.venv/lib/python3.14/site-packages/django/db/models/sql/query.py", line 1218, in add_annotation
    annotation = annotation.resolve_expression(self, allow_joins=True, reuse=None)
  File "/Users/hamdy/Desktop/Work Code/My Project Code/SYSeducore/.venv/lib/python3.14/site-packages/django/db/models/aggregates.py", line 176, in resolve_expression
    result = super().resolve_expression(*args, **kwargs)
  File "/Users/hamdy/Desktop/Work Code/My Project Code/SYSeducore/.venv/lib/python3.14/site-packages/django/db/models/aggregates.py", line 63, in resolve_expression
    c = super().resolve_expression(query, allow_joins, reuse, summarize)
  File "/Users/hamdy/Desktop/Work Code/My Project Code/SYSeducore/.venv/lib/python3.14/site-packages/django/db/models/expressions.py", line 300, in resolve_expression
    expr.resolve_expression(query, allow_joins, reuse, summarize, for_save)
    ~~~~~~~~~~~~~~~~~~~~~~~^^^^^^^^^^^^^^^^^^^^^^^^^^^^^^^^^^^^^^^^^^^^^^^^
  File "/Users/hamdy/Desktop/Work Code/My Project Code/SYSeducore/.venv/lib/python3.14/site-packages/django/db/models/expressions.py", line 902, in resolve_expression
    return query.resolve_ref(self.name, allow_joins, reuse, summarize)
           ~~~~~~~~~~~~~~~~~^^^^^^^^^^^^^^^^^^^^^^^^^^^^^^^^^^^^^^^^^^
  File "/Users/hamdy/Desktop/Work Code/My Project Code/SYSeducore/.venv/lib/python3.14/site-packages/django/db/models/sql/query.py", line 2050, in resolve_ref
    join_info = self.setup_joins(
        field_list, self.get_meta(), self.get_initial_alias(), can_reuse=reuse
    )
  File "/Users/hamdy/Desktop/Work Code/My Project Code/SYSeducore/.venv/lib/python3.14/site-packages/django/db/models/sql/query.py", line 1901, in setup_joins
    path, final_field, targets, rest = self.names_to_path(
                                       ~~~~~~~~~~~~~~~~~~^
        names[:pivot],
        ^^^^^^^^^^^^^^
    ...<2 lines>...
        fail_on_missing=True,
        ^^^^^^^^^^^^^^^^^^^^^
    )
    ^
  File "/Users/hamdy/Desktop/Work Code/My Project Code/SYSeducore/.venv/lib/python3.14/site-packages/django/db/models/sql/query.py", line 1806, in names_to_path
    raise FieldError(
    ...<2 lines>...
    )
django.core.exceptions.FieldError: Cannot resolve keyword 'session' into field. Choices are: center_percentage, created_at, enrolled_students, group_id, group_name, is_active, payments, room, room_id, schedule_day, schedule_time, sessions, standard_fee, studentgroupenrollment, teacher, teacher_id
"GET /reports/ HTTP/1.1" 500 146991
Internal Server Error: /reports/
Traceback (most recent call last):
  File "/Users/hamdy/Desktop/Work Code/My Project Code/SYSeducore/.venv/lib/python3.14/site-packages/django/core/handlers/exception.py", line 55, in inner
    response = get_response(request)
  File "/Users/hamdy/Desktop/Work Code/My Project Code/SYSeducore/.venv/lib/python3.14/site-packages/django/core/handlers/base.py", line 197, in _get_response
    response = wrapped_callback(request, *callback_args, **callback_kwargs)
  File "/Users/hamdy/Desktop/Work Code/My Project Code/SYSeducore/.venv/lib/python3.14/site-packages/django/contrib/auth/decorators.py", line 59, in _view_wrapper
    return view_func(request, *args, **kwargs)
  File "/Users/hamdy/Desktop/Work Code/My Project Code/SYSeducore/apps/reports/views.py", line 131, in dashboard
    top_groups = Group.objects.filter(is_active=True).annotate(
                 ~~~~~~~~~~~~~~~~~~~~~~~~~~~~~~~~~~~~~~~~~~~~~^
        attendance_count=Count('session__attendance')
        ^^^^^^^^^^^^^^^^^^^^^^^^^^^^^^^^^^^^^^^^^^^^^
    ).order_by('-attendance_count')[:5]
    ^
  File "/Users/hamdy/Desktop/Work Code/My Project Code/SYSeducore/.venv/lib/python3.14/site-packages/django/db/models/query.py", line 1654, in annotate
    return self._annotate(args, kwargs, select=True)
           ~~~~~~~~~~~~~~^^^^^^^^^^^^^^^^^^^^^^^^^^^
  File "/Users/hamdy/Desktop/Work Code/My Project Code/SYSeducore/.venv/lib/python3.14/site-packages/django/db/models/query.py", line 1706, in _annotate
    clone.query.add_annotation(
    ~~~~~~~~~~~~~~~~~~~~~~~~~~^
        annotation,
        ^^^^^^^^^^^
        alias,
        ^^^^^^
        select=select,
        ^^^^^^^^^^^^^^
    )
    ^
  File "/Users/hamdy/Desktop/Work Code/My Project Code/SYSeducore/.venv/lib/python3.14/site-packages/django/db/models/sql/query.py", line 1218, in add_annotation
    annotation = annotation.resolve_expression(self, allow_joins=True, reuse=None)
  File "/Users/hamdy/Desktop/Work Code/My Project Code/SYSeducore/.venv/lib/python3.14/site-packages/django/db/models/aggregates.py", line 176, in resolve_expression
    result = super().resolve_expression(*args, **kwargs)
  File "/Users/hamdy/Desktop/Work Code/My Project Code/SYSeducore/.venv/lib/python3.14/site-packages/django/db/models/aggregates.py", line 63, in resolve_expression
    c = super().resolve_expression(query, allow_joins, reuse, summarize)
  File "/Users/hamdy/Desktop/Work Code/My Project Code/SYSeducore/.venv/lib/python3.14/site-packages/django/db/models/expressions.py", line 300, in resolve_expression
    expr.resolve_expression(query, allow_joins, reuse, summarize, for_save)
    ~~~~~~~~~~~~~~~~~~~~~~~^^^^^^^^^^^^^^^^^^^^^^^^^^^^^^^^^^^^^^^^^^^^^^^^
  File "/Users/hamdy/Desktop/Work Code/My Project Code/SYSeducore/.venv/lib/python3.14/site-packages/django/db/models/expressions.py", line 902, in resolve_expression
    return query.resolve_ref(self.name, allow_joins, reuse, summarize)
           ~~~~~~~~~~~~~~~~~^^^^^^^^^^^^^^^^^^^^^^^^^^^^^^^^^^^^^^^^^^
  File "/Users/hamdy/Desktop/Work Code/My Project Code/SYSeducore/.venv/lib/python3.14/site-packages/django/db/models/sql/query.py", line 2050, in resolve_ref
    join_info = self.setup_joins(
        field_list, self.get_meta(), self.get_initial_alias(), can_reuse=reuse
    )
  File "/Users/hamdy/Desktop/Work Code/My Project Code/SYSeducore/.venv/lib/python3.14/site-packages/django/db/models/sql/query.py", line 1901, in setup_joins
    path, final_field, targets, rest = self.names_to_path(
                                       ~~~~~~~~~~~~~~~~~~^
        names[:pivot],
        ^^^^^^^^^^^^^^
    ...<2 lines>...
        fail_on_missing=True,
        ^^^^^^^^^^^^^^^^^^^^^
    )
    ^
  File "/Users/hamdy/Desktop/Work Code/My Project Code/SYSeducore/.venv/lib/python3.14/site-packages/django/db/models/sql/query.py", line 1806, in names_to_path
    raise FieldError(
    ...<2 lines>...
    )
django.core.exceptions.FieldError: Cannot resolve keyword 'session' into field. Choices are: center_percentage, created_at, enrolled_students, group_id, group_name, is_active, payments, room, room_id, schedule_day, schedule_time, sessions, standard_fee, studentgroupenrollment, teacher, teacher_id
"GET /reports/ HTTP/1.1" 500 146991
Internal Server Error: /reports/
Traceback (most recent call last):
  File "/Users/hamdy/Desktop/Work Code/My Project Code/SYSeducore/.venv/lib/python3.14/site-packages/django/core/handlers/exception.py", line 55, in inner
    response = get_response(request)
  File "/Users/hamdy/Desktop/Work Code/My Project Code/SYSeducore/.venv/lib/python3.14/site-packages/django/core/handlers/base.py", line 197, in _get_response
    response = wrapped_callback(request, *callback_args, **callback_kwargs)
  File "/Users/hamdy/Desktop/Work Code/My Project Code/SYSeducore/.venv/lib/python3.14/site-packages/django/contrib/auth/decorators.py", line 59, in _view_wrapper
    return view_func(request, *args, **kwargs)
  File "/Users/hamdy/Desktop/Work Code/My Project Code/SYSeducore/apps/reports/views.py", line 131, in dashboard
    top_groups = Group.objects.filter(is_active=True).annotate(
                 ~~~~~~~~~~~~~~~~~~~~~~~~~~~~~~~~~~~~~~~~~~~~~^
        attendance_count=Count('session__attendance')
        ^^^^^^^^^^^^^^^^^^^^^^^^^^^^^^^^^^^^^^^^^^^^^
    ).order_by('-attendance_count')[:5]
    ^
  File "/Users/hamdy/Desktop/Work Code/My Project Code/SYSeducore/.venv/lib/python3.14/site-packages/django/db/models/query.py", line 1654, in annotate
    return self._annotate(args, kwargs, select=True)
           ~~~~~~~~~~~~~~^^^^^^^^^^^^^^^^^^^^^^^^^^^
  File "/Users/hamdy/Desktop/Work Code/My Project Code/SYSeducore/.venv/lib/python3.14/site-packages/django/db/models/query.py", line 1706, in _annotate
    clone.query.add_annotation(
    ~~~~~~~~~~~~~~~~~~~~~~~~~~^
        annotation,
        ^^^^^^^^^^^
        alias,
        ^^^^^^
        select=select,
        ^^^^^^^^^^^^^^
    )
    ^
  File "/Users/hamdy/Desktop/Work Code/My Project Code/SYSeducore/.venv/lib/python3.14/site-packages/django/db/models/sql/query.py", line 1218, in add_annotation
    annotation = annotation.resolve_expression(self, allow_joins=True, reuse=None)
  File "/Users/hamdy/Desktop/Work Code/My Project Code/SYSeducore/.venv/lib/python3.14/site-packages/django/db/models/aggregates.py", line 176, in resolve_expression
    result = super().resolve_expression(*args, **kwargs)
  File "/Users/hamdy/Desktop/Work Code/My Project Code/SYSeducore/.venv/lib/python3.14/site-packages/django/db/models/aggregates.py", line 63, in resolve_expression
    c = super().resolve_expression(query, allow_joins, reuse, summarize)
  File "/Users/hamdy/Desktop/Work Code/My Project Code/SYSeducore/.venv/lib/python3.14/site-packages/django/db/models/expressions.py", line 300, in resolve_expression
    expr.resolve_expression(query, allow_joins, reuse, summarize, for_save)
    ~~~~~~~~~~~~~~~~~~~~~~~^^^^^^^^^^^^^^^^^^^^^^^^^^^^^^^^^^^^^^^^^^^^^^^^
  File "/Users/hamdy/Desktop/Work Code/My Project Code/SYSeducore/.venv/lib/python3.14/site-packages/django/db/models/expressions.py", line 902, in resolve_expression
    return query.resolve_ref(self.name, allow_joins, reuse, summarize)
           ~~~~~~~~~~~~~~~~~^^^^^^^^^^^^^^^^^^^^^^^^^^^^^^^^^^^^^^^^^^
  File "/Users/hamdy/Desktop/Work Code/My Project Code/SYSeducore/.venv/lib/python3.14/site-packages/django/db/models/sql/query.py", line 2050, in resolve_ref
    join_info = self.setup_joins(
        field_list, self.get_meta(), self.get_initial_alias(), can_reuse=reuse
    )
  File "/Users/hamdy/Desktop/Work Code/My Project Code/SYSeducore/.venv/lib/python3.14/site-packages/django/db/models/sql/query.py", line 1901, in setup_joins
    path, final_field, targets, rest = self.names_to_path(
                                       ~~~~~~~~~~~~~~~~~~^
        names[:pivot],
        ^^^^^^^^^^^^^^
    ...<2 lines>...
        fail_on_missing=True,
        ^^^^^^^^^^^^^^^^^^^^^
    )
    ^
  File "/Users/hamdy/Desktop/Work Code/My Project Code/SYSeducore/.venv/lib/python3.14/site-packages/django/db/models/sql/query.py", line 1806, in names_to_path
    raise FieldError(
    ...<2 lines>...
    )
django.core.exceptions.FieldError: Cannot resolve keyword 'session' into field. Choices are: center_percentage, created_at, enrolled_students, group_id, group_name, is_active, payments, room, room_id, schedule_day, schedule_time, sessions, standard_fee, studentgroupenrollment, teacher, teacher_id
"GET /reports/ HTTP/1.1" 500 146991
Internal Server Error: /reports/
Traceback (most recent call last):
  File "/Users/hamdy/Desktop/Work Code/My Project Code/SYSeducore/.venv/lib/python3.14/site-packages/django/core/handlers/exception.py", line 55, in inner
    response = get_response(request)
  File "/Users/hamdy/Desktop/Work Code/My Project Code/SYSeducore/.venv/lib/python3.14/site-packages/django/core/handlers/base.py", line 197, in _get_response
    response = wrapped_callback(request, *callback_args, **callback_kwargs)
  File "/Users/hamdy/Desktop/Work Code/My Project Code/SYSeducore/.venv/lib/python3.14/site-packages/django/contrib/auth/decorators.py", line 59, in _view_wrapper
    return view_func(request, *args, **kwargs)
  File "/Users/hamdy/Desktop/Work Code/My Project Code/SYSeducore/apps/reports/views.py", line 131, in dashboard
    top_groups = Group.objects.filter(is_active=True).annotate(
                 ~~~~~~~~~~~~~~~~~~~~~~~~~~~~~~~~~~~~~~~~~~~~~^
        attendance_count=Count('session__attendance')
        ^^^^^^^^^^^^^^^^^^^^^^^^^^^^^^^^^^^^^^^^^^^^^
    ).order_by('-attendance_count')[:5]
    ^
  File "/Users/hamdy/Desktop/Work Code/My Project Code/SYSeducore/.venv/lib/python3.14/site-packages/django/db/models/query.py", line 1654, in annotate
    return self._annotate(args, kwargs, select=True)
           ~~~~~~~~~~~~~~^^^^^^^^^^^^^^^^^^^^^^^^^^^
  File "/Users/hamdy/Desktop/Work Code/My Project Code/SYSeducore/.venv/lib/python3.14/site-packages/django/db/models/query.py", line 1706, in _annotate
    clone.query.add_annotation(
    ~~~~~~~~~~~~~~~~~~~~~~~~~~^
        annotation,
        ^^^^^^^^^^^
        alias,
        ^^^^^^
        select=select,
        ^^^^^^^^^^^^^^
    )
    ^
  File "/Users/hamdy/Desktop/Work Code/My Project Code/SYSeducore/.venv/lib/python3.14/site-packages/django/db/models/sql/query.py", line 1218, in add_annotation
    annotation = annotation.resolve_expression(self, allow_joins=True, reuse=None)
  File "/Users/hamdy/Desktop/Work Code/My Project Code/SYSeducore/.venv/lib/python3.14/site-packages/django/db/models/aggregates.py", line 176, in resolve_expression
    result = super().resolve_expression(*args, **kwargs)
  File "/Users/hamdy/Desktop/Work Code/My Project Code/SYSeducore/.venv/lib/python3.14/site-packages/django/db/models/aggregates.py", line 63, in resolve_expression
    c = super().resolve_expression(query, allow_joins, reuse, summarize)
  File "/Users/hamdy/Desktop/Work Code/My Project Code/SYSeducore/.venv/lib/python3.14/site-packages/django/db/models/expressions.py", line 300, in resolve_expression
    expr.resolve_expression(query, allow_joins, reuse, summarize, for_save)
    ~~~~~~~~~~~~~~~~~~~~~~~^^^^^^^^^^^^^^^^^^^^^^^^^^^^^^^^^^^^^^^^^^^^^^^^
  File "/Users/hamdy/Desktop/Work Code/My Project Code/SYSeducore/.venv/lib/python3.14/site-packages/django/db/models/expressions.py", line 902, in resolve_expression
    return query.resolve_ref(self.name, allow_joins, reuse, summarize)
           ~~~~~~~~~~~~~~~~~^^^^^^^^^^^^^^^^^^^^^^^^^^^^^^^^^^^^^^^^^^
  File "/Users/hamdy/Desktop/Work Code/My Project Code/SYSeducore/.venv/lib/python3.14/site-packages/django/db/models/sql/query.py", line 2050, in resolve_ref
    join_info = self.setup_joins(
        field_list, self.get_meta(), self.get_initial_alias(), can_reuse=reuse
    )
  File "/Users/hamdy/Desktop/Work Code/My Project Code/SYSeducore/.venv/lib/python3.14/site-packages/django/db/models/sql/query.py", line 1901, in setup_joins
    path, final_field, targets, rest = self.names_to_path(
                                       ~~~~~~~~~~~~~~~~~~^
        names[:pivot],
        ^^^^^^^^^^^^^^
    ...<2 lines>...
        fail_on_missing=True,
        ^^^^^^^^^^^^^^^^^^^^^
    )
    ^
  File "/Users/hamdy/Desktop/Work Code/My Project Code/SYSeducore/.venv/lib/python3.14/site-packages/django/db/models/sql/query.py", line 1806, in names_to_path
    raise FieldError(
    ...<2 lines>...
    )
django.core.exceptions.FieldError: Cannot resolve keyword 'session' into field. Choices are: center_percentage, created_at, enrolled_students, group_id, group_name, is_active, payments, room, room_id, schedule_day, schedule_time, sessions, standard_fee, studentgroupenrollment, teacher, teacher_id
"GET /reports/ HTTP/1.1" 500 146991
Internal Server Error: /reports/
Traceback (most recent call last):
  File "/Users/hamdy/Desktop/Work Code/My Project Code/SYSeducore/.venv/lib/python3.14/site-packages/django/core/handlers/exception.py", line 55, in inner
    response = get_response(request)
  File "/Users/hamdy/Desktop/Work Code/My Project Code/SYSeducore/.venv/lib/python3.14/site-packages/django/core/handlers/base.py", line 197, in _get_response
    response = wrapped_callback(request, *callback_args, **callback_kwargs)
  File "/Users/hamdy/Desktop/Work Code/My Project Code/SYSeducore/.venv/lib/python3.14/site-packages/django/contrib/auth/decorators.py", line 59, in _view_wrapper
    return view_func(request, *args, **kwargs)
  File "/Users/hamdy/Desktop/Work Code/My Project Code/SYSeducore/apps/reports/views.py", line 131, in dashboard
    top_groups = Group.objects.filter(is_active=True).annotate(
                 ~~~~~~~~~~~~~~~~~~~~~~~~~~~~~~~~~~~~~~~~~~~~~^
        attendance_count=Count('session__attendance')
        ^^^^^^^^^^^^^^^^^^^^^^^^^^^^^^^^^^^^^^^^^^^^^
    ).order_by('-attendance_count')[:5]
    ^
  File "/Users/hamdy/Desktop/Work Code/My Project Code/SYSeducore/.venv/lib/python3.14/site-packages/django/db/models/query.py", line 1654, in annotate
    return self._annotate(args, kwargs, select=True)
           ~~~~~~~~~~~~~~^^^^^^^^^^^^^^^^^^^^^^^^^^^
  File "/Users/hamdy/Desktop/Work Code/My Project Code/SYSeducore/.venv/lib/python3.14/site-packages/django/db/models/query.py", line 1706, in _annotate
    clone.query.add_annotation(
    ~~~~~~~~~~~~~~~~~~~~~~~~~~^
        annotation,
        ^^^^^^^^^^^
        alias,
        ^^^^^^
        select=select,
        ^^^^^^^^^^^^^^
    )
    ^
  File "/Users/hamdy/Desktop/Work Code/My Project Code/SYSeducore/.venv/lib/python3.14/site-packages/django/db/models/sql/query.py", line 1218, in add_annotation
    annotation = annotation.resolve_expression(self, allow_joins=True, reuse=None)
  File "/Users/hamdy/Desktop/Work Code/My Project Code/SYSeducore/.venv/lib/python3.14/site-packages/django/db/models/aggregates.py", line 176, in resolve_expression
    result = super().resolve_expression(*args, **kwargs)
  File "/Users/hamdy/Desktop/Work Code/My Project Code/SYSeducore/.venv/lib/python3.14/site-packages/django/db/models/aggregates.py", line 63, in resolve_expression
    c = super().resolve_expression(query, allow_joins, reuse, summarize)
  File "/Users/hamdy/Desktop/Work Code/My Project Code/SYSeducore/.venv/lib/python3.14/site-packages/django/db/models/expressions.py", line 300, in resolve_expression
    expr.resolve_expression(query, allow_joins, reuse, summarize, for_save)
    ~~~~~~~~~~~~~~~~~~~~~~~^^^^^^^^^^^^^^^^^^^^^^^^^^^^^^^^^^^^^^^^^^^^^^^^
  File "/Users/hamdy/Desktop/Work Code/My Project Code/SYSeducore/.venv/lib/python3.14/site-packages/django/db/models/expressions.py", line 902, in resolve_expression
    return query.resolve_ref(self.name, allow_joins, reuse, summarize)
           ~~~~~~~~~~~~~~~~~^^^^^^^^^^^^^^^^^^^^^^^^^^^^^^^^^^^^^^^^^^
  File "/Users/hamdy/Desktop/Work Code/My Project Code/SYSeducore/.venv/lib/python3.14/site-packages/django/db/models/sql/query.py", line 2050, in resolve_ref
    join_info = self.setup_joins(
        field_list, self.get_meta(), self.get_initial_alias(), can_reuse=reuse
    )
  File "/Users/hamdy/Desktop/Work Code/My Project Code/SYSeducore/.venv/lib/python3.14/site-packages/django/db/models/sql/query.py", line 1901, in setup_joins
    path, final_field, targets, rest = self.names_to_path(
                                       ~~~~~~~~~~~~~~~~~~^
        names[:pivot],
        ^^^^^^^^^^^^^^
    ...<2 lines>...
        fail_on_missing=True,
        ^^^^^^^^^^^^^^^^^^^^^
    )
    ^
  File "/Users/hamdy/Desktop/Work Code/My Project Code/SYSeducore/.venv/lib/python3.14/site-packages/django/db/models/sql/query.py", line 1806, in names_to_path
    raise FieldError(
    ...<2 lines>...
    )
django.core.exceptions.FieldError: Cannot resolve keyword 'session' into field. Choices are: center_percentage, created_at, enrolled_students, group_id, group_name, is_active, payments, room, room_id, schedule_day, schedule_time, sessions, standard_fee, studentgroupenrollment, teacher, teacher_id
"GET /reports/ HTTP/1.1" 500 146991
Internal Server Error: /reports/
Traceback (most recent call last):
  File "/Users/hamdy/Desktop/Work Code/My Project Code/SYSeducore/.venv/lib/python3.14/site-packages/django/core/handlers/exception.py", line 55, in inner
    response = get_response(request)
  File "/Users/hamdy/Desktop/Work Code/My Project Code/SYSeducore/.venv/lib/python3.14/site-packages/django/core/handlers/base.py", line 197, in _get_response
    response = wrapped_callback(request, *callback_args, **callback_kwargs)
  File "/Users/hamdy/Desktop/Work Code/My Project Code/SYSeducore/.venv/lib/python3.14/site-packages/django/contrib/auth/decorators.py", line 59, in _view_wrapper
    return view_func(request, *args, **kwargs)
  File "/Users/hamdy/Desktop/Work Code/My Project Code/SYSeducore/apps/reports/views.py", line 131, in dashboard
    top_groups = Group.objects.filter(is_active=True).annotate(
                 ~~~~~~~~~~~~~~~~~~~~~~~~~~~~~~~~~~~~~~~~~~~~~^
        attendance_count=Count('session__attendance')
        ^^^^^^^^^^^^^^^^^^^^^^^^^^^^^^^^^^^^^^^^^^^^^
    ).order_by('-attendance_count')[:5]
    ^
  File "/Users/hamdy/Desktop/Work Code/My Project Code/SYSeducore/.venv/lib/python3.14/site-packages/django/db/models/query.py", line 1654, in annotate
    return self._annotate(args, kwargs, select=True)
           ~~~~~~~~~~~~~~^^^^^^^^^^^^^^^^^^^^^^^^^^^
  File "/Users/hamdy/Desktop/Work Code/My Project Code/SYSeducore/.venv/lib/python3.14/site-packages/django/db/models/query.py", line 1706, in _annotate
    clone.query.add_annotation(
    ~~~~~~~~~~~~~~~~~~~~~~~~~~^
        annotation,
        ^^^^^^^^^^^
        alias,
        ^^^^^^
        select=select,
        ^^^^^^^^^^^^^^
    )
    ^
  File "/Users/hamdy/Desktop/Work Code/My Project Code/SYSeducore/.venv/lib/python3.14/site-packages/django/db/models/sql/query.py", line 1218, in add_annotation
    annotation = annotation.resolve_expression(self, allow_joins=True, reuse=None)
  File "/Users/hamdy/Desktop/Work Code/My Project Code/SYSeducore/.venv/lib/python3.14/site-packages/django/db/models/aggregates.py", line 176, in resolve_expression
    result = super().resolve_expression(*args, **kwargs)
  File "/Users/hamdy/Desktop/Work Code/My Project Code/SYSeducore/.venv/lib/python3.14/site-packages/django/db/models/aggregates.py", line 63, in resolve_expression
    c = super().resolve_expression(query, allow_joins, reuse, summarize)
  File "/Users/hamdy/Desktop/Work Code/My Project Code/SYSeducore/.venv/lib/python3.14/site-packages/django/db/models/expressions.py", line 300, in resolve_expression
    expr.resolve_expression(query, allow_joins, reuse, summarize, for_save)
    ~~~~~~~~~~~~~~~~~~~~~~~^^^^^^^^^^^^^^^^^^^^^^^^^^^^^^^^^^^^^^^^^^^^^^^^
  File "/Users/hamdy/Desktop/Work Code/My Project Code/SYSeducore/.venv/lib/python3.14/site-packages/django/db/models/expressions.py", line 902, in resolve_expression
    return query.resolve_ref(self.name, allow_joins, reuse, summarize)
           ~~~~~~~~~~~~~~~~~^^^^^^^^^^^^^^^^^^^^^^^^^^^^^^^^^^^^^^^^^^
  File "/Users/hamdy/Desktop/Work Code/My Project Code/SYSeducore/.venv/lib/python3.14/site-packages/django/db/models/sql/query.py", line 2050, in resolve_ref
    join_info = self.setup_joins(
        field_list, self.get_meta(), self.get_initial_alias(), can_reuse=reuse
    )
  File "/Users/hamdy/Desktop/Work Code/My Project Code/SYSeducore/.venv/lib/python3.14/site-packages/django/db/models/sql/query.py", line 1901, in setup_joins
    path, final_field, targets, rest = self.names_to_path(
                                       ~~~~~~~~~~~~~~~~~~^
        names[:pivot],
        ^^^^^^^^^^^^^^
    ...<2 lines>...
        fail_on_missing=True,
        ^^^^^^^^^^^^^^^^^^^^^
    )
    ^
  File "/Users/hamdy/Desktop/Work Code/My Project Code/SYSeducore/.venv/lib/python3.14/site-packages/django/db/models/sql/query.py", line 1806, in names_to_path
    raise FieldError(
    ...<2 lines>...
    )
django.core.exceptions.FieldError: Cannot resolve keyword 'session' into field. Choices are: center_percentage, created_at, enrolled_students, group_id, group_name, is_active, payments, room, room_id, schedule_day, schedule_time, sessions, standard_fee, studentgroupenrollment, teacher, teacher_id
- Broken pipe from ('127.0.0.1', 53971)
Internal Server Error: /reports/
Traceback (most recent call last):
  File "/Users/hamdy/Desktop/Work Code/My Project Code/SYSeducore/.venv/lib/python3.14/site-packages/django/core/handlers/exception.py", line 55, in inner
    response = get_response(request)
  File "/Users/hamdy/Desktop/Work Code/My Project Code/SYSeducore/.venv/lib/python3.14/site-packages/django/core/handlers/base.py", line 197, in _get_response
    response = wrapped_callback(request, *callback_args, **callback_kwargs)
  File "/Users/hamdy/Desktop/Work Code/My Project Code/SYSeducore/.venv/lib/python3.14/site-packages/django/contrib/auth/decorators.py", line 59, in _view_wrapper
    return view_func(request, *args, **kwargs)
  File "/Users/hamdy/Desktop/Work Code/My Project Code/SYSeducore/apps/reports/views.py", line 131, in dashboard
    top_groups = Group.objects.filter(is_active=True).annotate(
                 ~~~~~~~~~~~~~~~~~~~~~~~~~~~~~~~~~~~~~~~~~~~~~^
        attendance_count=Count('session__attendance')
        ^^^^^^^^^^^^^^^^^^^^^^^^^^^^^^^^^^^^^^^^^^^^^
    ).order_by('-attendance_count')[:5]
    ^
  File "/Users/hamdy/Desktop/Work Code/My Project Code/SYSeducore/.venv/lib/python3.14/site-packages/django/db/models/query.py", line 1654, in annotate
    return self._annotate(args, kwargs, select=True)
           ~~~~~~~~~~~~~~^^^^^^^^^^^^^^^^^^^^^^^^^^^
  File "/Users/hamdy/Desktop/Work Code/My Project Code/SYSeducore/.venv/lib/python3.14/site-packages/django/db/models/query.py", line 1706, in _annotate
    clone.query.add_annotation(
    ~~~~~~~~~~~~~~~~~~~~~~~~~~^
        annotation,
        ^^^^^^^^^^^
        alias,
        ^^^^^^
        select=select,
        ^^^^^^^^^^^^^^
    )
    ^
  File "/Users/hamdy/Desktop/Work Code/My Project Code/SYSeducore/.venv/lib/python3.14/site-packages/django/db/models/sql/query.py", line 1218, in add_annotation
    annotation = annotation.resolve_expression(self, allow_joins=True, reuse=None)
  File "/Users/hamdy/Desktop/Work Code/My Project Code/SYSeducore/.venv/lib/python3.14/site-packages/django/db/models/aggregates.py", line 176, in resolve_expression
    result = super().resolve_expression(*args, **kwargs)
  File "/Users/hamdy/Desktop/Work Code/My Project Code/SYSeducore/.venv/lib/python3.14/site-packages/django/db/models/aggregates.py", line 63, in resolve_expression
    c = super().resolve_expression(query, allow_joins, reuse, summarize)
  File "/Users/hamdy/Desktop/Work Code/My Project Code/SYSeducore/.venv/lib/python3.14/site-packages/django/db/models/expressions.py", line 300, in resolve_expression
    expr.resolve_expression(query, allow_joins, reuse, summarize, for_save)
    ~~~~~~~~~~~~~~~~~~~~~~~^^^^^^^^^^^^^^^^^^^^^^^^^^^^^^^^^^^^^^^^^^^^^^^^
  File "/Users/hamdy/Desktop/Work Code/My Project Code/SYSeducore/.venv/lib/python3.14/site-packages/django/db/models/expressions.py", line 902, in resolve_expression
    return query.resolve_ref(self.name, allow_joins, reuse, summarize)
           ~~~~~~~~~~~~~~~~~^^^^^^^^^^^^^^^^^^^^^^^^^^^^^^^^^^^^^^^^^^
  File "/Users/hamdy/Desktop/Work Code/My Project Code/SYSeducore/.venv/lib/python3.14/site-packages/django/db/models/sql/query.py", line 2050, in resolve_ref
    join_info = self.setup_joins(
        field_list, self.get_meta(), self.get_initial_alias(), can_reuse=reuse
    )
  File "/Users/hamdy/Desktop/Work Code/My Project Code/SYSeducore/.venv/lib/python3.14/site-packages/django/db/models/sql/query.py", line 1901, in setup_joins
    path, final_field, targets, rest = self.names_to_path(
                                       ~~~~~~~~~~~~~~~~~~^
        names[:pivot],
        ^^^^^^^^^^^^^^
    ...<2 lines>...
        fail_on_missing=True,
        ^^^^^^^^^^^^^^^^^^^^^
    )
    ^
  File "/Users/hamdy/Desktop/Work Code/My Project Code/SYSeducore/.venv/lib/python3.14/site-packages/django/db/models/sql/query.py", line 1806, in names_to_path
    raise FieldError(
    ...<2 lines>...
    )
django.core.exceptions.FieldError: Cannot resolve keyword 'session' into field. Choices are: center_percentage, created_at, enrolled_students, group_id, group_name, is_active, payments, room, room_id, schedule_day, schedule_time, sessions, standard_fee, studentgroupenrollment, teacher, teacher_id
"GET /reports/ HTTP/1.1" 500 146991
Internal Server Error: /reports/
Traceback (most recent call last):
  File "/Users/hamdy/Desktop/Work Code/My Project Code/SYSeducore/.venv/lib/python3.14/site-packages/django/core/handlers/exception.py", line 55, in inner
    response = get_response(request)
  File "/Users/hamdy/Desktop/Work Code/My Project Code/SYSeducore/.venv/lib/python3.14/site-packages/django/core/handlers/base.py", line 197, in _get_response
    response = wrapped_callback(request, *callback_args, **callback_kwargs)
  File "/Users/hamdy/Desktop/Work Code/My Project Code/SYSeducore/.venv/lib/python3.14/site-packages/django/contrib/auth/decorators.py", line 59, in _view_wrapper
    return view_func(request, *args, **kwargs)
  File "/Users/hamdy/Desktop/Work Code/My Project Code/SYSeducore/apps/reports/views.py", line 131, in dashboard
    top_groups = Group.objects.filter(is_active=True).annotate(
                 ~~~~~~~~~~~~~~~~~~~~~~~~~~~~~~~~~~~~~~~~~~~~~^
        attendance_count=Count('session__attendance')
        ^^^^^^^^^^^^^^^^^^^^^^^^^^^^^^^^^^^^^^^^^^^^^
    ).order_by('-attendance_count')[:5]
    ^
  File "/Users/hamdy/Desktop/Work Code/My Project Code/SYSeducore/.venv/lib/python3.14/site-packages/django/db/models/query.py", line 1654, in annotate
    return self._annotate(args, kwargs, select=True)
           ~~~~~~~~~~~~~~^^^^^^^^^^^^^^^^^^^^^^^^^^^
  File "/Users/hamdy/Desktop/Work Code/My Project Code/SYSeducore/.venv/lib/python3.14/site-packages/django/db/models/query.py", line 1706, in _annotate
    clone.query.add_annotation(
    ~~~~~~~~~~~~~~~~~~~~~~~~~~^
        annotation,
        ^^^^^^^^^^^
        alias,
        ^^^^^^
        select=select,
        ^^^^^^^^^^^^^^
    )
    ^
  File "/Users/hamdy/Desktop/Work Code/My Project Code/SYSeducore/.venv/lib/python3.14/site-packages/django/db/models/sql/query.py", line 1218, in add_annotation
    annotation = annotation.resolve_expression(self, allow_joins=True, reuse=None)
  File "/Users/hamdy/Desktop/Work Code/My Project Code/SYSeducore/.venv/lib/python3.14/site-packages/django/db/models/aggregates.py", line 176, in resolve_expression
    result = super().resolve_expression(*args, **kwargs)
  File "/Users/hamdy/Desktop/Work Code/My Project Code/SYSeducore/.venv/lib/python3.14/site-packages/django/db/models/aggregates.py", line 63, in resolve_expression
    c = super().resolve_expression(query, allow_joins, reuse, summarize)
  File "/Users/hamdy/Desktop/Work Code/My Project Code/SYSeducore/.venv/lib/python3.14/site-packages/django/db/models/expressions.py", line 300, in resolve_expression
    expr.resolve_expression(query, allow_joins, reuse, summarize, for_save)
    ~~~~~~~~~~~~~~~~~~~~~~~^^^^^^^^^^^^^^^^^^^^^^^^^^^^^^^^^^^^^^^^^^^^^^^^
  File "/Users/hamdy/Desktop/Work Code/My Project Code/SYSeducore/.venv/lib/python3.14/site-packages/django/db/models/expressions.py", line 902, in resolve_expression
    return query.resolve_ref(self.name, allow_joins, reuse, summarize)
           ~~~~~~~~~~~~~~~~~^^^^^^^^^^^^^^^^^^^^^^^^^^^^^^^^^^^^^^^^^^
  File "/Users/hamdy/Desktop/Work Code/My Project Code/SYSeducore/.venv/lib/python3.14/site-packages/django/db/models/sql/query.py", line 2050, in resolve_ref
    join_info = self.setup_joins(
        field_list, self.get_meta(), self.get_initial_alias(), can_reuse=reuse
    )
  File "/Users/hamdy/Desktop/Work Code/My Project Code/SYSeducore/.venv/lib/python3.14/site-packages/django/db/models/sql/query.py", line 1901, in setup_joins
    path, final_field, targets, rest = self.names_to_path(
                                       ~~~~~~~~~~~~~~~~~~^
        names[:pivot],
        ^^^^^^^^^^^^^^
    ...<2 lines>...
        fail_on_missing=True,
        ^^^^^^^^^^^^^^^^^^^^^
    )
    ^
  File "/Users/hamdy/Desktop/Work Code/My Project Code/SYSeducore/.venv/lib/python3.14/site-packages/django/db/models/sql/query.py", line 1806, in names_to_path
    raise FieldError(
    ...<2 lines>...
    )
django.core.exceptions.FieldError: Cannot resolve keyword 'session' into field. Choices are: center_percentage, created_at, enrolled_students, group_id, group_name, is_active, payments, room, room_id, schedule_day, schedule_time, sessions, standard_fee, studentgroupenrollment, teacher, teacher_id
"GET /reports/ HTTP/1.1" 500 146991
Internal Server Error: /reports/
Traceback (most recent call last):
  File "/Users/hamdy/Desktop/Work Code/My Project Code/SYSeducore/.venv/lib/python3.14/site-packages/django/core/handlers/exception.py", line 55, in inner
    response = get_response(request)
  File "/Users/hamdy/Desktop/Work Code/My Project Code/SYSeducore/.venv/lib/python3.14/site-packages/django/core/handlers/base.py", line 197, in _get_response
    response = wrapped_callback(request, *callback_args, **callback_kwargs)
  File "/Users/hamdy/Desktop/Work Code/My Project Code/SYSeducore/.venv/lib/python3.14/site-packages/django/contrib/auth/decorators.py", line 59, in _view_wrapper
    return view_func(request, *args, **kwargs)
  File "/Users/hamdy/Desktop/Work Code/My Project Code/SYSeducore/apps/reports/views.py", line 131, in dashboard
    top_groups = Group.objects.filter(is_active=True).annotate(
                 ~~~~~~~~~~~~~~~~~~~~~~~~~~~~~~~~~~~~~~~~~~~~~^
        attendance_count=Count('session__attendance')
        ^^^^^^^^^^^^^^^^^^^^^^^^^^^^^^^^^^^^^^^^^^^^^
    ).order_by('-attendance_count')[:5]
    ^
  File "/Users/hamdy/Desktop/Work Code/My Project Code/SYSeducore/.venv/lib/python3.14/site-packages/django/db/models/query.py", line 1654, in annotate
    return self._annotate(args, kwargs, select=True)
           ~~~~~~~~~~~~~~^^^^^^^^^^^^^^^^^^^^^^^^^^^
  File "/Users/hamdy/Desktop/Work Code/My Project Code/SYSeducore/.venv/lib/python3.14/site-packages/django/db/models/query.py", line 1706, in _annotate
    clone.query.add_annotation(
    ~~~~~~~~~~~~~~~~~~~~~~~~~~^
        annotation,
        ^^^^^^^^^^^
        alias,
        ^^^^^^
        select=select,
        ^^^^^^^^^^^^^^
    )
    ^
  File "/Users/hamdy/Desktop/Work Code/My Project Code/SYSeducore/.venv/lib/python3.14/site-packages/django/db/models/sql/query.py", line 1218, in add_annotation
    annotation = annotation.resolve_expression(self, allow_joins=True, reuse=None)
  File "/Users/hamdy/Desktop/Work Code/My Project Code/SYSeducore/.venv/lib/python3.14/site-packages/django/db/models/aggregates.py", line 176, in resolve_expression
    result = super().resolve_expression(*args, **kwargs)
  File "/Users/hamdy/Desktop/Work Code/My Project Code/SYSeducore/.venv/lib/python3.14/site-packages/django/db/models/aggregates.py", line 63, in resolve_expression
    c = super().resolve_expression(query, allow_joins, reuse, summarize)
  File "/Users/hamdy/Desktop/Work Code/My Project Code/SYSeducore/.venv/lib/python3.14/site-packages/django/db/models/expressions.py", line 300, in resolve_expression
    expr.resolve_expression(query, allow_joins, reuse, summarize, for_save)
    ~~~~~~~~~~~~~~~~~~~~~~~^^^^^^^^^^^^^^^^^^^^^^^^^^^^^^^^^^^^^^^^^^^^^^^^
  File "/Users/hamdy/Desktop/Work Code/My Project Code/SYSeducore/.venv/lib/python3.14/site-packages/django/db/models/expressions.py", line 902, in resolve_expression
    return query.resolve_ref(self.name, allow_joins, reuse, summarize)
           ~~~~~~~~~~~~~~~~~^^^^^^^^^^^^^^^^^^^^^^^^^^^^^^^^^^^^^^^^^^
  File "/Users/hamdy/Desktop/Work Code/My Project Code/SYSeducore/.venv/lib/python3.14/site-packages/django/db/models/sql/query.py", line 2050, in resolve_ref
    join_info = self.setup_joins(
        field_list, self.get_meta(), self.get_initial_alias(), can_reuse=reuse
    )
  File "/Users/hamdy/Desktop/Work Code/My Project Code/SYSeducore/.venv/lib/python3.14/site-packages/django/db/models/sql/query.py", line 1901, in setup_joins
    path, final_field, targets, rest = self.names_to_path(
                                       ~~~~~~~~~~~~~~~~~~^
        names[:pivot],
        ^^^^^^^^^^^^^^
    ...<2 lines>...
        fail_on_missing=True,
        ^^^^^^^^^^^^^^^^^^^^^
    )
    ^
  File "/Users/hamdy/Desktop/Work Code/My Project Code/SYSeducore/.venv/lib/python3.14/site-packages/django/db/models/sql/query.py", line 1806, in names_to_path
    raise FieldError(
    ...<2 lines>...
    )
django.core.exceptions.FieldError: Cannot resolve keyword 'session' into field. Choices are: center_percentage, created_at, enrolled_students, group_id, group_name, is_active, payments, room, room_id, schedule_day, schedule_time, sessions, standard_fee, studentgroupenrollment, teacher, teacher_id
- Broken pipe from ('127.0.0.1', 53972)
Internal Server Error: /reports/
Traceback (most recent call last):
  File "/Users/hamdy/Desktop/Work Code/My Project Code/SYSeducore/.venv/lib/python3.14/site-packages/django/core/handlers/exception.py", line 55, in inner
    response = get_response(request)
  File "/Users/hamdy/Desktop/Work Code/My Project Code/SYSeducore/.venv/lib/python3.14/site-packages/django/core/handlers/base.py", line 197, in _get_response
    response = wrapped_callback(request, *callback_args, **callback_kwargs)
  File "/Users/hamdy/Desktop/Work Code/My Project Code/SYSeducore/.venv/lib/python3.14/site-packages/django/contrib/auth/decorators.py", line 59, in _view_wrapper
    return view_func(request, *args, **kwargs)
  File "/Users/hamdy/Desktop/Work Code/My Project Code/SYSeducore/apps/reports/views.py", line 131, in dashboard
    top_groups = Group.objects.filter(is_active=True).annotate(
                 ~~~~~~~~~~~~~~~~~~~~~~~~~~~~~~~~~~~~~~~~~~~~~^
        attendance_count=Count('session__attendance')
        ^^^^^^^^^^^^^^^^^^^^^^^^^^^^^^^^^^^^^^^^^^^^^
    ).order_by('-attendance_count')[:5]
    ^
  File "/Users/hamdy/Desktop/Work Code/My Project Code/SYSeducore/.venv/lib/python3.14/site-packages/django/db/models/query.py", line 1654, in annotate
    return self._annotate(args, kwargs, select=True)
           ~~~~~~~~~~~~~~^^^^^^^^^^^^^^^^^^^^^^^^^^^
  File "/Users/hamdy/Desktop/Work Code/My Project Code/SYSeducore/.venv/lib/python3.14/site-packages/django/db/models/query.py", line 1706, in _annotate
    clone.query.add_annotation(
    ~~~~~~~~~~~~~~~~~~~~~~~~~~^
        annotation,
        ^^^^^^^^^^^
        alias,
        ^^^^^^
        select=select,
        ^^^^^^^^^^^^^^
    )
    ^
  File "/Users/hamdy/Desktop/Work Code/My Project Code/SYSeducore/.venv/lib/python3.14/site-packages/django/db/models/sql/query.py", line 1218, in add_annotation
    annotation = annotation.resolve_expression(self, allow_joins=True, reuse=None)
  File "/Users/hamdy/Desktop/Work Code/My Project Code/SYSeducore/.venv/lib/python3.14/site-packages/django/db/models/aggregates.py", line 176, in resolve_expression
    result = super().resolve_expression(*args, **kwargs)
  File "/Users/hamdy/Desktop/Work Code/My Project Code/SYSeducore/.venv/lib/python3.14/site-packages/django/db/models/aggregates.py", line 63, in resolve_expression
    c = super().resolve_expression(query, allow_joins, reuse, summarize)
  File "/Users/hamdy/Desktop/Work Code/My Project Code/SYSeducore/.venv/lib/python3.14/site-packages/django/db/models/expressions.py", line 300, in resolve_expression
    expr.resolve_expression(query, allow_joins, reuse, summarize, for_save)
    ~~~~~~~~~~~~~~~~~~~~~~~^^^^^^^^^^^^^^^^^^^^^^^^^^^^^^^^^^^^^^^^^^^^^^^^
  File "/Users/hamdy/Desktop/Work Code/My Project Code/SYSeducore/.venv/lib/python3.14/site-packages/django/db/models/expressions.py", line 902, in resolve_expression
    return query.resolve_ref(self.name, allow_joins, reuse, summarize)
           ~~~~~~~~~~~~~~~~~^^^^^^^^^^^^^^^^^^^^^^^^^^^^^^^^^^^^^^^^^^
  File "/Users/hamdy/Desktop/Work Code/My Project Code/SYSeducore/.venv/lib/python3.14/site-packages/django/db/models/sql/query.py", line 2050, in resolve_ref
    join_info = self.setup_joins(
        field_list, self.get_meta(), self.get_initial_alias(), can_reuse=reuse
    )
  File "/Users/hamdy/Desktop/Work Code/My Project Code/SYSeducore/.venv/lib/python3.14/site-packages/django/db/models/sql/query.py", line 1901, in setup_joins
    path, final_field, targets, rest = self.names_to_path(
                                       ~~~~~~~~~~~~~~~~~~^
        names[:pivot],
        ^^^^^^^^^^^^^^
    ...<2 lines>...
        fail_on_missing=True,
        ^^^^^^^^^^^^^^^^^^^^^
    )
    ^
  File "/Users/hamdy/Desktop/Work Code/My Project Code/SYSeducore/.venv/lib/python3.14/site-packages/django/db/models/sql/query.py", line 1806, in names_to_path
    raise FieldError(
    ...<2 lines>...
    )
django.core.exceptions.FieldError: Cannot resolve keyword 'session' into field. Choices are: center_percentage, created_at, enrolled_students, group_id, group_name, is_active, payments, room, room_id, schedule_day, schedule_time, sessions, standard_fee, studentgroupenrollment, teacher, teacher_id
"GET /reports/ HTTP/1.1" 500 146991
/Users/hamdy/Desktop/Work Code/My Project Code/SYSeducore/apps/reports/views.py changed, reloading.
Watching for file changes with StatReloader
Internal Server Error: /reports/
Traceback (most recent call last):
  File "/Users/hamdy/Desktop/Work Code/My Project Code/SYSeducore/.venv/lib/python3.14/site-packages/django/core/handlers/exception.py", line 55, in inner
    response = get_response(request)
  File "/Users/hamdy/Desktop/Work Code/My Project Code/SYSeducore/.venv/lib/python3.14/site-packages/django/core/handlers/base.py", line 197, in _get_response
    response = wrapped_callback(request, *callback_args, **callback_kwargs)
  File "/Users/hamdy/Desktop/Work Code/My Project Code/SYSeducore/.venv/lib/python3.14/site-packages/django/contrib/auth/decorators.py", line 59, in _view_wrapper
    return view_func(request, *args, **kwargs)
  File "/Users/hamdy/Desktop/Work Code/My Project Code/SYSeducore/apps/reports/views.py", line 131, in dashboard
    top_groups = Group.objects.filter(is_active=True).annotate(
                 ~~~~~~~~~~~~~~~~~~~~~~~~~~~~~~~~~~~~~~~~~~~~~^
        attendance_count=Count('sessions__attendance')
        ^^^^^^^^^^^^^^^^^^^^^^^^^^^^^^^^^^^^^^^^^^^^^^
    ).order_by('-attendance_count')[:5]
    ^
  File "/Users/hamdy/Desktop/Work Code/My Project Code/SYSeducore/.venv/lib/python3.14/site-packages/django/db/models/query.py", line 1654, in annotate
    return self._annotate(args, kwargs, select=True)
           ~~~~~~~~~~~~~~^^^^^^^^^^^^^^^^^^^^^^^^^^^
  File "/Users/hamdy/Desktop/Work Code/My Project Code/SYSeducore/.venv/lib/python3.14/site-packages/django/db/models/query.py", line 1706, in _annotate
    clone.query.add_annotation(
    ~~~~~~~~~~~~~~~~~~~~~~~~~~^
        annotation,
        ^^^^^^^^^^^
        alias,
        ^^^^^^
        select=select,
        ^^^^^^^^^^^^^^
    )
    ^
  File "/Users/hamdy/Desktop/Work Code/My Project Code/SYSeducore/.venv/lib/python3.14/site-packages/django/db/models/sql/query.py", line 1218, in add_annotation
    annotation = annotation.resolve_expression(self, allow_joins=True, reuse=None)
  File "/Users/hamdy/Desktop/Work Code/My Project Code/SYSeducore/.venv/lib/python3.14/site-packages/django/db/models/aggregates.py", line 176, in resolve_expression
    result = super().resolve_expression(*args, **kwargs)
  File "/Users/hamdy/Desktop/Work Code/My Project Code/SYSeducore/.venv/lib/python3.14/site-packages/django/db/models/aggregates.py", line 63, in resolve_expression
    c = super().resolve_expression(query, allow_joins, reuse, summarize)
  File "/Users/hamdy/Desktop/Work Code/My Project Code/SYSeducore/.venv/lib/python3.14/site-packages/django/db/models/expressions.py", line 300, in resolve_expression
    expr.resolve_expression(query, allow_joins, reuse, summarize, for_save)
    ~~~~~~~~~~~~~~~~~~~~~~~^^^^^^^^^^^^^^^^^^^^^^^^^^^^^^^^^^^^^^^^^^^^^^^^
  File "/Users/hamdy/Desktop/Work Code/My Project Code/SYSeducore/.venv/lib/python3.14/site-packages/django/db/models/expressions.py", line 902, in resolve_expression
    return query.resolve_ref(self.name, allow_joins, reuse, summarize)
           ~~~~~~~~~~~~~~~~~^^^^^^^^^^^^^^^^^^^^^^^^^^^^^^^^^^^^^^^^^^
  File "/Users/hamdy/Desktop/Work Code/My Project Code/SYSeducore/.venv/lib/python3.14/site-packages/django/db/models/sql/query.py", line 2066, in resolve_ref
    transform = join_info.transform_function(targets[0], final_alias)
  File "/Users/hamdy/Desktop/Work Code/My Project Code/SYSeducore/.venv/lib/python3.14/site-packages/django/db/models/sql/query.py", line 1924, in transform
    return self.try_transform(wrapped, name)
           ~~~~~~~~~~~~~~~~~~^^^^^^^^^^^^^^^
  File "/Users/hamdy/Desktop/Work Code/My Project Code/SYSeducore/.venv/lib/python3.14/site-packages/django/db/models/sql/query.py", line 1458, in try_transform
    raise FieldError(
    ...<2 lines>...
    )
django.core.exceptions.FieldError: Unsupported lookup 'attendance' for AutoField or join on the field not permitted.
"GET /reports/ HTTP/1.1" 500 147486
Internal Server Error: /reports/
Traceback (most recent call last):
  File "/Users/hamdy/Desktop/Work Code/My Project Code/SYSeducore/.venv/lib/python3.14/site-packages/django/core/handlers/exception.py", line 55, in inner
    response = get_response(request)
  File "/Users/hamdy/Desktop/Work Code/My Project Code/SYSeducore/.venv/lib/python3.14/site-packages/django/core/handlers/base.py", line 197, in _get_response
    response = wrapped_callback(request, *callback_args, **callback_kwargs)
  File "/Users/hamdy/Desktop/Work Code/My Project Code/SYSeducore/.venv/lib/python3.14/site-packages/django/contrib/auth/decorators.py", line 59, in _view_wrapper
    return view_func(request, *args, **kwargs)
  File "/Users/hamdy/Desktop/Work Code/My Project Code/SYSeducore/apps/reports/views.py", line 131, in dashboard
    top_groups = Group.objects.filter(is_active=True).annotate(
                 ~~~~~~~~~~~~~~~~~~~~~~~~~~~~~~~~~~~~~~~~~~~~~^
        attendance_count=Count('sessions__attendance')
        ^^^^^^^^^^^^^^^^^^^^^^^^^^^^^^^^^^^^^^^^^^^^^^
    ).order_by('-attendance_count')[:5]
    ^
  File "/Users/hamdy/Desktop/Work Code/My Project Code/SYSeducore/.venv/lib/python3.14/site-packages/django/db/models/query.py", line 1654, in annotate
    return self._annotate(args, kwargs, select=True)
           ~~~~~~~~~~~~~~^^^^^^^^^^^^^^^^^^^^^^^^^^^
  File "/Users/hamdy/Desktop/Work Code/My Project Code/SYSeducore/.venv/lib/python3.14/site-packages/django/db/models/query.py", line 1706, in _annotate
    clone.query.add_annotation(
    ~~~~~~~~~~~~~~~~~~~~~~~~~~^
        annotation,
        ^^^^^^^^^^^
        alias,
        ^^^^^^
        select=select,
        ^^^^^^^^^^^^^^
    )
    ^
  File "/Users/hamdy/Desktop/Work Code/My Project Code/SYSeducore/.venv/lib/python3.14/site-packages/django/db/models/sql/query.py", line 1218, in add_annotation
    annotation = annotation.resolve_expression(self, allow_joins=True, reuse=None)
  File "/Users/hamdy/Desktop/Work Code/My Project Code/SYSeducore/.venv/lib/python3.14/site-packages/django/db/models/aggregates.py", line 176, in resolve_expression
    result = super().resolve_expression(*args, **kwargs)
  File "/Users/hamdy/Desktop/Work Code/My Project Code/SYSeducore/.venv/lib/python3.14/site-packages/django/db/models/aggregates.py", line 63, in resolve_expression
    c = super().resolve_expression(query, allow_joins, reuse, summarize)
  File "/Users/hamdy/Desktop/Work Code/My Project Code/SYSeducore/.venv/lib/python3.14/site-packages/django/db/models/expressions.py", line 300, in resolve_expression
    expr.resolve_expression(query, allow_joins, reuse, summarize, for_save)
    ~~~~~~~~~~~~~~~~~~~~~~~^^^^^^^^^^^^^^^^^^^^^^^^^^^^^^^^^^^^^^^^^^^^^^^^
  File "/Users/hamdy/Desktop/Work Code/My Project Code/SYSeducore/.venv/lib/python3.14/site-packages/django/db/models/expressions.py", line 902, in resolve_expression
    return query.resolve_ref(self.name, allow_joins, reuse, summarize)
           ~~~~~~~~~~~~~~~~~^^^^^^^^^^^^^^^^^^^^^^^^^^^^^^^^^^^^^^^^^^
  File "/Users/hamdy/Desktop/Work Code/My Project Code/SYSeducore/.venv/lib/python3.14/site-packages/django/db/models/sql/query.py", line 2066, in resolve_ref
    transform = join_info.transform_function(targets[0], final_alias)
  File "/Users/hamdy/Desktop/Work Code/My Project Code/SYSeducore/.venv/lib/python3.14/site-packages/django/db/models/sql/query.py", line 1924, in transform
    return self.try_transform(wrapped, name)
           ~~~~~~~~~~~~~~~~~~^^^^^^^^^^^^^^^
  File "/Users/hamdy/Desktop/Work Code/My Project Code/SYSeducore/.venv/lib/python3.14/site-packages/django/db/models/sql/query.py", line 1458, in try_transform
    raise FieldError(
    ...<2 lines>...
    )
django.core.exceptions.FieldError: Unsupported lookup 'attendance' for AutoField or join on the field not permitted.
"GET /reports/ HTTP/1.1" 500 147486
Internal Server Error: /reports/
Traceback (most recent call last):
  File "/Users/hamdy/Desktop/Work Code/My Project Code/SYSeducore/.venv/lib/python3.14/site-packages/django/core/handlers/exception.py", line 55, in inner
    response = get_response(request)
  File "/Users/hamdy/Desktop/Work Code/My Project Code/SYSeducore/.venv/lib/python3.14/site-packages/django/core/handlers/base.py", line 197, in _get_response
    response = wrapped_callback(request, *callback_args, **callback_kwargs)
  File "/Users/hamdy/Desktop/Work Code/My Project Code/SYSeducore/.venv/lib/python3.14/site-packages/django/contrib/auth/decorators.py", line 59, in _view_wrapper
    return view_func(request, *args, **kwargs)
  File "/Users/hamdy/Desktop/Work Code/My Project Code/SYSeducore/apps/reports/views.py", line 131, in dashboard
    top_groups = Group.objects.filter(is_active=True).annotate(
                 ~~~~~~~~~~~~~~~~~~~~~~~~~~~~~~~~~~~~~~~~~~~~~^
        attendance_count=Count('sessions__attendance')
        ^^^^^^^^^^^^^^^^^^^^^^^^^^^^^^^^^^^^^^^^^^^^^^
    ).order_by('-attendance_count')[:5]
    ^
  File "/Users/hamdy/Desktop/Work Code/My Project Code/SYSeducore/.venv/lib/python3.14/site-packages/django/db/models/query.py", line 1654, in annotate
    return self._annotate(args, kwargs, select=True)
           ~~~~~~~~~~~~~~^^^^^^^^^^^^^^^^^^^^^^^^^^^
  File "/Users/hamdy/Desktop/Work Code/My Project Code/SYSeducore/.venv/lib/python3.14/site-packages/django/db/models/query.py", line 1706, in _annotate
    clone.query.add_annotation(
    ~~~~~~~~~~~~~~~~~~~~~~~~~~^
        annotation,
        ^^^^^^^^^^^
        alias,
        ^^^^^^
        select=select,
        ^^^^^^^^^^^^^^
    )
    ^
  File "/Users/hamdy/Desktop/Work Code/My Project Code/SYSeducore/.venv/lib/python3.14/site-packages/django/db/models/sql/query.py", line 1218, in add_annotation
    annotation = annotation.resolve_expression(self, allow_joins=True, reuse=None)
  File "/Users/hamdy/Desktop/Work Code/My Project Code/SYSeducore/.venv/lib/python3.14/site-packages/django/db/models/aggregates.py", line 176, in resolve_expression
    result = super().resolve_expression(*args, **kwargs)
  File "/Users/hamdy/Desktop/Work Code/My Project Code/SYSeducore/.venv/lib/python3.14/site-packages/django/db/models/aggregates.py", line 63, in resolve_expression
    c = super().resolve_expression(query, allow_joins, reuse, summarize)
  File "/Users/hamdy/Desktop/Work Code/My Project Code/SYSeducore/.venv/lib/python3.14/site-packages/django/db/models/expressions.py", line 300, in resolve_expression
    expr.resolve_expression(query, allow_joins, reuse, summarize, for_save)
    ~~~~~~~~~~~~~~~~~~~~~~~^^^^^^^^^^^^^^^^^^^^^^^^^^^^^^^^^^^^^^^^^^^^^^^^
  File "/Users/hamdy/Desktop/Work Code/My Project Code/SYSeducore/.venv/lib/python3.14/site-packages/django/db/models/expressions.py", line 902, in resolve_expression
    return query.resolve_ref(self.name, allow_joins, reuse, summarize)
           ~~~~~~~~~~~~~~~~~^^^^^^^^^^^^^^^^^^^^^^^^^^^^^^^^^^^^^^^^^^
  File "/Users/hamdy/Desktop/Work Code/My Project Code/SYSeducore/.venv/lib/python3.14/site-packages/django/db/models/sql/query.py", line 2066, in resolve_ref
    transform = join_info.transform_function(targets[0], final_alias)
  File "/Users/hamdy/Desktop/Work Code/My Project Code/SYSeducore/.venv/lib/python3.14/site-packages/django/db/models/sql/query.py", line 1924, in transform
    return self.try_transform(wrapped, name)
           ~~~~~~~~~~~~~~~~~~^^^^^^^^^^^^^^^
  File "/Users/hamdy/Desktop/Work Code/My Project Code/SYSeducore/.venv/lib/python3.14/site-packages/django/db/models/sql/query.py", line 1458, in try_transform
    raise FieldError(
    ...<2 lines>...
    )
django.core.exceptions.FieldError: Unsupported lookup 'attendance' for AutoField or join on the field not permitted.
"GET /reports/ HTTP/1.1" 500 147478
"GET /students/60/id-card/ HTTP/1.1" 200 28873
/Users/hamdy/Desktop/Work Code/My Project Code/SYSeducore/apps/reports/views.py changed, reloading.
Watching for file changes with StatReloader
"GET /reports/ HTTP/1.1" 200 52142
"GET /reports/attendance/ HTTP/1.1" 200 52802
"GET /reports/payments/ HTTP/1.1" 200 63200
"GET /reports/financial/ HTTP/1.1" 200 25206
"GET /students/ HTTP/1.1" 200 512677
"GET /students/create/ HTTP/1.1" 200 36955
"GET /students/api/next-code/ HTTP/1.1" 200 38
"GET /students/api/next-code/ HTTP/1.1" 200 38
"GET /students/api/next-code/ HTTP/1.1" 200 38
"GET /teachers/ HTTP/1.1" 200 26120
"GET /teachers/create/ HTTP/1.1" 200 15692
"GET /teachers/ HTTP/1.1" 200 26120
"GET /accounts/logout/ HTTP/1.1" 302 0
"GET /accounts/login/ HTTP/1.1" 200 5985
"POST /accounts/login/ HTTP/1.1" 302 0
"GET /reports/ HTTP/1.1" 200 52407
"GET /attendance/scanner/ HTTP/1.1" 200 57737
"GET /attendance/api/today-stats/ HTTP/1.1" 200 72
"GET /attendance/api/today-sessions/ HTTP/1.1" 200 397
"GET /students/ HTTP/1.1" 200 512677
"GET /students/60/ HTTP/1.1" 200 40360
"GET /students/api/60/available-groups/ HTTP/1.1" 200 3480
"GET /students/60/id-card/ HTTP/1.1" 200 28873
"GET /students/create/ HTTP/1.1" 200 36955
"GET /students/api/next-code/ HTTP/1.1" 200 38
"GET /students/ HTTP/1.1" 200 512677
"GET /teachers/ HTTP/1.1" 200 26120
"GET /teachers/create/ HTTP/1.1" 200 15692
"GET /teachers/ HTTP/1.1" 200 26120
"GET /teachers/rooms/ HTTP/1.1" 200 46900
"GET /teachers/api/rooms/2/ HTTP/1.1" 200 251
"GET /teachers/api/rooms/6/ HTTP/1.1" 200 925
"GET /teachers/api/rooms/3/ HTTP/1.1" 200 927
"GET /teachers/api/rooms/7/ HTTP/1.1" 200 1010
"GET /teachers/api/rooms/1/ HTTP/1.1" 200 1546
"GET /teachers/api/rooms/8/ HTTP/1.1" 200 1593
"GET /teachers/api/rooms/5/ HTTP/1.1" 200 251
"GET /teachers/api/rooms/4/ HTTP/1.1" 200 2322
"GET /teachers/rooms/8/ HTTP/1.1" 200 26994
"GET /teachers/rooms/ HTTP/1.1" 200 46900
"GET /teachers/api/rooms/2/ HTTP/1.1" 200 251
"GET /teachers/api/rooms/7/ HTTP/1.1" 200 1010
"GET /teachers/api/rooms/6/ HTTP/1.1" 200 925
"GET /teachers/api/rooms/8/ HTTP/1.1" 200 1593
"GET /teachers/api/rooms/1/ HTTP/1.1" 200 1546
"GET /teachers/api/rooms/3/ HTTP/1.1" 200 927
"GET /teachers/api/rooms/4/ HTTP/1.1" 200 2322
"GET /teachers/api/rooms/5/ HTTP/1.1" 200 251
"GET /teachers/rooms/create/ HTTP/1.1" 200 14535
"GET /teachers/rooms/ HTTP/1.1" 200 46900
"GET /teachers/api/rooms/8/ HTTP/1.1" 200 1593
"GET /teachers/api/rooms/2/ HTTP/1.1" 200 251
"GET /teachers/api/rooms/7/ HTTP/1.1" 200 1010
"GET /teachers/api/rooms/6/ HTTP/1.1" 200 925
"GET /teachers/api/rooms/3/ HTTP/1.1" 200 927
"GET /teachers/api/rooms/5/ HTTP/1.1" 200 251
"GET /teachers/api/rooms/1/ HTTP/1.1" 200 1546
"GET /teachers/api/rooms/4/ HTTP/1.1" 200 2322
"GET /teachers/groups/ HTTP/1.1" 200 31642
"GET /teachers/groups/create/ HTTP/1.1" 200 17552
"GET /teachers/groups/ HTTP/1.1" 200 31642
"GET /payments/ HTTP/1.1" 200 418305
"GET /reports/attendance/ HTTP/1.1" 200 52802
"GET /reports/payments/ HTTP/1.1" 200 63200
"GET /reports/financial/ HTTP/1.1" 200 25206
"GET /reports/payments/ HTTP/1.1" 200 63200
Watching for file changes with StatReloader
"GET / HTTP/1.1" 302 0
"GET /reports/ HTTP/1.1" 302 0
"GET /accounts/login/?next=/reports/ HTTP/1.1" 200 5796
"POST /accounts/login/ HTTP/1.1" 302 0
Internal Server Error: /reports/
Traceback (most recent call last):
  File "/Users/hamdy/Desktop/Work Code/My Project Code/SYSeducore/.venv/lib/python3.14/site-packages/django/db/backends/utils.py", line 105, in _execute
    return self.cursor.execute(sql, params)
           ~~~~~~~~~~~~~~~~~~~^^^^^^^^^^^^^
  File "/Users/hamdy/Desktop/Work Code/My Project Code/SYSeducore/.venv/lib/python3.14/site-packages/django/db/backends/sqlite3/base.py", line 360, in execute
    return super().execute(query, params)
           ~~~~~~~~~~~~~~~^^^^^^^^^^^^^^^
sqlite3.OperationalError: no such column: groups.duration_minutes

The above exception was the direct cause of the following exception:

Traceback (most recent call last):
  File "/Users/hamdy/Desktop/Work Code/My Project Code/SYSeducore/.venv/lib/python3.14/site-packages/django/core/handlers/exception.py", line 55, in inner
    response = get_response(request)
  File "/Users/hamdy/Desktop/Work Code/My Project Code/SYSeducore/.venv/lib/python3.14/site-packages/django/core/handlers/base.py", line 197, in _get_response
    response = wrapped_callback(request, *callback_args, **callback_kwargs)
  File "/Users/hamdy/Desktop/Work Code/My Project Code/SYSeducore/.venv/lib/python3.14/site-packages/django/contrib/auth/decorators.py", line 59, in _view_wrapper
    return view_func(request, *args, **kwargs)
  File "/Users/hamdy/Desktop/Work Code/My Project Code/SYSeducore/apps/reports/views.py", line 107, in dashboard
    for group in Group.objects.filter(is_active=True).select_related('teacher', 'room')[:5]:
                 ~~~~~~~~~~~~~~~~~~~~~~~~~~~~~~~~~~~~~~~~~~~~~~~~~~~~~~~~~~~~~~~~~~~~~~^^^^
  File "/Users/hamdy/Desktop/Work Code/My Project Code/SYSeducore/.venv/lib/python3.14/site-packages/django/db/models/query.py", line 386, in __iter__
    self._fetch_all()
    ~~~~~~~~~~~~~~~^^
  File "/Users/hamdy/Desktop/Work Code/My Project Code/SYSeducore/.venv/lib/python3.14/site-packages/django/db/models/query.py", line 1954, in _fetch_all
    self._result_cache = list(self._iterable_class(self))
                         ~~~~^^^^^^^^^^^^^^^^^^^^^^^^^^^^
  File "/Users/hamdy/Desktop/Work Code/My Project Code/SYSeducore/.venv/lib/python3.14/site-packages/django/db/models/query.py", line 93, in __iter__
    results = compiler.execute_sql(
        chunked_fetch=self.chunked_fetch, chunk_size=self.chunk_size
    )
  File "/Users/hamdy/Desktop/Work Code/My Project Code/SYSeducore/.venv/lib/python3.14/site-packages/django/db/models/sql/compiler.py", line 1623, in execute_sql
    cursor.execute(sql, params)
    ~~~~~~~~~~~~~~^^^^^^^^^^^^^
  File "/Users/hamdy/Desktop/Work Code/My Project Code/SYSeducore/.venv/lib/python3.14/site-packages/django/db/backends/utils.py", line 122, in execute
    return super().execute(sql, params)
           ~~~~~~~~~~~~~~~^^^^^^^^^^^^^
  File "/Users/hamdy/Desktop/Work Code/My Project Code/SYSeducore/.venv/lib/python3.14/site-packages/django/db/backends/utils.py", line 79, in execute
    return self._execute_with_wrappers(
           ~~~~~~~~~~~~~~~~~~~~~~~~~~~^
        sql, params, many=False, executor=self._execute
        ^^^^^^^^^^^^^^^^^^^^^^^^^^^^^^^^^^^^^^^^^^^^^^^
    )
    ^
  File "/Users/hamdy/Desktop/Work Code/My Project Code/SYSeducore/.venv/lib/python3.14/site-packages/django/db/backends/utils.py", line 92, in _execute_with_wrappers
    return executor(sql, params, many, context)
  File "/Users/hamdy/Desktop/Work Code/My Project Code/SYSeducore/.venv/lib/python3.14/site-packages/django/db/backends/utils.py", line 100, in _execute
    with self.db.wrap_database_errors:
         ^^^^^^^^^^^^^^^^^^^^^^^^^^^^
  File "/Users/hamdy/Desktop/Work Code/My Project Code/SYSeducore/.venv/lib/python3.14/site-packages/django/db/utils.py", line 91, in __exit__
    raise dj_exc_value.with_traceback(traceback) from exc_value
  File "/Users/hamdy/Desktop/Work Code/My Project Code/SYSeducore/.venv/lib/python3.14/site-packages/django/db/backends/utils.py", line 105, in _execute
    return self.cursor.execute(sql, params)
           ~~~~~~~~~~~~~~~~~~~^^^^^^^^^^^^^
  File "/Users/hamdy/Desktop/Work Code/My Project Code/SYSeducore/.venv/lib/python3.14/site-packages/django/db/backends/sqlite3/base.py", line 360, in execute
    return super().execute(query, params)
           ~~~~~~~~~~~~~~~^^^^^^^^^^^^^^^
django.db.utils.OperationalError: no such column: groups.duration_minutes
"GET /reports/ HTTP/1.1" 500 166273
/Users/hamdy/Desktop/Work Code/My Project Code/SYSeducore/apps/students/api_views.py changed, reloading.
Watching for file changes with StatReloader
/Users/hamdy/Desktop/Work Code/My Project Code/SYSeducore/apps/teachers/api_views.py changed, reloading.
Watching for file changes with StatReloader
/Users/hamdy/Desktop/Work Code/My Project Code/SYSeducore/apps/teachers/api_views.py changed, reloading.
Watching for file changes with StatReloader
/Users/hamdy/Desktop/Work Code/My Project Code/SYSeducore/apps/teachers/api_views.py changed, reloading.
Watching for file changes with StatReloader
Not Found: /superadmin/subjects
"GET /superadmin/subjects HTTP/1.1" 404 4084
/Users/hamdy/Desktop/Work Code/My Project Code/SYSeducore/apps/notifications/views.py changed, reloading.
Watching for file changes with StatReloader
/Users/hamdy/Desktop/Work Code/My Project Code/SYSeducore/apps/teachers/api_views.py changed, reloading.
Watching for file changes with StatReloader
/Users/hamdy/Desktop/Work Code/My Project Code/SYSeducore/apps/notifications/urls.py changed, reloading.
Watching for file changes with StatReloader
/Users/hamdy/Desktop/Work Code/My Project Code/SYSeducore/apps/notifications/urls.py changed, reloading.
Watching for file changes with StatReloader
Watching for file changes with StatReloader
"GET / HTTP/1.1" 302 0
"GET /reports/ HTTP/1.1" 200 57229
"GET /static/sw.js HTTP/1.1" 200 2183
"GET /static/css/base.css HTTP/1.1" 200 3082
"GET /static/js/main.js HTTP/1.1" 200 6676
"GET / HTTP/1.1" 302 0
"GET /static/manifest.json HTTP/1.1" 200 732
"GET /reports/ HTTP/1.1" 200 56964
"GET /static/icons/icon-192.png HTTP/1.1" 404 1981
"GET /attendance/scanner/ HTTP/1.1" 200 58758
"GET /attendance/api/today-stats/ HTTP/1.1" 200 72
"GET /attendance/api/today-sessions/ HTTP/1.1" 200 33
"GET /static/icons/icon-192.png HTTP/1.1" 404 1981
"GET /students/ HTTP/1.1" 200 523012
"GET /static/icons/icon-192.png HTTP/1.1" 404 1981
"GET /students/60/update/ HTTP/1.1" 200 42841
"GET /static/icons/icon-192.png HTTP/1.1" 404 1981
"GET /teachers/ HTTP/1.1" 200 27141
"GET /static/icons/icon-192.png HTTP/1.1" 404 1981
"GET /teachers/rooms/ HTTP/1.1" 200 47921
"GET /teachers/api/rooms/3/ HTTP/1.1" 200 999
"GET /teachers/api/rooms/7/ HTTP/1.1" 200 1082
"GET /teachers/api/rooms/2/ HTTP/1.1" 200 251
"GET /teachers/api/rooms/8/ HTTP/1.1" 200 1737
"GET /teachers/api/rooms/6/ HTTP/1.1" 200 997
"GET /teachers/api/rooms/1/ HTTP/1.1" 200 1690
"GET /teachers/api/rooms/4/ HTTP/1.1" 200 2538
"GET /teachers/api/rooms/5/ HTTP/1.1" 200 251
"GET /static/icons/icon-192.png HTTP/1.1" 404 1981
